scenario_index,start,destination,preference,time_budget,solver,reward,optimal_reward,optimality_gap_percent,travel_minutes,study_minutes,total_minutes,visited_count,feasible,runtime_ms,route
1,Rodin College House,Towne Building,Quiet,45.0,exact_dynamic_programming,11.0,11.0,0.0,12.2923,25.0,37.2923,1,True,0.0927,Rodin College House -> Van Pelt Library -> Towne Building
1,Rodin College House,Towne Building,Quiet,45.0,greedy_reward_per_minute,11.0,11.0,0.0,12.2923,25.0,37.2923,1,True,0.0193,Rodin College House -> Van Pelt Library -> Towne Building
1,Rodin College House,Towne Building,Quiet,45.0,nearest,4.8,11.0,56.3636,13.4111,20.0,33.4111,1,True,0.0106,Rodin College House -> Huntsman Hall -> Towne Building
2,Rodin College House,Towne Building,Quiet,60.0,exact_dynamic_programming,18.0,18.0,0.0,14.4663,45.0,59.4663,2,True,0.095,Rodin College House -> Van Pelt Library -> Levine Hall -> Towne Building
2,Rodin College House,Towne Building,Quiet,60.0,greedy_reward_per_minute,18.0,18.0,0.0,14.4663,45.0,59.4663,2,True,0.0174,Rodin College House -> Van Pelt Library -> Levine Hall -> Towne Building
2,Rodin College House,Towne Building,Quiet,60.0,nearest,15.8,18.0,12.2222,13.4157,45.0,58.4157,2,True,0.0134,Rodin College House -> Huntsman Hall -> Van Pelt Library -> Towne Building
3,Rodin College House,Towne Building,Quiet,90.0,exact_dynamic_programming,28.8,28.8,0.0,15.7732,70.0,85.7732,3,True,0.1596,Rodin College House -> Van Pelt Library -> Fisher Fine Arts Library -> Levine Hall -> Towne Building
3,Rodin College House,Towne Building,Quiet,90.0,greedy_reward_per_minute,28.8,28.8,0.0,15.7732,70.0,85.7732,3,True,0.0193,Rodin College House -> Van Pelt Library -> Fisher Fine Arts Library -> Levine Hall -> Towne Building
3,Rodin College House,Towne Building,Quiet,90.0,nearest,26.6,28.8,7.6389,14.456,70.0,84.456,3,True,0.0116,Rodin College House -> Huntsman Hall -> Van Pelt Library -> Fisher Fine Arts Library -> Towne Building
4,Rodin College House,Towne Building,Collaborative,45.0,exact_dynamic_programming,10.8,10.8,0.0,13.4111,20.0,33.4111,1,True,0.0802,Rodin College House -> Huntsman Hall -> Towne Building
4,Rodin College House,Towne Building,Collaborative,45.0,greedy_reward_per_minute,10.8,10.8,0.0,13.4111,20.0,33.4111,1,True,0.0283,Rodin College House -> Huntsman Hall -> Towne Building
4,Rodin College House,Towne Building,Collaborative,45.0,nearest,10.8,10.8,0.0,13.4111,20.0,33.4111,1,True,0.008,Rodin College House -> Huntsman Hall -> Towne Building
5,Rodin College House,Towne Building,Collaborative,60.0,exact_dynamic_programming,21.4,21.4,0.0,15.6532,40.0,55.6532,2,True,0.09,Rodin College House -> Huntsman Hall -> Houston Hall -> Towne Building
5,Rodin College House,Towne Building,Collaborative,60.0,greedy_reward_per_minute,21.4,21.4,0.0,15.6532,40.0,55.6532,2,True,0.0161,Rodin College House -> Huntsman Hall -> Houston Hall -> Towne Building
5,Rodin College House,Towne Building,Collaborative,60.0,nearest,17.8,21.4,16.8224,13.4157,45.0,58.4157,2,True,0.0098,Rodin College House -> Huntsman Hall -> Van Pelt Library -> Towne Building
6,Rodin College House,Towne Building,Collaborative,90.0,exact_dynamic_programming,30.4,30.4,0.0,18.0938,60.0,78.0938,3,True,0.1419,Rodin College House -> Huntsman Hall -> Houston Hall -> Levine Hall -> Towne Building
6,Rodin College House,Towne Building,Collaborative,90.0,greedy_reward_per_minute,30.4,30.4,0.0,18.0938,60.0,78.0938,3,True,0.0186,Rodin College House -> Huntsman Hall -> Houston Hall -> Levine Hall -> Towne Building
6,Rodin College House,Towne Building,Collaborative,90.0,nearest,22.6,30.4,25.6579,14.456,70.0,84.456,3,True,0.0111,Rodin College House -> Huntsman Hall -> Van Pelt Library -> Fisher Fine Arts Library -> Towne Building
7,Rodin College House,Towne Building,Coffee nearby,45.0,exact_dynamic_programming,10.6,10.6,0.0,13.4487,20.0,33.4487,1,True,0.09,Rodin College House -> Houston Hall -> Towne Building
7,Rodin College House,Towne Building,Coffee nearby,45.0,greedy_reward_per_minute,10.6,10.6,0.0,13.4487,20.0,33.4487,1,True,0.0129,Rodin College House -> Houston Hall -> Towne Building
7,Rodin College House,Towne Building,Coffee nearby,45.0,nearest,8.8,10.6,16.9811,13.4111,20.0,33.4111,1,True,0.0082,Rodin College House -> Huntsman Hall -> Towne Building
8,Rodin College House,Towne Building,Coffee nearby,60.0,exact_dynamic_programming,19.4,19.4,0.0,15.6532,40.0,55.6532,2,True,0.0908,Rodin College House -> Huntsman Hall -> Houston Hall -> Towne Building
8,Rodin College House,Towne Building,Coffee nearby,60.0,greedy_reward_per_minute,17.6,19.4,9.2784,15.8893,40.0,55.8893,2,True,0.0152,Rodin College House -> Houston Hall -> Levine Hall -> Towne Building
8,Rodin College House,Towne Building,Coffee nearby,60.0,nearest,15.8,19.4,18.5567,13.4157,45.0,58.4157,2,True,0.0096,Rodin College House -> Huntsman Hall -> Van Pelt Library -> Towne Building
9,Rodin College House,Towne Building,Coffee nearby,90.0,exact_dynamic_programming,26.4,26.4,0.0,18.0938,60.0,78.0938,3,True,0.1415,Rodin College House -> Huntsman Hall -> Houston Hall -> Levine Hall -> Towne Building
9,Rodin College House,Towne Building,Coffee nearby,90.0,greedy_reward_per_minute,24.6,26.4,6.8182,21.5777,65.0,86.5777,3,True,0.0184,Rodin College House -> Houston Hall -> Levine Hall -> Van Pelt Library -> Towne Building
9,Rodin College House,Towne Building,Coffee nearby,90.0,nearest,20.6,26.4,21.9697,14.456,70.0,84.456,3,True,0.0115,Rodin College House -> Huntsman Hall -> Van Pelt Library -> Fisher Fine Arts Library -> Towne Building
10,Rodin College House,Towne Building,Power outlets,45.0,exact_dynamic_programming,11.0,11.0,0.0,14.0121,20.0,34.0121,1,True,0.0794,Rodin College House -> Levine Hall -> Towne Building
10,Rodin College House,Towne Building,Power outlets,45.0,greedy_reward_per_minute,11.0,11.0,0.0,14.0121,20.0,34.0121,1,True,0.0124,Rodin College House -> Levine Hall -> Towne Building
10,Rodin College House,Towne Building,Power outlets,45.0,nearest,8.8,11.0,20.0,13.4111,20.0,33.4111,1,True,0.0079,Rodin College House -> Huntsman Hall -> Towne Building
11,Rodin College House,Towne Building,Power outlets,60.0,exact_dynamic_programming,22.0,22.0,0.0,14.4663,45.0,59.4663,2,True,0.0882,Rodin College House -> Van Pelt Library -> Levine Hall -> Towne Building
11,Rodin College House,Towne Building,Power outlets,60.0,greedy_reward_per_minute,11.0,22.0,50.0,14.0121,20.0,34.0121,1,True,0.0123,Rodin College House -> Levine Hall -> Towne Building
11,Rodin College House,Towne Building,Power outlets,60.0,nearest,19.8,22.0,10.0,13.4157,45.0,58.4157,2,True,0.0096,Rodin College House -> Huntsman Hall -> Van Pelt Library -> Towne Building
12,Rodin College House,Towne Building,Power outlets,90.0,exact_dynamic_programming,33.0,33.0,0.0,19.0001,70.0,89.0001,3,True,0.1533,Rodin College House -> Holman Biotech Commons -> Van Pelt Library -> Levine Hall -> Towne Building
12,Rodin College House,Towne Building,Power outlets,90.0,greedy_reward_per_minute,28.6,33.0,13.3333,22.7802,65.0,87.7802,3,True,0.018,Rodin College House -> Levine Hall -> Van Pelt Library -> Houston Hall -> Towne Building
12,Rodin College House,Towne Building,Power outlets,90.0,nearest,28.6,33.0,13.3333,14.456,70.0,84.456,3,True,0.0114,Rodin College House -> Huntsman Hall -> Van Pelt Library -> Fisher Fine Arts Library -> Towne Building
13,Rodin College House,Towne Building,No preference,45.0,exact_dynamic_programming,9.0,9.0,0.0,12.2923,25.0,37.2923,1,True,0.0817,Rodin College House -> Van Pelt Library -> Towne Building
13,Rodin College House,Towne Building,No preference,45.0,greedy_reward_per_minute,8.3,9.0,7.7778,13.4111,20.0,33.4111,1,True,0.0129,Rodin College House -> Huntsman Hall -> Towne Building
13,Rodin College House,Towne Building,No preference,45.0,nearest,8.3,9.0,7.7778,13.4111,20.0,33.4111,1,True,0.0076,Rodin College House -> Huntsman Hall -> Towne Building
14,Rodin College House,Towne Building,No preference,60.0,exact_dynamic_programming,17.5,17.5,0.0,14.4663,45.0,59.4663,2,True,0.0903,Rodin College House -> Van Pelt Library -> Levine Hall -> Towne Building
14,Rodin College House,Towne Building,No preference,60.0,greedy_reward_per_minute,16.8,17.5,4.0,14.5412,40.0,54.5412,2,True,0.0158,Rodin College House -> Huntsman Hall -> Levine Hall -> Towne Building
14,Rodin College House,Towne Building,No preference,60.0,nearest,17.3,17.5,1.1429,13.4157,45.0,58.4157,2,True,0.0092,Rodin College House -> Huntsman Hall -> Van Pelt Library -> Towne Building
15,Rodin College House,Towne Building,No preference,90.0,exact_dynamic_programming,26.5,26.5,0.0,19.0001,70.0,89.0001,3,True,0.1353,Rodin College House -> Holman Biotech Commons -> Van Pelt Library -> Levine Hall -> Towne Building
15,Rodin College House,Towne Building,No preference,90.0,greedy_reward_per_minute,24.9,26.5,6.0377,21.088,60.0,81.088,3,True,0.0184,Rodin College House -> Huntsman Hall -> Levine Hall -> Houston Hall -> Towne Building
15,Rodin College House,Towne Building,No preference,90.0,nearest,24.6,26.5,7.1698,14.456,70.0,84.456,3,True,0.0105,Rodin College House -> Huntsman Hall -> Van Pelt Library -> Fisher Fine Arts Library -> Towne Building
16,Rodin College House,Moore School Building,Quiet,45.0,exact_dynamic_programming,11.0,11.0,0.0,12.7198,25.0,37.7198,1,True,0.1539,Rodin College House -> Van Pelt Library -> Moore School Building
16,Rodin College House,Moore School Building,Quiet,45.0,greedy_reward_per_minute,11.0,11.0,0.0,12.7198,25.0,37.7198,1,True,0.0128,Rodin College House -> Van Pelt Library -> Moore School Building
16,Rodin College House,Moore School Building,Quiet,45.0,nearest,4.8,11.0,56.3636,12.7948,20.0,32.7948,1,True,0.0079,Rodin College House -> Huntsman Hall -> Moore School Building
17,Rodin College House,Moore School Building,Quiet,60.0,exact_dynamic_programming,18.0,18.0,0.0,13.9683,45.0,58.9683,2,True,0.1635,Rodin College House -> Van Pelt Library -> Levine Hall -> Moore School Building
17,Rodin College House,Moore School Building,Quiet,60.0,greedy_reward_per_minute,18.0,18.0,0.0,13.9683,45.0,58.9683,2,True,0.015,Rodin College House -> Van Pelt Library -> Levine Hall -> Moore School Building
17,Rodin College House,Moore School Building,Quiet,60.0,nearest,15.8,18.0,12.2222,13.8432,45.0,58.8432,2,True,0.0094,Rodin College House -> Huntsman Hall -> Van Pelt Library -> Moore School Building
18,Rodin College House,Moore School Building,Quiet,90.0,exact_dynamic_programming,28.8,28.8,0.0,15.2752,70.0,85.2752,3,True,0.2583,Rodin College House -> Van Pelt Library -> Fisher Fine Arts Library -> Levine Hall -> Moore School Building
18,Rodin College House,Moore School Building,Quiet,90.0,greedy_reward_per_minute,28.8,28.8,0.0,15.2752,70.0,85.2752,3,True,0.0196,Rodin College House -> Van Pelt Library -> Fisher Fine Arts Library -> Levine Hall -> Moore School Building
18,Rodin College House,Moore School Building,Quiet,90.0,nearest,26.6,28.8,7.6389,15.5778,70.0,85.5778,3,True,0.0114,Rodin College House -> Huntsman Hall -> Van Pelt Library -> Fisher Fine Arts Library -> Moore School Building
19,Rodin College House,Moore School Building,Collaborative,45.0,exact_dynamic_programming,10.8,10.8,0.0,12.7948,20.0,32.7948,1,True,0.1691,Rodin College House -> Huntsman Hall -> Moore School Building
19,Rodin College House,Moore School Building,Collaborative,45.0,greedy_reward_per_minute,10.8,10.8,0.0,12.7948,20.0,32.7948,1,True,0.0139,Rodin College House -> Huntsman Hall -> Moore School Building
19,Rodin College House,Moore School Building,Collaborative,45.0,nearest,10.8,10.8,0.0,12.7948,20.0,32.7948,1,True,0.008,Rodin College House -> Huntsman Hall -> Moore School Building
20,Rodin College House,Moore School Building,Collaborative,60.0,exact_dynamic_programming,21.4,21.4,0.0,17.1388,40.0,57.1388,2,True,0.1786,Rodin College House -> Huntsman Hall -> Houston Hall -> Moore School Building
20,Rodin College House,Moore School Building,Collaborative,60.0,greedy_reward_per_minute,21.4,21.4,0.0,17.1388,40.0,57.1388,2,True,0.0163,Rodin College House -> Huntsman Hall -> Houston Hall -> Moore School Building
20,Rodin College House,Moore School Building,Collaborative,60.0,nearest,17.8,21.4,16.8224,13.8432,45.0,58.8432,2,True,0.0099,Rodin College House -> Huntsman Hall -> Van Pelt Library -> Moore School Building
21,Rodin College House,Moore School Building,Collaborative,90.0,exact_dynamic_programming,30.4,30.4,0.0,17.5958,60.0,77.5958,3,True,0.28,Rodin College House -> Huntsman Hall -> Houston Hall -> Levine Hall -> Moore School Building
21,Rodin College House,Moore School Building,Collaborative,90.0,greedy_reward_per_minute,30.4,30.4,0.0,17.5958,60.0,77.5958,3,True,0.021,Rodin College House -> Huntsman Hall -> Houston Hall -> Levine Hall -> Moore School Building
21,Rodin College House,Moore School Building,Collaborative,90.0,nearest,22.6,30.4,25.6579,15.5778,70.0,85.5778,3,True,0.0122,Rodin College House -> Huntsman Hall -> Van Pelt Library -> Fisher Fine Arts Library -> Moore School Building
22,Rodin College House,Moore School Building,Coffee nearby,45.0,exact_dynamic_programming,10.6,10.6,0.0,14.9343,20.0,34.9343,1,True,0.165,Rodin College House -> Houston Hall -> Moore School Building
22,Rodin College House,Moore School Building,Coffee nearby,45.0,greedy_reward_per_minute,10.6,10.6,0.0,14.9343,20.0,34.9343,1,True,0.013,Rodin College House -> Houston Hall -> Moore School Building
22,Rodin College House,Moore School Building,Coffee nearby,45.0,nearest,8.8,10.6,16.9811,12.7948,20.0,32.7948,1,True,0.0084,Rodin College House -> Huntsman Hall -> Moore School Building
23,Rodin College House,Moore School Building,Coffee nearby,60.0,exact_dynamic_programming,19.4,19.4,0.0,17.1388,40.0,57.1388,2,True,0.1835,Rodin College House -> Huntsman Hall -> Houston Hall -> Moore School Building
23,Rodin College House,Moore School Building,Coffee nearby,60.0,greedy_reward_per_minute,17.6,19.4,9.2784,15.3913,40.0,55.3913,2,True,0.0154,Rodin College House -> Houston Hall -> Levine Hall -> Moore School Building
23,Rodin College House,Moore School Building,Coffee nearby,60.0,nearest,15.8,19.4,18.5567,13.8432,45.0,58.8432,2,True,0.0102,Rodin College House -> Huntsman Hall -> Van Pelt Library -> Moore School Building
24,Rodin College House,Moore School Building,Coffee nearby,90.0,exact_dynamic_programming,26.4,26.4,0.0,17.5958,60.0,77.5958,3,True,0.2765,Rodin College House -> Huntsman Hall -> Houston Hall -> Levine Hall -> Moore School Building
24,Rodin College House,Moore School Building,Coffee nearby,90.0,greedy_reward_per_minute,26.4,26.4,0.0,29.4983,60.0,89.4983,3,True,0.0206,Rodin College House -> Houston Hall -> Levine Hall -> Huntsman Hall -> Moore School Building
24,Rodin College House,Moore School Building,Coffee nearby,90.0,nearest,20.6,26.4,21.9697,15.5778,70.0,85.5778,3,True,0.0122,Rodin College House -> Huntsman Hall -> Van Pelt Library -> Fisher Fine Arts Library -> Moore School Building
25,Rodin College House,Moore School Building,Power outlets,45.0,exact_dynamic_programming,11.0,11.0,0.0,13.5141,20.0,33.5141,1,True,0.1526,Rodin College House -> Levine Hall -> Moore School Building
25,Rodin College House,Moore School Building,Power outlets,45.0,greedy_reward_per_minute,11.0,11.0,0.0,13.5141,20.0,33.5141,1,True,0.0129,Rodin College House -> Levine Hall -> Moore School Building
25,Rodin College House,Moore School Building,Power outlets,45.0,nearest,8.8,11.0,20.0,12.7948,20.0,32.7948,1,True,0.0082,Rodin College House -> Huntsman Hall -> Moore School Building
26,Rodin College House,Moore School Building,Power outlets,60.0,exact_dynamic_programming,22.0,22.0,0.0,13.9683,45.0,58.9683,2,True,0.1658,Rodin College House -> Van Pelt Library -> Levine Hall -> Moore School Building
26,Rodin College House,Moore School Building,Power outlets,60.0,greedy_reward_per_minute,19.8,22.0,10.0,16.0529,40.0,56.0529,2,True,0.0152,Rodin College House -> Levine Hall -> Towne Building -> Moore School Building
26,Rodin College House,Moore School Building,Power outlets,60.0,nearest,19.8,22.0,10.0,13.8432,45.0,58.8432,2,True,0.0101,Rodin College House -> Huntsman Hall -> Van Pelt Library -> Moore School Building
27,Rodin College House,Moore School Building,Power outlets,90.0,exact_dynamic_programming,33.0,33.0,0.0,18.5021,70.0,88.5021,3,True,0.2625,Rodin College House -> Holman Biotech Commons -> Van Pelt Library -> Levine Hall -> Moore School Building
27,Rodin College House,Moore School Building,Power outlets,90.0,greedy_reward_per_minute,30.8,33.0,6.6667,22.2618,65.0,87.2618,3,True,0.0203,Rodin College House -> Levine Hall -> Towne Building -> Van Pelt Library -> Moore School Building
27,Rodin College House,Moore School Building,Power outlets,90.0,nearest,28.6,33.0,13.3333,15.5778,70.0,85.5778,3,True,0.0118,Rodin College House -> Huntsman Hall -> Van Pelt Library -> Fisher Fine Arts Library -> Moore School Building
28,Rodin College House,Moore School Building,No preference,45.0,exact_dynamic_programming,9.0,9.0,0.0,12.7198,25.0,37.7198,1,True,0.1671,Rodin College House -> Van Pelt Library -> Moore School Building
28,Rodin College House,Moore School Building,No preference,45.0,greedy_reward_per_minute,8.3,9.0,7.7778,12.7948,20.0,32.7948,1,True,0.0143,Rodin College House -> Huntsman Hall -> Moore School Building
28,Rodin College House,Moore School Building,No preference,45.0,nearest,8.3,9.0,7.7778,12.7948,20.0,32.7948,1,True,0.0081,Rodin College House -> Huntsman Hall -> Moore School Building
29,Rodin College House,Moore School Building,No preference,60.0,exact_dynamic_programming,17.5,17.5,0.0,13.9683,45.0,58.9683,2,True,0.1707,Rodin College House -> Van Pelt Library -> Levine Hall -> Moore School Building
29,Rodin College House,Moore School Building,No preference,60.0,greedy_reward_per_minute,16.8,17.5,4.0,14.0432,40.0,54.0432,2,True,0.0186,Rodin College House -> Huntsman Hall -> Levine Hall -> Moore School Building
29,Rodin College House,Moore School Building,No preference,60.0,nearest,17.3,17.5,1.1429,13.8432,45.0,58.8432,2,True,0.0104,Rodin College House -> Huntsman Hall -> Van Pelt Library -> Moore School Building
30,Rodin College House,Moore School Building,No preference,90.0,exact_dynamic_programming,26.5,26.5,0.0,18.5021,70.0,88.5021,3,True,0.2705,Rodin College House -> Holman Biotech Commons -> Van Pelt Library -> Levine Hall -> Moore School Building
30,Rodin College House,Moore School Building,No preference,90.0,greedy_reward_per_minute,23.6,26.5,10.9434,16.582,60.0,76.582,3,True,0.0204,Rodin College House -> Huntsman Hall -> Levine Hall -> Towne Building -> Moore School Building
30,Rodin College House,Moore School Building,No preference,90.0,nearest,24.6,26.5,7.1698,15.5778,70.0,85.5778,3,True,0.0123,Rodin College House -> Huntsman Hall -> Van Pelt Library -> Fisher Fine Arts Library -> Moore School Building
31,Rodin College House,Levine Hall,Quiet,45.0,exact_dynamic_programming,11.0,11.0,0.0,12.3124,25.0,37.3124,1,True,0.0776,Rodin College House -> Van Pelt Library -> Levine Hall
31,Rodin College House,Levine Hall,Quiet,45.0,greedy_reward_per_minute,11.0,11.0,0.0,12.3124,25.0,37.3124,1,True,0.0119,Rodin College House -> Van Pelt Library -> Levine Hall
31,Rodin College House,Levine Hall,Quiet,45.0,nearest,4.8,11.0,56.3636,12.3873,20.0,32.3873,1,True,0.0076,Rodin College House -> Huntsman Hall -> Levine Hall
32,Rodin College House,Levine Hall,Quiet,60.0,exact_dynamic_programming,17.8,17.8,0.0,14.4462,45.0,59.4462,2,True,0.0855,Rodin College House -> Van Pelt Library -> Towne Building -> Levine Hall
32,Rodin College House,Levine Hall,Quiet,60.0,greedy_reward_per_minute,17.8,17.8,0.0,14.4462,45.0,59.4462,2,True,0.0135,Rodin College House -> Van Pelt Library -> Towne Building -> Levine Hall
32,Rodin College House,Levine Hall,Quiet,60.0,nearest,15.8,17.8,11.236,13.4358,45.0,58.4358,2,True,0.0094,Rodin College House -> Huntsman Hall -> Van Pelt Library -> Levine Hall
33,Rodin College House,Levine Hall,Quiet,90.0,exact_dynamic_programming,28.6,28.6,0.0,15.4865,70.0,85.4865,3,True,0.1379,Rodin College House -> Van Pelt Library -> Fisher Fine Arts Library -> Towne Building -> Levine Hall
33,Rodin College House,Levine Hall,Quiet,90.0,greedy_reward_per_minute,28.6,28.6,0.0,15.4865,70.0,85.4865,3,True,0.0172,Rodin College House -> Van Pelt Library -> Fisher Fine Arts Library -> Towne Building -> Levine Hall
33,Rodin College House,Levine Hall,Quiet,90.0,nearest,26.6,28.6,6.993,14.7427,70.0,84.7427,3,True,0.0106,Rodin College House -> Huntsman Hall -> Van Pelt Library -> Fisher Fine Arts Library -> Levine Hall
34,Rodin College House,Levine Hall,Collaborative,45.0,exact_dynamic_programming,10.8,10.8,0.0,12.3873,20.0,32.3873,1,True,0.0762,Rodin College House -> Huntsman Hall -> Levine Hall
34,Rodin College House,Levine Hall,Collaborative,45.0,greedy_reward_per_minute,10.8,10.8,0.0,12.3873,20.0,32.3873,1,True,0.0114,Rodin College House -> Huntsman Hall -> Levine Hall
34,Rodin College House,Levine Hall,Collaborative,45.0,nearest,10.8,10.8,0.0,12.3873,20.0,32.3873,1,True,0.0072,Rodin College House -> Huntsman Hall -> Levine Hall
35,Rodin College House,Levine Hall,Collaborative,60.0,exact_dynamic_programming,21.4,21.4,0.0,15.9399,40.0,55.9399,2,True,0.0869,Rodin College House -> Huntsman Hall -> Houston Hall -> Levine Hall
35,Rodin College House,Levine Hall,Collaborative,60.0,greedy_reward_per_minute,21.4,21.4,0.0,15.9399,40.0,55.9399,2,True,0.0156,Rodin College House -> Huntsman Hall -> Houston Hall -> Levine Hall
35,Rodin College House,Levine Hall,Collaborative,60.0,nearest,17.8,21.4,16.8224,13.4358,45.0,58.4358,2,True,0.0099,Rodin College House -> Huntsman Hall -> Van Pelt Library -> Levine Hall
36,Rodin College House,Levine Hall,Collaborative,90.0,exact_dynamic_programming,30.4,30.4,0.0,20.0048,65.0,85.0048,3,True,0.15,Rodin College House -> Huntsman Hall -> Holman Biotech Commons -> Houston Hall -> Levine Hall
36,Rodin College House,Levine Hall,Collaborative,90.0,greedy_reward_per_minute,28.2,30.4,7.2368,17.8071,60.0,77.8071,3,True,0.0186,Rodin College House -> Huntsman Hall -> Houston Hall -> Towne Building -> Levine Hall
36,Rodin College House,Levine Hall,Collaborative,90.0,nearest,22.6,30.4,25.6579,14.7427,70.0,84.7427,3,True,0.0109,Rodin College House -> Huntsman Hall -> Van Pelt Library -> Fisher Fine Arts Library -> Levine Hall
37,Rodin College House,Levine Hall,Coffee nearby,45.0,exact_dynamic_programming,10.6,10.6,0.0,13.7354,20.0,33.7354,1,True,0.0797,Rodin College House -> Houston Hall -> Levine Hall
37,Rodin College House,Levine Hall,Coffee nearby,45.0,greedy_reward_per_minute,10.6,10.6,0.0,13.7354,20.0,33.7354,1,True,0.0118,Rodin College House -> Houston Hall -> Levine Hall
37,Rodin College House,Levine Hall,Coffee nearby,45.0,nearest,8.8,10.6,16.9811,12.3873,20.0,32.3873,1,True,0.0074,Rodin College House -> Huntsman Hall -> Levine Hall
38,Rodin College House,Levine Hall,Coffee nearby,60.0,exact_dynamic_programming,19.4,19.4,0.0,15.9399,40.0,55.9399,2,True,0.0879,Rodin College House -> Huntsman Hall -> Houston Hall -> Levine Hall
38,Rodin College House,Levine Hall,Coffee nearby,60.0,greedy_reward_per_minute,15.4,19.4,20.6186,15.6026,40.0,55.6026,2,True,0.0145,Rodin College House -> Houston Hall -> Towne Building -> Levine Hall
38,Rodin College House,Levine Hall,Coffee nearby,60.0,nearest,15.8,19.4,18.5567,13.4358,45.0,58.4358,2,True,0.0097,Rodin College House -> Huntsman Hall -> Van Pelt Library -> Levine Hall
39,Rodin College House,Levine Hall,Coffee nearby,90.0,exact_dynamic_programming,26.4,26.4,0.0,16.7821,65.0,81.7821,3,True,0.1415,Rodin College House -> Huntsman Hall -> Van Pelt Library -> Houston Hall -> Levine Hall
39,Rodin College House,Levine Hall,Coffee nearby,90.0,greedy_reward_per_minute,26.4,26.4,0.0,24.7045,65.0,89.7045,3,True,0.0182,Rodin College House -> Houston Hall -> Huntsman Hall -> Van Pelt Library -> Levine Hall
39,Rodin College House,Levine Hall,Coffee nearby,90.0,nearest,20.6,26.4,21.9697,14.7427,70.0,84.7427,3,True,0.011,Rodin College House -> Huntsman Hall -> Van Pelt Library -> Fisher Fine Arts Library -> Levine Hall
40,Rodin College House,Levine Hall,Power outlets,45.0,exact_dynamic_programming,11.0,11.0,0.0,12.3124,25.0,37.3124,1,True,0.0799,Rodin College House -> Van Pelt Library -> Levine Hall
40,Rodin College House,Levine Hall,Power outlets,45.0,greedy_reward_per_minute,11.0,11.0,0.0,12.3124,25.0,37.3124,1,True,0.0116,Rodin College House -> Van Pelt Library -> Levine Hall
40,Rodin College House,Levine Hall,Power outlets,45.0,nearest,8.8,11.0,20.0,12.3873,20.0,32.3873,1,True,0.0226,Rodin College House -> Huntsman Hall -> Levine Hall
41,Rodin College House,Levine Hall,Power outlets,60.0,exact_dynamic_programming,19.8,19.8,0.0,13.4358,45.0,58.4358,2,True,0.0884,Rodin College House -> Huntsman Hall -> Van Pelt Library -> Levine Hall
41,Rodin College House,Levine Hall,Power outlets,60.0,greedy_reward_per_minute,19.8,19.8,0.0,14.4462,45.0,59.4462,2,True,0.014,Rodin College House -> Van Pelt Library -> Towne Building -> Levine Hall
41,Rodin College House,Levine Hall,Power outlets,60.0,nearest,19.8,19.8,0.0,13.4358,45.0,58.4358,2,True,0.0097,Rodin College House -> Huntsman Hall -> Van Pelt Library -> Levine Hall
42,Rodin College House,Levine Hall,Power outlets,90.0,exact_dynamic_programming,30.8,30.8,0.0,18.98,70.0,88.98,3,True,0.143,Rodin College House -> Holman Biotech Commons -> Van Pelt Library -> Towne Building -> Levine Hall
42,Rodin College House,Levine Hall,Power outlets,90.0,greedy_reward_per_minute,28.6,30.8,7.1429,19.061,70.0,89.061,3,True,0.018,Rodin College House -> Van Pelt Library -> Towne Building -> Fisher Fine Arts Library -> Levine Hall
42,Rodin College House,Levine Hall,Power outlets,90.0,nearest,28.6,30.8,7.1429,14.7427,70.0,84.7427,3,True,0.0111,Rodin College House -> Huntsman Hall -> Van Pelt Library -> Fisher Fine Arts Library -> Levine Hall
43,Rodin College House,Levine Hall,No preference,45.0,exact_dynamic_programming,9.0,9.0,0.0,12.3124,25.0,37.3124,1,True,0.0858,Rodin College House -> Van Pelt Library -> Levine Hall
43,Rodin College House,Levine Hall,No preference,45.0,greedy_reward_per_minute,8.3,9.0,7.7778,12.3873,20.0,32.3873,1,True,0.0138,Rodin College House -> Huntsman Hall -> Levine Hall
43,Rodin College House,Levine Hall,No preference,45.0,nearest,8.3,9.0,7.7778,12.3873,20.0,32.3873,1,True,0.008,Rodin College House -> Huntsman Hall -> Levine Hall
44,Rodin College House,Levine Hall,No preference,60.0,exact_dynamic_programming,17.3,17.3,0.0,13.4358,45.0,58.4358,2,True,0.0864,Rodin College House -> Huntsman Hall -> Van Pelt Library -> Levine Hall
44,Rodin College House,Levine Hall,No preference,60.0,greedy_reward_per_minute,17.3,17.3,0.0,13.4358,45.0,58.4358,2,True,0.015,Rodin College House -> Huntsman Hall -> Van Pelt Library -> Levine Hall
44,Rodin College House,Levine Hall,No preference,60.0,nearest,17.3,17.3,0.0,13.4358,45.0,58.4358,2,True,0.009,Rodin College House -> Huntsman Hall -> Van Pelt Library -> Levine Hall
45,Rodin College House,Levine Hall,No preference,90.0,exact_dynamic_programming,26.3,26.3,0.0,19.6996,70.0,89.6996,3,True,0.1608,Rodin College House -> Huntsman Hall -> Holman Biotech Commons -> Van Pelt Library -> Levine Hall
45,Rodin College House,Levine Hall,No preference,90.0,greedy_reward_per_minute,25.4,26.3,3.4221,16.7821,65.0,81.7821,3,True,0.0185,Rodin College House -> Huntsman Hall -> Van Pelt Library -> Houston Hall -> Levine Hall
45,Rodin College House,Levine Hall,No preference,90.0,nearest,24.6,26.3,6.4639,14.7427,70.0,84.7427,3,True,0.0108,Rodin College House -> Huntsman Hall -> Van Pelt Library -> Fisher Fine Arts Library -> Levine Hall
46,Rodin College House,David Rittenhouse Laboratory,Quiet,45.0,exact_dynamic_programming,11.0,11.0,0.0,13.0313,25.0,38.0313,1,True,0.1642,Rodin College House -> Van Pelt Library -> David Rittenhouse Laboratory
46,Rodin College House,David Rittenhouse Laboratory,Quiet,45.0,greedy_reward_per_minute,11.0,11.0,0.0,13.0313,25.0,38.0313,1,True,0.0126,Rodin College House -> Van Pelt Library -> David Rittenhouse Laboratory
46,Rodin College House,David Rittenhouse Laboratory,Quiet,45.0,nearest,4.8,11.0,56.3636,13.1062,20.0,33.1062,1,True,0.0081,Rodin College House -> Huntsman Hall -> David Rittenhouse Laboratory
47,Rodin College House,David Rittenhouse Laboratory,Quiet,60.0,exact_dynamic_programming,18.0,18.0,0.0,14.2798,45.0,59.2798,2,True,0.183,Rodin College House -> Van Pelt Library -> Levine Hall -> David Rittenhouse Laboratory
47,Rodin College House,David Rittenhouse Laboratory,Quiet,60.0,greedy_reward_per_minute,18.0,18.0,0.0,14.2798,45.0,59.2798,2,True,0.0151,Rodin College House -> Van Pelt Library -> Levine Hall -> David Rittenhouse Laboratory
47,Rodin College House,David Rittenhouse Laboratory,Quiet,60.0,nearest,15.8,18.0,12.2222,14.1547,45.0,59.1547,2,True,0.01,Rodin College House -> Huntsman Hall -> Van Pelt Library -> David Rittenhouse Laboratory
48,Rodin College House,David Rittenhouse Laboratory,Quiet,90.0,exact_dynamic_programming,28.8,28.8,0.0,15.5867,70.0,85.5867,3,True,0.29,Rodin College House -> Van Pelt Library -> Fisher Fine Arts Library -> Levine Hall -> David Rittenhouse Laboratory
48,Rodin College House,David Rittenhouse Laboratory,Quiet,90.0,greedy_reward_per_minute,28.8,28.8,0.0,15.5867,70.0,85.5867,3,True,0.0209,Rodin College House -> Van Pelt Library -> Fisher Fine Arts Library -> Levine Hall -> David Rittenhouse Laboratory
48,Rodin College House,David Rittenhouse Laboratory,Quiet,90.0,nearest,26.6,28.8,7.6389,15.8892,70.0,85.8892,3,True,0.0118,Rodin College House -> Huntsman Hall -> Van Pelt Library -> Fisher Fine Arts Library -> David Rittenhouse Laboratory
49,Rodin College House,David Rittenhouse Laboratory,Collaborative,45.0,exact_dynamic_programming,10.8,10.8,0.0,13.1062,20.0,33.1062,1,True,0.1475,Rodin College House -> Huntsman Hall -> David Rittenhouse Laboratory
49,Rodin College House,David Rittenhouse Laboratory,Collaborative,45.0,greedy_reward_per_minute,10.8,10.8,0.0,13.1062,20.0,33.1062,1,True,0.0131,Rodin College House -> Huntsman Hall -> David Rittenhouse Laboratory
49,Rodin College House,David Rittenhouse Laboratory,Collaborative,45.0,nearest,10.8,10.8,0.0,13.1062,20.0,33.1062,1,True,0.0081,Rodin College House -> Huntsman Hall -> David Rittenhouse Laboratory
50,Rodin College House,David Rittenhouse Laboratory,Collaborative,60.0,exact_dynamic_programming,21.4,21.4,0.0,17.4503,40.0,57.4503,2,True,0.1754,Rodin College House -> Huntsman Hall -> Houston Hall -> David Rittenhouse Laboratory
50,Rodin College House,David Rittenhouse Laboratory,Collaborative,60.0,greedy_reward_per_minute,21.4,21.4,0.0,17.4503,40.0,57.4503,2,True,0.0162,Rodin College House -> Huntsman Hall -> Houston Hall -> David Rittenhouse Laboratory
50,Rodin College House,David Rittenhouse Laboratory,Collaborative,60.0,nearest,17.8,21.4,16.8224,14.1547,45.0,59.1547,2,True,0.0098,Rodin College House -> Huntsman Hall -> Van Pelt Library -> David Rittenhouse Laboratory
51,Rodin College House,David Rittenhouse Laboratory,Collaborative,90.0,exact_dynamic_programming,30.4,30.4,0.0,17.9073,60.0,77.9073,3,True,0.2742,Rodin College House -> Huntsman Hall -> Houston Hall -> Levine Hall -> David Rittenhouse Laboratory
51,Rodin College House,David Rittenhouse Laboratory,Collaborative,90.0,greedy_reward_per_minute,30.4,30.4,0.0,17.9073,60.0,77.9073,3,True,0.0204,Rodin College House -> Huntsman Hall -> Houston Hall -> Levine Hall -> David Rittenhouse Laboratory
51,Rodin College House,David Rittenhouse Laboratory,Collaborative,90.0,nearest,22.6,30.4,25.6579,15.8892,70.0,85.8892,3,True,0.0121,Rodin College House -> Huntsman Hall -> Van Pelt Library -> Fisher Fine Arts Library -> David Rittenhouse Laboratory
52,Rodin College House,David Rittenhouse Laboratory,Coffee nearby,45.0,exact_dynamic_programming,10.6,10.6,0.0,15.2458,20.0,35.2458,1,True,0.1548,Rodin College House -> Houston Hall -> David Rittenhouse Laboratory
52,Rodin College House,David Rittenhouse Laboratory,Coffee nearby,45.0,greedy_reward_per_minute,10.6,10.6,0.0,15.2458,20.0,35.2458,1,True,0.0131,Rodin College House -> Houston Hall -> David Rittenhouse Laboratory
52,Rodin College House,David Rittenhouse Laboratory,Coffee nearby,45.0,nearest,8.8,10.6,16.9811,13.1062,20.0,33.1062,1,True,0.0083,Rodin College House -> Huntsman Hall -> David Rittenhouse Laboratory
53,Rodin College House,David Rittenhouse Laboratory,Coffee nearby,60.0,exact_dynamic_programming,19.4,19.4,0.0,17.4503,40.0,57.4503,2,True,0.17,Rodin College House -> Huntsman Hall -> Houston Hall -> David Rittenhouse Laboratory
53,Rodin College House,David Rittenhouse Laboratory,Coffee nearby,60.0,greedy_reward_per_minute,17.6,19.4,9.2784,15.7028,40.0,55.7028,2,True,0.0161,Rodin College House -> Houston Hall -> Levine Hall -> David Rittenhouse Laboratory
53,Rodin College House,David Rittenhouse Laboratory,Coffee nearby,60.0,nearest,15.8,19.4,18.5567,14.1547,45.0,59.1547,2,True,0.0103,Rodin College House -> Huntsman Hall -> Van Pelt Library -> David Rittenhouse Laboratory
54,Rodin College House,David Rittenhouse Laboratory,Coffee nearby,90.0,exact_dynamic_programming,26.4,26.4,0.0,17.9073,60.0,77.9073,3,True,0.2609,Rodin College House -> Huntsman Hall -> Houston Hall -> Levine Hall -> David Rittenhouse Laboratory
54,Rodin College House,David Rittenhouse Laboratory,Coffee nearby,90.0,greedy_reward_per_minute,26.4,26.4,0.0,29.8097,60.0,89.8097,3,True,0.0209,Rodin College House -> Houston Hall -> Levine Hall -> Huntsman Hall -> David Rittenhouse Laboratory
54,Rodin College House,David Rittenhouse Laboratory,Coffee nearby,90.0,nearest,20.6,26.4,21.9697,15.8892,70.0,85.8892,3,True,0.0126,Rodin College House -> Huntsman Hall -> Van Pelt Library -> Fisher Fine Arts Library -> David Rittenhouse Laboratory
55,Rodin College House,David Rittenhouse Laboratory,Power outlets,45.0,exact_dynamic_programming,11.0,11.0,0.0,13.8256,20.0,33.8256,1,True,0.1524,Rodin College House -> Levine Hall -> David Rittenhouse Laboratory
55,Rodin College House,David Rittenhouse Laboratory,Power outlets,45.0,greedy_reward_per_minute,11.0,11.0,0.0,13.8256,20.0,33.8256,1,True,0.0128,Rodin College House -> Levine Hall -> David Rittenhouse Laboratory
55,Rodin College House,David Rittenhouse Laboratory,Power outlets,45.0,nearest,8.8,11.0,20.0,13.1062,20.0,33.1062,1,True,0.0084,Rodin College House -> Huntsman Hall -> David Rittenhouse Laboratory
56,Rodin College House,David Rittenhouse Laboratory,Power outlets,60.0,exact_dynamic_programming,22.0,22.0,0.0,14.2798,45.0,59.2798,2,True,0.1682,Rodin College House -> Van Pelt Library -> Levine Hall -> David Rittenhouse Laboratory
56,Rodin College House,David Rittenhouse Laboratory,Power outlets,60.0,greedy_reward_per_minute,19.8,22.0,10.0,16.2732,40.0,56.2732,2,True,0.0151,Rodin College House -> Levine Hall -> Towne Building -> David Rittenhouse Laboratory
56,Rodin College House,David Rittenhouse Laboratory,Power outlets,60.0,nearest,19.8,22.0,10.0,14.1547,45.0,59.1547,2,True,0.0102,Rodin College House -> Huntsman Hall -> Van Pelt Library -> David Rittenhouse Laboratory
57,Rodin College House,David Rittenhouse Laboratory,Power outlets,90.0,exact_dynamic_programming,33.0,33.0,0.0,18.8136,70.0,88.8136,3,True,0.2608,Rodin College House -> Holman Biotech Commons -> Van Pelt Library -> Levine Hall -> David Rittenhouse Laboratory
57,Rodin College House,David Rittenhouse Laboratory,Power outlets,90.0,greedy_reward_per_minute,30.8,33.0,6.6667,22.5733,65.0,87.5733,3,True,0.0201,Rodin College House -> Levine Hall -> Towne Building -> Van Pelt Library -> David Rittenhouse Laboratory
57,Rodin College House,David Rittenhouse Laboratory,Power outlets,90.0,nearest,28.6,33.0,13.3333,15.8892,70.0,85.8892,3,True,0.0121,Rodin College House -> Huntsman Hall -> Van Pelt Library -> Fisher Fine Arts Library -> David Rittenhouse Laboratory
58,Rodin College House,David Rittenhouse Laboratory,No preference,45.0,exact_dynamic_programming,9.0,9.0,0.0,13.0313,25.0,38.0313,1,True,0.1549,Rodin College House -> Van Pelt Library -> David Rittenhouse Laboratory
58,Rodin College House,David Rittenhouse Laboratory,No preference,45.0,greedy_reward_per_minute,8.3,9.0,7.7778,13.1062,20.0,33.1062,1,True,0.0133,Rodin College House -> Huntsman Hall -> David Rittenhouse Laboratory
58,Rodin College House,David Rittenhouse Laboratory,No preference,45.0,nearest,8.3,9.0,7.7778,13.1062,20.0,33.1062,1,True,0.008,Rodin College House -> Huntsman Hall -> David Rittenhouse Laboratory
59,Rodin College House,David Rittenhouse Laboratory,No preference,60.0,exact_dynamic_programming,17.5,17.5,0.0,14.2798,45.0,59.2798,2,True,0.1688,Rodin College House -> Van Pelt Library -> Levine Hall -> David Rittenhouse Laboratory
59,Rodin College House,David Rittenhouse Laboratory,No preference,60.0,greedy_reward_per_minute,16.8,17.5,4.0,14.3547,40.0,54.3547,2,True,0.0165,Rodin College House -> Huntsman Hall -> Levine Hall -> David Rittenhouse Laboratory
59,Rodin College House,David Rittenhouse Laboratory,No preference,60.0,nearest,17.3,17.5,1.1429,14.1547,45.0,59.1547,2,True,0.0101,Rodin College House -> Huntsman Hall -> Van Pelt Library -> David Rittenhouse Laboratory
60,Rodin College House,David Rittenhouse Laboratory,No preference,90.0,exact_dynamic_programming,26.5,26.5,0.0,18.8136,70.0,88.8136,3,True,0.2626,Rodin College House -> Holman Biotech Commons -> Van Pelt Library -> Levine Hall -> David Rittenhouse Laboratory
60,Rodin College House,David Rittenhouse Laboratory,No preference,90.0,greedy_reward_per_minute,23.6,26.5,10.9434,16.8023,60.0,76.8023,3,True,0.0213,Rodin College House -> Huntsman Hall -> Levine Hall -> Towne Building -> David Rittenhouse Laboratory
60,Rodin College House,David Rittenhouse Laboratory,No preference,90.0,nearest,24.6,26.5,7.1698,15.8892,70.0,85.8892,3,True,0.012,Rodin College House -> Huntsman Hall -> Van Pelt Library -> Fisher Fine Arts Library -> David Rittenhouse Laboratory
61,Rodin College House,Huntsman Hall,Quiet,45.0,exact_dynamic_programming,11.0,11.0,0.0,13.1762,25.0,38.1762,1,True,0.077,Rodin College House -> Van Pelt Library -> Huntsman Hall
61,Rodin College House,Huntsman Hall,Quiet,45.0,greedy_reward_per_minute,11.0,11.0,0.0,13.1762,25.0,38.1762,1,True,0.0172,Rodin College House -> Van Pelt Library -> Huntsman Hall
61,Rodin College House,Huntsman Hall,Quiet,45.0,nearest,9.0,11.0,18.1818,12.707,25.0,37.707,1,True,0.0078,Rodin College House -> Holman Biotech Commons -> Huntsman Hall
62,Rodin College House,Huntsman Hall,Quiet,60.0,exact_dynamic_programming,11.0,11.0,0.0,13.1762,25.0,38.1762,1,True,0.0774,Rodin College House -> Van Pelt Library -> Huntsman Hall
62,Rodin College House,Huntsman Hall,Quiet,60.0,greedy_reward_per_minute,11.0,11.0,0.0,13.1762,25.0,38.1762,1,True,0.012,Rodin College House -> Van Pelt Library -> Huntsman Hall
62,Rodin College House,Huntsman Hall,Quiet,60.0,nearest,9.0,11.0,18.1818,12.707,25.0,37.707,1,True,0.0075,Rodin College House -> Holman Biotech Commons -> Huntsman Hall
63,Rodin College House,Huntsman Hall,Quiet,90.0,exact_dynamic_programming,26.4,26.4,0.0,17.4056,70.0,87.4056,3,True,0.1317,Rodin College House -> Houston Hall -> Fisher Fine Arts Library -> Van Pelt Library -> Huntsman Hall
63,Rodin College House,Huntsman Hall,Quiet,90.0,greedy_reward_per_minute,26.4,26.4,0.0,18.4867,70.0,88.4867,3,True,0.0174,Rodin College House -> Van Pelt Library -> Fisher Fine Arts Library -> Houston Hall -> Huntsman Hall
63,Rodin College House,Huntsman Hall,Quiet,90.0,nearest,20.6,26.4,21.9697,24.8291,65.0,89.8291,3,True,0.0107,Rodin College House -> Holman Biotech Commons -> Houston Hall -> Levine Hall -> Huntsman Hall
64,Rodin College House,Huntsman Hall,Collaborative,45.0,exact_dynamic_programming,10.6,10.6,0.0,15.9783,20.0,35.9783,1,True,0.0829,Rodin College House -> Houston Hall -> Huntsman Hall
64,Rodin College House,Huntsman Hall,Collaborative,45.0,greedy_reward_per_minute,10.6,10.6,0.0,15.9783,20.0,35.9783,1,True,0.0123,Rodin College House -> Houston Hall -> Huntsman Hall
64,Rodin College House,Huntsman Hall,Collaborative,45.0,nearest,9.0,10.6,15.0943,12.707,25.0,37.707,1,True,0.0077,Rodin College House -> Holman Biotech Commons -> Huntsman Hall
65,Rodin College House,Huntsman Hall,Collaborative,60.0,exact_dynamic_programming,10.6,10.6,0.0,15.9783,20.0,35.9783,1,True,0.0948,Rodin College House -> Houston Hall -> Huntsman Hall
65,Rodin College House,Huntsman Hall,Collaborative,60.0,greedy_reward_per_minute,10.6,10.6,0.0,15.9783,20.0,35.9783,1,True,0.0123,Rodin College House -> Houston Hall -> Huntsman Hall
65,Rodin College House,Huntsman Hall,Collaborative,60.0,nearest,9.0,10.6,15.0943,12.707,25.0,37.707,1,True,0.008,Rodin College House -> Holman Biotech Commons -> Huntsman Hall
66,Rodin College House,Huntsman Hall,Collaborative,90.0,exact_dynamic_programming,28.6,28.6,0.0,24.8291,65.0,89.8291,3,True,0.1322,Rodin College House -> Holman Biotech Commons -> Houston Hall -> Levine Hall -> Huntsman Hall
66,Rodin College House,Huntsman Hall,Collaborative,90.0,greedy_reward_per_minute,26.4,28.6,7.6923,24.5908,60.0,84.5908,3,True,0.0189,Rodin College House -> Houston Hall -> Levine Hall -> Towne Building -> Huntsman Hall
66,Rodin College House,Huntsman Hall,Collaborative,90.0,nearest,28.6,28.6,0.0,24.8291,65.0,89.8291,3,True,0.0108,Rodin College House -> Holman Biotech Commons -> Houston Hall -> Levine Hall -> Huntsman Hall
67,Rodin College House,Huntsman Hall,Coffee nearby,45.0,exact_dynamic_programming,10.6,10.6,0.0,15.9783,20.0,35.9783,1,True,0.0796,Rodin College House -> Houston Hall -> Huntsman Hall
67,Rodin College House,Huntsman Hall,Coffee nearby,45.0,greedy_reward_per_minute,10.6,10.6,0.0,15.9783,20.0,35.9783,1,True,0.0127,Rodin College House -> Houston Hall -> Huntsman Hall
67,Rodin College House,Huntsman Hall,Coffee nearby,45.0,nearest,7.0,10.6,33.9623,12.707,25.0,37.707,1,True,0.0081,Rodin College House -> Holman Biotech Commons -> Huntsman Hall
68,Rodin College House,Huntsman Hall,Coffee nearby,60.0,exact_dynamic_programming,10.6,10.6,0.0,15.9783,20.0,35.9783,1,True,0.0794,Rodin College House -> Houston Hall -> Huntsman Hall
68,Rodin College House,Huntsman Hall,Coffee nearby,60.0,greedy_reward_per_minute,10.6,10.6,0.0,15.9783,20.0,35.9783,1,True,0.0119,Rodin College House -> Houston Hall -> Huntsman Hall
68,Rodin College House,Huntsman Hall,Coffee nearby,60.0,nearest,7.0,10.6,33.9623,12.707,25.0,37.707,1,True,0.0077,Rodin College House -> Holman Biotech Commons -> Huntsman Hall
69,Rodin College House,Huntsman Hall,Coffee nearby,90.0,exact_dynamic_programming,24.6,24.6,0.0,22.4616,65.0,87.4616,3,True,0.1328,Rodin College House -> Houston Hall -> Levine Hall -> Van Pelt Library -> Huntsman Hall
69,Rodin College House,Huntsman Hall,Coffee nearby,90.0,greedy_reward_per_minute,24.6,24.6,0.0,22.4616,65.0,87.4616,3,True,0.0186,Rodin College House -> Houston Hall -> Levine Hall -> Van Pelt Library -> Huntsman Hall
69,Rodin College House,Huntsman Hall,Coffee nearby,90.0,nearest,24.6,24.6,0.0,24.8291,65.0,89.8291,3,True,0.0109,Rodin College House -> Holman Biotech Commons -> Houston Hall -> Levine Hall -> Huntsman Hall
70,Rodin College House,Huntsman Hall,Power outlets,45.0,exact_dynamic_programming,11.0,11.0,0.0,12.707,25.0,37.707,1,True,0.0814,Rodin College House -> Holman Biotech Commons -> Huntsman Hall
70,Rodin College House,Huntsman Hall,Power outlets,45.0,greedy_reward_per_minute,11.0,11.0,0.0,12.707,25.0,37.707,1,True,0.012,Rodin College House -> Holman Biotech Commons -> Huntsman Hall
70,Rodin College House,Huntsman Hall,Power outlets,45.0,nearest,11.0,11.0,0.0,12.707,25.0,37.707,1,True,0.0076,Rodin College House -> Holman Biotech Commons -> Huntsman Hall
71,Rodin College House,Huntsman Hall,Power outlets,60.0,exact_dynamic_programming,11.0,11.0,0.0,12.707,25.0,37.707,1,True,0.0923,Rodin College House -> Holman Biotech Commons -> Huntsman Hall
71,Rodin College House,Huntsman Hall,Power outlets,60.0,greedy_reward_per_minute,11.0,11.0,0.0,12.707,25.0,37.707,1,True,0.0123,Rodin College House -> Holman Biotech Commons -> Huntsman Hall
71,Rodin College House,Huntsman Hall,Power outlets,60.0,nearest,11.0,11.0,0.0,12.707,25.0,37.707,1,True,0.0076,Rodin College House -> Holman Biotech Commons -> Huntsman Hall
72,Rodin College House,Huntsman Hall,Power outlets,90.0,exact_dynamic_programming,30.8,30.8,0.0,22.1239,65.0,87.1239,3,True,0.1318,Rodin College House -> Van Pelt Library -> Towne Building -> Levine Hall -> Huntsman Hall
72,Rodin College House,Huntsman Hall,Power outlets,90.0,greedy_reward_per_minute,22.0,30.8,28.5714,17.71,50.0,67.71,2,True,0.016,Rodin College House -> Holman Biotech Commons -> Van Pelt Library -> Huntsman Hall
72,Rodin College House,Huntsman Hall,Power outlets,90.0,nearest,28.6,30.8,7.1429,24.8291,65.0,89.8291,3,True,0.0108,Rodin College House -> Holman Biotech Commons -> Houston Hall -> Levine Hall -> Huntsman Hall
73,Rodin College House,Huntsman Hall,No preference,45.0,exact_dynamic_programming,9.0,9.0,0.0,12.707,25.0,37.707,1,True,0.0808,Rodin College House -> Holman Biotech Commons -> Huntsman Hall
73,Rodin College House,Huntsman Hall,No preference,45.0,greedy_reward_per_minute,9.0,9.0,0.0,12.707,25.0,37.707,1,True,0.0128,Rodin College House -> Holman Biotech Commons -> Huntsman Hall
73,Rodin College House,Huntsman Hall,No preference,45.0,nearest,9.0,9.0,0.0,12.707,25.0,37.707,1,True,0.0074,Rodin College House -> Holman Biotech Commons -> Huntsman Hall
74,Rodin College House,Huntsman Hall,No preference,60.0,exact_dynamic_programming,9.0,9.0,0.0,12.707,25.0,37.707,1,True,0.0805,Rodin College House -> Holman Biotech Commons -> Huntsman Hall
74,Rodin College House,Huntsman Hall,No preference,60.0,greedy_reward_per_minute,9.0,9.0,0.0,12.707,25.0,37.707,1,True,0.0122,Rodin College House -> Holman Biotech Commons -> Huntsman Hall
74,Rodin College House,Huntsman Hall,No preference,60.0,nearest,9.0,9.0,0.0,12.707,25.0,37.707,1,True,0.0084,Rodin College House -> Holman Biotech Commons -> Huntsman Hall
75,Rodin College House,Huntsman Hall,No preference,90.0,exact_dynamic_programming,25.6,25.6,0.0,22.4616,65.0,87.4616,3,True,0.1319,Rodin College House -> Houston Hall -> Levine Hall -> Van Pelt Library -> Huntsman Hall
75,Rodin College House,Huntsman Hall,No preference,90.0,greedy_reward_per_minute,25.6,25.6,0.0,24.8291,65.0,89.8291,3,True,0.0179,Rodin College House -> Holman Biotech Commons -> Houston Hall -> Levine Hall -> Huntsman Hall
75,Rodin College House,Huntsman Hall,No preference,90.0,nearest,25.6,25.6,0.0,24.8291,65.0,89.8291,3,True,0.0106,Rodin College House -> Holman Biotech Commons -> Houston Hall -> Levine Hall -> Huntsman Hall
76,Rodin College House,Meyerson Hall,Quiet,45.0,exact_dynamic_programming,11.0,11.0,0.0,9.7749,25.0,34.7749,1,True,0.1578,Rodin College House -> Van Pelt Library -> Meyerson Hall
76,Rodin College House,Meyerson Hall,Quiet,45.0,greedy_reward_per_minute,11.0,11.0,0.0,9.7749,25.0,34.7749,1,True,0.0134,Rodin College House -> Van Pelt Library -> Meyerson Hall
76,Rodin College House,Meyerson Hall,Quiet,45.0,nearest,4.8,11.0,56.3636,10.7627,20.0,30.7627,1,True,0.0085,Rodin College House -> Huntsman Hall -> Meyerson Hall
77,Rodin College House,Meyerson Hall,Quiet,60.0,exact_dynamic_programming,18.0,18.0,0.0,14.8498,45.0,59.8498,2,True,0.1809,Rodin College House -> Van Pelt Library -> Levine Hall -> Meyerson Hall
77,Rodin College House,Meyerson Hall,Quiet,60.0,greedy_reward_per_minute,18.0,18.0,0.0,14.8498,45.0,59.8498,2,True,0.0157,Rodin College House -> Van Pelt Library -> Levine Hall -> Meyerson Hall
77,Rodin College House,Meyerson Hall,Quiet,60.0,nearest,15.8,18.0,12.2222,10.8983,45.0,55.8983,2,True,0.0103,Rodin College House -> Huntsman Hall -> Van Pelt Library -> Meyerson Hall
78,Rodin College House,Meyerson Hall,Quiet,90.0,exact_dynamic_programming,28.8,28.8,0.0,16.1567,70.0,86.1567,3,True,0.2687,Rodin College House -> Van Pelt Library -> Fisher Fine Arts Library -> Levine Hall -> Meyerson Hall
78,Rodin College House,Meyerson Hall,Quiet,90.0,greedy_reward_per_minute,28.8,28.8,0.0,16.1567,70.0,86.1567,3,True,0.0192,Rodin College House -> Van Pelt Library -> Fisher Fine Arts Library -> Levine Hall -> Meyerson Hall
78,Rodin College House,Meyerson Hall,Quiet,90.0,nearest,26.6,28.8,7.6389,12.6329,70.0,82.6329,3,True,0.0114,Rodin College House -> Huntsman Hall -> Van Pelt Library -> Fisher Fine Arts Library -> Meyerson Hall
79,Rodin College House,Meyerson Hall,Collaborative,45.0,exact_dynamic_programming,10.8,10.8,0.0,10.7627,20.0,30.7627,1,True,0.1694,Rodin College House -> Huntsman Hall -> Meyerson Hall
79,Rodin College House,Meyerson Hall,Collaborative,45.0,greedy_reward_per_minute,10.8,10.8,0.0,10.7627,20.0,30.7627,1,True,0.014,Rodin College House -> Huntsman Hall -> Meyerson Hall
79,Rodin College House,Meyerson Hall,Collaborative,45.0,nearest,10.8,10.8,0.0,10.7627,20.0,30.7627,1,True,0.1496,Rodin College House -> Huntsman Hall -> Meyerson Hall
80,Rodin College House,Meyerson Hall,Collaborative,60.0,exact_dynamic_programming,21.4,21.4,0.0,14.1939,40.0,54.1939,2,True,0.1749,Rodin College House -> Huntsman Hall -> Houston Hall -> Meyerson Hall
80,Rodin College House,Meyerson Hall,Collaborative,60.0,greedy_reward_per_minute,21.4,21.4,0.0,14.1939,40.0,54.1939,2,True,0.0178,Rodin College House -> Huntsman Hall -> Houston Hall -> Meyerson Hall
80,Rodin College House,Meyerson Hall,Collaborative,60.0,nearest,17.8,21.4,16.8224,10.8983,45.0,55.8983,2,True,0.0106,Rodin College House -> Huntsman Hall -> Van Pelt Library -> Meyerson Hall
81,Rodin College House,Meyerson Hall,Collaborative,90.0,exact_dynamic_programming,30.4,30.4,0.0,18.4773,60.0,78.4773,3,True,0.3994,Rodin College House -> Huntsman Hall -> Houston Hall -> Levine Hall -> Meyerson Hall
81,Rodin College House,Meyerson Hall,Collaborative,90.0,greedy_reward_per_minute,30.4,30.4,0.0,18.4773,60.0,78.4773,3,True,0.022,Rodin College House -> Huntsman Hall -> Houston Hall -> Levine Hall -> Meyerson Hall
81,Rodin College House,Meyerson Hall,Collaborative,90.0,nearest,22.6,30.4,25.6579,12.6329,70.0,82.6329,3,True,0.0125,Rodin College House -> Huntsman Hall -> Van Pelt Library -> Fisher Fine Arts Library -> Meyerson Hall
82,Rodin College House,Meyerson Hall,Coffee nearby,45.0,exact_dynamic_programming,10.6,10.6,0.0,11.9894,20.0,31.9894,1,True,0.1604,Rodin College House -> Houston Hall -> Meyerson Hall
82,Rodin College House,Meyerson Hall,Coffee nearby,45.0,greedy_reward_per_minute,10.6,10.6,0.0,11.9894,20.0,31.9894,1,True,0.0134,Rodin College House -> Houston Hall -> Meyerson Hall
82,Rodin College House,Meyerson Hall,Coffee nearby,45.0,nearest,8.8,10.6,16.9811,10.7627,20.0,30.7627,1,True,0.0084,Rodin College House -> Huntsman Hall -> Meyerson Hall
83,Rodin College House,Meyerson Hall,Coffee nearby,60.0,exact_dynamic_programming,19.4,19.4,0.0,14.1939,40.0,54.1939,2,True,0.1891,Rodin College House -> Huntsman Hall -> Houston Hall -> Meyerson Hall
83,Rodin College House,Meyerson Hall,Coffee nearby,60.0,greedy_reward_per_minute,17.6,19.4,9.2784,16.2728,40.0,56.2728,2,True,0.0176,Rodin College House -> Houston Hall -> Levine Hall -> Meyerson Hall
83,Rodin College House,Meyerson Hall,Coffee nearby,60.0,nearest,15.8,19.4,18.5567,10.8983,45.0,55.8983,2,True,0.0102,Rodin College House -> Huntsman Hall -> Van Pelt Library -> Meyerson Hall
84,Rodin College House,Meyerson Hall,Coffee nearby,90.0,exact_dynamic_programming,26.4,26.4,0.0,18.4773,60.0,78.4773,3,True,0.3007,Rodin College House -> Huntsman Hall -> Houston Hall -> Levine Hall -> Meyerson Hall
84,Rodin College House,Meyerson Hall,Coffee nearby,90.0,greedy_reward_per_minute,26.4,26.4,0.0,26.1934,60.0,86.1934,3,True,0.0229,Rodin College House -> Houston Hall -> Huntsman Hall -> Levine Hall -> Meyerson Hall
84,Rodin College House,Meyerson Hall,Coffee nearby,90.0,nearest,20.6,26.4,21.9697,12.6329,70.0,82.6329,3,True,0.0129,Rodin College House -> Huntsman Hall -> Van Pelt Library -> Fisher Fine Arts Library -> Meyerson Hall
85,Rodin College House,Meyerson Hall,Power outlets,45.0,exact_dynamic_programming,11.0,11.0,0.0,14.3956,20.0,34.3956,1,True,0.1511,Rodin College House -> Levine Hall -> Meyerson Hall
85,Rodin College House,Meyerson Hall,Power outlets,45.0,greedy_reward_per_minute,11.0,11.0,0.0,14.3956,20.0,34.3956,1,True,0.0132,Rodin College House -> Levine Hall -> Meyerson Hall
85,Rodin College House,Meyerson Hall,Power outlets,45.0,nearest,8.8,11.0,20.0,10.7627,20.0,30.7627,1,True,0.0086,Rodin College House -> Huntsman Hall -> Meyerson Hall
86,Rodin College House,Meyerson Hall,Power outlets,60.0,exact_dynamic_programming,22.0,22.0,0.0,14.8498,45.0,59.8498,2,True,0.1674,Rodin College House -> Van Pelt Library -> Levine Hall -> Meyerson Hall
86,Rodin College House,Meyerson Hall,Power outlets,60.0,greedy_reward_per_minute,19.8,22.0,10.0,17.2045,40.0,57.2045,2,True,0.0157,Rodin College House -> Levine Hall -> Towne Building -> Meyerson Hall
86,Rodin College House,Meyerson Hall,Power outlets,60.0,nearest,19.8,22.0,10.0,10.8983,45.0,55.8983,2,True,0.0102,Rodin College House -> Huntsman Hall -> Van Pelt Library -> Meyerson Hall
87,Rodin College House,Meyerson Hall,Power outlets,90.0,exact_dynamic_programming,33.0,33.0,0.0,19.3836,70.0,89.3836,3,True,0.281,Rodin College House -> Holman Biotech Commons -> Van Pelt Library -> Levine Hall -> Meyerson Hall
87,Rodin College House,Meyerson Hall,Power outlets,90.0,greedy_reward_per_minute,30.8,33.0,6.6667,22.8929,65.0,87.8929,3,True,0.02,Rodin College House -> Levine Hall -> Van Pelt Library -> Towne Building -> Meyerson Hall
87,Rodin College House,Meyerson Hall,Power outlets,90.0,nearest,28.6,33.0,13.3333,12.6329,70.0,82.6329,3,True,0.012,Rodin College House -> Huntsman Hall -> Van Pelt Library -> Fisher Fine Arts Library -> Meyerson Hall
88,Rodin College House,Meyerson Hall,No preference,45.0,exact_dynamic_programming,9.0,9.0,0.0,9.7749,25.0,34.7749,1,True,0.1535,Rodin College House -> Van Pelt Library -> Meyerson Hall
88,Rodin College House,Meyerson Hall,No preference,45.0,greedy_reward_per_minute,8.3,9.0,7.7778,10.7627,20.0,30.7627,1,True,0.0133,Rodin College House -> Huntsman Hall -> Meyerson Hall
88,Rodin College House,Meyerson Hall,No preference,45.0,nearest,8.3,9.0,7.7778,10.7627,20.0,30.7627,1,True,0.0079,Rodin College House -> Huntsman Hall -> Meyerson Hall
89,Rodin College House,Meyerson Hall,No preference,60.0,exact_dynamic_programming,17.5,17.5,0.0,14.8498,45.0,59.8498,2,True,0.1682,Rodin College House -> Van Pelt Library -> Levine Hall -> Meyerson Hall
89,Rodin College House,Meyerson Hall,No preference,60.0,greedy_reward_per_minute,17.3,17.5,1.1429,10.8983,45.0,55.8983,2,True,0.0172,Rodin College House -> Huntsman Hall -> Van Pelt Library -> Meyerson Hall
89,Rodin College House,Meyerson Hall,No preference,60.0,nearest,17.3,17.5,1.1429,10.8983,45.0,55.8983,2,True,0.0101,Rodin College House -> Huntsman Hall -> Van Pelt Library -> Meyerson Hall
90,Rodin College House,Meyerson Hall,No preference,90.0,exact_dynamic_programming,26.5,26.5,0.0,19.3836,70.0,89.3836,3,True,0.2657,Rodin College House -> Holman Biotech Commons -> Van Pelt Library -> Levine Hall -> Meyerson Hall
90,Rodin College House,Meyerson Hall,No preference,90.0,greedy_reward_per_minute,25.8,26.5,2.6415,15.9732,65.0,80.9732,3,True,0.0205,Rodin College House -> Huntsman Hall -> Van Pelt Library -> Levine Hall -> Meyerson Hall
90,Rodin College House,Meyerson Hall,No preference,90.0,nearest,24.6,26.5,7.1698,12.6329,70.0,82.6329,3,True,0.0116,Rodin College House -> Huntsman Hall -> Van Pelt Library -> Fisher Fine Arts Library -> Meyerson Hall
91,Rodin College House,Claudia Cohen Hall,Quiet,45.0,exact_dynamic_programming,11.0,11.0,0.0,10.3633,25.0,35.3633,1,True,0.1666,Rodin College House -> Van Pelt Library -> Claudia Cohen Hall
91,Rodin College House,Claudia Cohen Hall,Quiet,45.0,greedy_reward_per_minute,11.0,11.0,0.0,10.3633,25.0,35.3633,1,True,0.0137,Rodin College House -> Van Pelt Library -> Claudia Cohen Hall
91,Rodin College House,Claudia Cohen Hall,Quiet,45.0,nearest,4.8,11.0,56.3636,10.6446,20.0,30.6446,1,True,0.0084,Rodin College House -> Huntsman Hall -> Claudia Cohen Hall
92,Rodin College House,Claudia Cohen Hall,Quiet,60.0,exact_dynamic_programming,15.8,15.8,0.0,11.4867,45.0,56.4867,2,True,0.1717,Rodin College House -> Huntsman Hall -> Van Pelt Library -> Claudia Cohen Hall
92,Rodin College House,Claudia Cohen Hall,Quiet,60.0,greedy_reward_per_minute,15.6,15.8,1.2658,12.1735,45.0,57.1735,2,True,0.0159,Rodin College House -> Van Pelt Library -> Houston Hall -> Claudia Cohen Hall
92,Rodin College House,Claudia Cohen Hall,Quiet,60.0,nearest,15.8,15.8,0.0,11.4867,45.0,56.4867,2,True,0.0106,Rodin College House -> Huntsman Hall -> Van Pelt Library -> Claudia Cohen Hall
93,Rodin College House,Claudia Cohen Hall,Quiet,90.0,exact_dynamic_programming,28.8,28.8,0.0,17.9319,70.0,87.9319,3,True,0.2951,Rodin College House -> Van Pelt Library -> Levine Hall -> Fisher Fine Arts Library -> Claudia Cohen Hall
93,Rodin College House,Claudia Cohen Hall,Quiet,90.0,greedy_reward_per_minute,28.8,28.8,0.0,18.6977,70.0,88.6977,3,True,0.0221,Rodin College House -> Van Pelt Library -> Fisher Fine Arts Library -> Levine Hall -> Claudia Cohen Hall
93,Rodin College House,Claudia Cohen Hall,Quiet,90.0,nearest,26.6,28.8,7.6389,13.3068,70.0,83.3068,3,True,0.0125,Rodin College House -> Huntsman Hall -> Van Pelt Library -> Fisher Fine Arts Library -> Claudia Cohen Hall
94,Rodin College House,Claudia Cohen Hall,Collaborative,45.0,exact_dynamic_programming,10.8,10.8,0.0,10.6446,20.0,30.6446,1,True,0.1645,Rodin College House -> Huntsman Hall -> Claudia Cohen Hall
94,Rodin College House,Claudia Cohen Hall,Collaborative,45.0,greedy_reward_per_minute,10.8,10.8,0.0,10.6446,20.0,30.6446,1,True,0.0132,Rodin College House -> Huntsman Hall -> Claudia Cohen Hall
94,Rodin College House,Claudia Cohen Hall,Collaborative,45.0,nearest,10.8,10.8,0.0,10.6446,20.0,30.6446,1,True,0.0079,Rodin College House -> Huntsman Hall -> Claudia Cohen Hall
95,Rodin College House,Claudia Cohen Hall,Collaborative,60.0,exact_dynamic_programming,21.4,21.4,0.0,12.4547,40.0,52.4547,2,True,0.1932,Rodin College House -> Huntsman Hall -> Houston Hall -> Claudia Cohen Hall
95,Rodin College House,Claudia Cohen Hall,Collaborative,60.0,greedy_reward_per_minute,21.4,21.4,0.0,12.4547,40.0,52.4547,2,True,0.0174,Rodin College House -> Huntsman Hall -> Houston Hall -> Claudia Cohen Hall
95,Rodin College House,Claudia Cohen Hall,Collaborative,60.0,nearest,17.8,21.4,16.8224,11.4867,45.0,56.4867,2,True,0.0104,Rodin College House -> Huntsman Hall -> Van Pelt Library -> Claudia Cohen Hall
96,Rodin College House,Claudia Cohen Hall,Collaborative,90.0,exact_dynamic_programming,30.4,30.4,0.0,17.8895,60.0,77.8895,3,True,0.2596,Rodin College House -> Huntsman Hall -> Levine Hall -> Houston Hall -> Claudia Cohen Hall
96,Rodin College House,Claudia Cohen Hall,Collaborative,90.0,greedy_reward_per_minute,30.4,30.4,0.0,21.0183,60.0,81.0183,3,True,0.02,Rodin College House -> Huntsman Hall -> Houston Hall -> Levine Hall -> Claudia Cohen Hall
96,Rodin College House,Claudia Cohen Hall,Collaborative,90.0,nearest,22.6,30.4,25.6579,13.3068,70.0,83.3068,3,True,0.0118,Rodin College House -> Huntsman Hall -> Van Pelt Library -> Fisher Fine Arts Library -> Claudia Cohen Hall
97,Rodin College House,Claudia Cohen Hall,Coffee nearby,45.0,exact_dynamic_programming,10.6,10.6,0.0,10.2502,20.0,30.2502,1,True,0.1497,Rodin College House -> Houston Hall -> Claudia Cohen Hall
97,Rodin College House,Claudia Cohen Hall,Coffee nearby,45.0,greedy_reward_per_minute,10.6,10.6,0.0,10.2502,20.0,30.2502,1,True,0.0125,Rodin College House -> Houston Hall -> Claudia Cohen Hall
97,Rodin College House,Claudia Cohen Hall,Coffee nearby,45.0,nearest,8.8,10.6,16.9811,10.6446,20.0,30.6446,1,True,0.0077,Rodin College House -> Huntsman Hall -> Claudia Cohen Hall
98,Rodin College House,Claudia Cohen Hall,Coffee nearby,60.0,exact_dynamic_programming,19.4,19.4,0.0,12.4547,40.0,52.4547,2,True,0.1796,Rodin College House -> Huntsman Hall -> Houston Hall -> Claudia Cohen Hall
98,Rodin College House,Claudia Cohen Hall,Coffee nearby,60.0,greedy_reward_per_minute,17.6,19.4,9.2784,18.8138,40.0,58.8138,2,True,0.0157,Rodin College House -> Houston Hall -> Levine Hall -> Claudia Cohen Hall
98,Rodin College House,Claudia Cohen Hall,Coffee nearby,60.0,nearest,15.8,19.4,18.5567,11.4867,45.0,56.4867,2,True,0.0097,Rodin College House -> Huntsman Hall -> Van Pelt Library -> Claudia Cohen Hall
99,Rodin College House,Claudia Cohen Hall,Coffee nearby,90.0,exact_dynamic_programming,26.4,26.4,0.0,17.8895,60.0,77.8895,3,True,0.2631,Rodin College House -> Huntsman Hall -> Levine Hall -> Houston Hall -> Claudia Cohen Hall
99,Rodin College House,Claudia Cohen Hall,Coffee nearby,90.0,greedy_reward_per_minute,26.4,26.4,0.0,22.7554,65.0,87.7554,3,True,0.0198,Rodin College House -> Houston Hall -> Huntsman Hall -> Van Pelt Library -> Claudia Cohen Hall
99,Rodin College House,Claudia Cohen Hall,Coffee nearby,90.0,nearest,20.6,26.4,21.9697,13.3068,70.0,83.3068,3,True,0.0117,Rodin College House -> Huntsman Hall -> Van Pelt Library -> Fisher Fine Arts Library -> Claudia Cohen Hall
100,Rodin College House,Claudia Cohen Hall,Power outlets,45.0,exact_dynamic_programming,11.0,11.0,0.0,10.3633,25.0,35.3633,1,True,0.1493,Rodin College House -> Van Pelt Library -> Claudia Cohen Hall
100,Rodin College House,Claudia Cohen Hall,Power outlets,45.0,greedy_reward_per_minute,11.0,11.0,0.0,10.3633,25.0,35.3633,1,True,0.0122,Rodin College House -> Van Pelt Library -> Claudia Cohen Hall
100,Rodin College House,Claudia Cohen Hall,Power outlets,45.0,nearest,8.8,11.0,20.0,10.6446,20.0,30.6446,1,True,0.0079,Rodin College House -> Huntsman Hall -> Claudia Cohen Hall
101,Rodin College House,Claudia Cohen Hall,Power outlets,60.0,exact_dynamic_programming,19.8,19.8,0.0,11.4867,45.0,56.4867,2,True,0.1677,Rodin College House -> Huntsman Hall -> Van Pelt Library -> Claudia Cohen Hall
101,Rodin College House,Claudia Cohen Hall,Power outlets,60.0,greedy_reward_per_minute,17.6,19.8,11.1111,12.1735,45.0,57.1735,2,True,0.0146,Rodin College House -> Van Pelt Library -> Houston Hall -> Claudia Cohen Hall
101,Rodin College House,Claudia Cohen Hall,Power outlets,60.0,nearest,19.8,19.8,0.0,11.4867,45.0,56.4867,2,True,0.0101,Rodin College House -> Huntsman Hall -> Van Pelt Library -> Claudia Cohen Hall
102,Rodin College House,Claudia Cohen Hall,Power outlets,90.0,exact_dynamic_programming,30.8,30.8,0.0,18.3006,65.0,83.3006,3,True,0.2596,Rodin College House -> Huntsman Hall -> Levine Hall -> Van Pelt Library -> Claudia Cohen Hall
102,Rodin College House,Claudia Cohen Hall,Power outlets,90.0,greedy_reward_per_minute,30.8,30.8,0.0,19.2843,65.0,84.2843,3,True,0.0193,Rodin College House -> Van Pelt Library -> Levine Hall -> Towne Building -> Claudia Cohen Hall
102,Rodin College House,Claudia Cohen Hall,Power outlets,90.0,nearest,28.6,30.8,7.1429,13.3068,70.0,83.3068,3,True,0.0115,Rodin College House -> Huntsman Hall -> Van Pelt Library -> Fisher Fine Arts Library -> Claudia Cohen Hall
103,Rodin College House,Claudia Cohen Hall,No preference,45.0,exact_dynamic_programming,9.0,9.0,0.0,10.3633,25.0,35.3633,1,True,0.153,Rodin College House -> Van Pelt Library -> Claudia Cohen Hall
103,Rodin College House,Claudia Cohen Hall,No preference,45.0,greedy_reward_per_minute,8.3,9.0,7.7778,10.6446,20.0,30.6446,1,True,0.0272,Rodin College House -> Huntsman Hall -> Claudia Cohen Hall
103,Rodin College House,Claudia Cohen Hall,No preference,45.0,nearest,8.3,9.0,7.7778,10.6446,20.0,30.6446,1,True,0.0081,Rodin College House -> Huntsman Hall -> Claudia Cohen Hall
104,Rodin College House,Claudia Cohen Hall,No preference,60.0,exact_dynamic_programming,17.3,17.3,0.0,11.4867,45.0,56.4867,2,True,0.1733,Rodin College House -> Huntsman Hall -> Van Pelt Library -> Claudia Cohen Hall
104,Rodin College House,Claudia Cohen Hall,No preference,60.0,greedy_reward_per_minute,16.4,17.3,5.2023,12.4547,40.0,52.4547,2,True,0.0181,Rodin College House -> Huntsman Hall -> Houston Hall -> Claudia Cohen Hall
104,Rodin College House,Claudia Cohen Hall,No preference,60.0,nearest,17.3,17.3,0.0,11.4867,45.0,56.4867,2,True,0.0104,Rodin College House -> Huntsman Hall -> Van Pelt Library -> Claudia Cohen Hall
105,Rodin College House,Claudia Cohen Hall,No preference,90.0,exact_dynamic_programming,26.3,26.3,0.0,17.7505,70.0,87.7505,3,True,0.2715,Rodin College House -> Huntsman Hall -> Holman Biotech Commons -> Van Pelt Library -> Claudia Cohen Hall
105,Rodin College House,Claudia Cohen Hall,No preference,90.0,greedy_reward_per_minute,25.4,26.3,3.4221,16.2121,65.0,81.2121,3,True,0.0219,Rodin College House -> Huntsman Hall -> Houston Hall -> Van Pelt Library -> Claudia Cohen Hall
105,Rodin College House,Claudia Cohen Hall,No preference,90.0,nearest,24.6,26.3,6.4639,13.3068,70.0,83.3068,3,True,0.0126,Rodin College House -> Huntsman Hall -> Van Pelt Library -> Fisher Fine Arts Library -> Claudia Cohen Hall
106,Rodin College House,Annenberg School of Communication,Quiet,45.0,exact_dynamic_programming,11.0,11.0,0.0,10.2031,25.0,35.2031,1,True,0.1547,Rodin College House -> Van Pelt Library -> Annenberg School of Communication
106,Rodin College House,Annenberg School of Communication,Quiet,45.0,greedy_reward_per_minute,11.0,11.0,0.0,10.2031,25.0,35.2031,1,True,0.0134,Rodin College House -> Van Pelt Library -> Annenberg School of Communication
106,Rodin College House,Annenberg School of Communication,Quiet,45.0,nearest,4.8,11.0,56.3636,7.6843,20.0,27.6843,1,True,0.0084,Rodin College House -> Huntsman Hall -> Annenberg School of Communication
107,Rodin College House,Annenberg School of Communication,Quiet,60.0,exact_dynamic_programming,15.8,15.8,0.0,11.3265,45.0,56.3265,2,True,0.1714,Rodin College House -> Huntsman Hall -> Van Pelt Library -> Annenberg School of Communication
107,Rodin College House,Annenberg School of Communication,Quiet,60.0,greedy_reward_per_minute,11.0,15.8,30.3797,10.2031,25.0,35.2031,1,True,0.0131,Rodin College House -> Van Pelt Library -> Annenberg School of Communication
107,Rodin College House,Annenberg School of Communication,Quiet,60.0,nearest,15.8,15.8,0.0,11.3265,45.0,56.3265,2,True,0.0104,Rodin College House -> Huntsman Hall -> Van Pelt Library -> Annenberg School of Communication
108,Rodin College House,Annenberg School of Communication,Quiet,90.0,exact_dynamic_programming,28.8,28.8,0.0,18.3858,70.0,88.3858,3,True,0.2667,Rodin College House -> Fisher Fine Arts Library -> Levine Hall -> Van Pelt Library -> Annenberg School of Communication
108,Rodin College House,Annenberg School of Communication,Quiet,90.0,greedy_reward_per_minute,28.8,28.8,0.0,19.2316,70.0,89.2316,3,True,0.0202,Rodin College House -> Van Pelt Library -> Fisher Fine Arts Library -> Levine Hall -> Annenberg School of Communication
108,Rodin College House,Annenberg School of Communication,Quiet,90.0,nearest,26.6,28.8,7.6389,14.7473,70.0,84.7473,3,True,0.0117,Rodin College House -> Huntsman Hall -> Van Pelt Library -> Fisher Fine Arts Library -> Annenberg School of Communication
109,Rodin College House,Annenberg School of Communication,Collaborative,45.0,exact_dynamic_programming,10.8,10.8,0.0,7.6843,20.0,27.6843,1,True,0.1471,Rodin College House -> Huntsman Hall -> Annenberg School of Communication
109,Rodin College House,Annenberg School of Communication,Collaborative,45.0,greedy_reward_per_minute,10.8,10.8,0.0,7.6843,20.0,27.6843,1,True,0.0124,Rodin College House -> Huntsman Hall -> Annenberg School of Communication
109,Rodin College House,Annenberg School of Communication,Collaborative,45.0,nearest,10.8,10.8,0.0,7.6843,20.0,27.6843,1,True,0.0082,Rodin College House -> Huntsman Hall -> Annenberg School of Communication
110,Rodin College House,Annenberg School of Communication,Collaborative,60.0,exact_dynamic_programming,21.4,21.4,0.0,15.4065,40.0,55.4065,2,True,0.1645,Rodin College House -> Huntsman Hall -> Houston Hall -> Annenberg School of Communication
110,Rodin College House,Annenberg School of Communication,Collaborative,60.0,greedy_reward_per_minute,21.4,21.4,0.0,15.4065,40.0,55.4065,2,True,0.0162,Rodin College House -> Huntsman Hall -> Houston Hall -> Annenberg School of Communication
110,Rodin College House,Annenberg School of Communication,Collaborative,60.0,nearest,17.8,21.4,16.8224,11.3265,45.0,56.3265,2,True,0.0102,Rodin College House -> Huntsman Hall -> Van Pelt Library -> Annenberg School of Communication
111,Rodin College House,Annenberg School of Communication,Collaborative,90.0,exact_dynamic_programming,30.4,30.4,0.0,20.8413,60.0,80.8413,3,True,0.2621,Rodin College House -> Huntsman Hall -> Levine Hall -> Houston Hall -> Annenberg School of Communication
111,Rodin College House,Annenberg School of Communication,Collaborative,90.0,greedy_reward_per_minute,30.4,30.4,0.0,21.5522,60.0,81.5522,3,True,0.0201,Rodin College House -> Huntsman Hall -> Houston Hall -> Levine Hall -> Annenberg School of Communication
111,Rodin College House,Annenberg School of Communication,Collaborative,90.0,nearest,22.6,30.4,25.6579,14.7473,70.0,84.7473,3,True,0.0119,Rodin College House -> Huntsman Hall -> Van Pelt Library -> Fisher Fine Arts Library -> Annenberg School of Communication
112,Rodin College House,Annenberg School of Communication,Coffee nearby,45.0,exact_dynamic_programming,10.6,10.6,0.0,13.202,20.0,33.202,1,True,0.1455,Rodin College House -> Houston Hall -> Annenberg School of Communication
112,Rodin College House,Annenberg School of Communication,Coffee nearby,45.0,greedy_reward_per_minute,8.8,10.6,16.9811,7.6843,20.0,27.6843,1,True,0.0122,Rodin College House -> Huntsman Hall -> Annenberg School of Communication
112,Rodin College House,Annenberg School of Communication,Coffee nearby,45.0,nearest,8.8,10.6,16.9811,7.6843,20.0,27.6843,1,True,0.0077,Rodin College House -> Huntsman Hall -> Annenberg School of Communication
113,Rodin College House,Annenberg School of Communication,Coffee nearby,60.0,exact_dynamic_programming,19.4,19.4,0.0,15.4065,40.0,55.4065,2,True,0.164,Rodin College House -> Huntsman Hall -> Houston Hall -> Annenberg School of Communication
113,Rodin College House,Annenberg School of Communication,Coffee nearby,60.0,greedy_reward_per_minute,19.4,19.4,0.0,15.4065,40.0,55.4065,2,True,0.0159,Rodin College House -> Huntsman Hall -> Houston Hall -> Annenberg School of Communication
113,Rodin College House,Annenberg School of Communication,Coffee nearby,60.0,nearest,15.8,19.4,18.5567,11.3265,45.0,56.3265,2,True,0.0095,Rodin College House -> Huntsman Hall -> Van Pelt Library -> Annenberg School of Communication
114,Rodin College House,Annenberg School of Communication,Coffee nearby,90.0,exact_dynamic_programming,26.4,26.4,0.0,20.8413,60.0,80.8413,3,True,0.26,Rodin College House -> Huntsman Hall -> Levine Hall -> Houston Hall -> Annenberg School of Communication
114,Rodin College House,Annenberg School of Communication,Coffee nearby,90.0,greedy_reward_per_minute,26.4,26.4,0.0,16.0519,65.0,81.0519,3,True,0.0201,Rodin College House -> Huntsman Hall -> Houston Hall -> Van Pelt Library -> Annenberg School of Communication
114,Rodin College House,Annenberg School of Communication,Coffee nearby,90.0,nearest,20.6,26.4,21.9697,14.7473,70.0,84.7473,3,True,0.0114,Rodin College House -> Huntsman Hall -> Van Pelt Library -> Fisher Fine Arts Library -> Annenberg School of Communication
115,Rodin College House,Annenberg School of Communication,Power outlets,45.0,exact_dynamic_programming,11.0,11.0,0.0,10.2031,25.0,35.2031,1,True,0.147,Rodin College House -> Van Pelt Library -> Annenberg School of Communication
115,Rodin College House,Annenberg School of Communication,Power outlets,45.0,greedy_reward_per_minute,8.8,11.0,20.0,7.6843,20.0,27.6843,1,True,0.012,Rodin College House -> Huntsman Hall -> Annenberg School of Communication
115,Rodin College House,Annenberg School of Communication,Power outlets,45.0,nearest,8.8,11.0,20.0,7.6843,20.0,27.6843,1,True,0.0078,Rodin College House -> Huntsman Hall -> Annenberg School of Communication
116,Rodin College House,Annenberg School of Communication,Power outlets,60.0,exact_dynamic_programming,19.8,19.8,0.0,11.3265,45.0,56.3265,2,True,0.1649,Rodin College House -> Huntsman Hall -> Van Pelt Library -> Annenberg School of Communication
116,Rodin College House,Annenberg School of Communication,Power outlets,60.0,greedy_reward_per_minute,19.8,19.8,0.0,11.3265,45.0,56.3265,2,True,0.016,Rodin College House -> Huntsman Hall -> Van Pelt Library -> Annenberg School of Communication
116,Rodin College House,Annenberg School of Communication,Power outlets,60.0,nearest,19.8,19.8,0.0,11.3265,45.0,56.3265,2,True,0.0099,Rodin College House -> Huntsman Hall -> Van Pelt Library -> Annenberg School of Communication
117,Rodin College House,Annenberg School of Communication,Power outlets,90.0,exact_dynamic_programming,30.8,30.8,0.0,18.1404,65.0,83.1404,3,True,0.2658,Rodin College House -> Huntsman Hall -> Levine Hall -> Van Pelt Library -> Annenberg School of Communication
117,Rodin College House,Annenberg School of Communication,Power outlets,90.0,greedy_reward_per_minute,30.8,30.8,0.0,19.0481,65.0,84.0481,3,True,0.0199,Rodin College House -> Huntsman Hall -> Van Pelt Library -> Levine Hall -> Annenberg School of Communication
117,Rodin College House,Annenberg School of Communication,Power outlets,90.0,nearest,28.6,30.8,7.1429,14.7473,70.0,84.7473,3,True,0.0117,Rodin College House -> Huntsman Hall -> Van Pelt Library -> Fisher Fine Arts Library -> Annenberg School of Communication
118,Rodin College House,Annenberg School of Communication,No preference,45.0,exact_dynamic_programming,9.0,9.0,0.0,10.2031,25.0,35.2031,1,True,0.155,Rodin College House -> Van Pelt Library -> Annenberg School of Communication
118,Rodin College House,Annenberg School of Communication,No preference,45.0,greedy_reward_per_minute,8.3,9.0,7.7778,7.6843,20.0,27.6843,1,True,0.0132,Rodin College House -> Huntsman Hall -> Annenberg School of Communication
118,Rodin College House,Annenberg School of Communication,No preference,45.0,nearest,8.3,9.0,7.7778,7.6843,20.0,27.6843,1,True,0.0082,Rodin College House -> Huntsman Hall -> Annenberg School of Communication
119,Rodin College House,Annenberg School of Communication,No preference,60.0,exact_dynamic_programming,17.3,17.3,0.0,11.3265,45.0,56.3265,2,True,0.1864,Rodin College House -> Huntsman Hall -> Van Pelt Library -> Annenberg School of Communication
119,Rodin College House,Annenberg School of Communication,No preference,60.0,greedy_reward_per_minute,17.3,17.3,0.0,11.3265,45.0,56.3265,2,True,0.0179,Rodin College House -> Huntsman Hall -> Van Pelt Library -> Annenberg School of Communication
119,Rodin College House,Annenberg School of Communication,No preference,60.0,nearest,17.3,17.3,0.0,11.3265,45.0,56.3265,2,True,0.0102,Rodin College House -> Huntsman Hall -> Van Pelt Library -> Annenberg School of Communication
120,Rodin College House,Annenberg School of Communication,No preference,90.0,exact_dynamic_programming,26.3,26.3,0.0,17.5903,70.0,87.5903,3,True,0.2784,Rodin College House -> Huntsman Hall -> Holman Biotech Commons -> Van Pelt Library -> Annenberg School of Communication
120,Rodin College House,Annenberg School of Communication,No preference,90.0,greedy_reward_per_minute,25.4,26.3,3.4221,16.2487,65.0,81.2487,3,True,0.0213,Rodin College House -> Huntsman Hall -> Van Pelt Library -> Houston Hall -> Annenberg School of Communication
120,Rodin College House,Annenberg School of Communication,No preference,90.0,nearest,24.6,26.3,6.4639,14.7473,70.0,84.7473,3,True,0.0121,Rodin College House -> Huntsman Hall -> Van Pelt Library -> Fisher Fine Arts Library -> Annenberg School of Communication
121,Harnwell College House,Towne Building,Quiet,45.0,exact_dynamic_programming,11.0,11.0,0.0,12.1109,25.0,37.1109,1,True,0.0777,Harnwell College House -> Van Pelt Library -> Towne Building
121,Harnwell College House,Towne Building,Quiet,45.0,greedy_reward_per_minute,11.0,11.0,0.0,12.1109,25.0,37.1109,1,True,0.0116,Harnwell College House -> Van Pelt Library -> Towne Building
121,Harnwell College House,Towne Building,Quiet,45.0,nearest,4.8,11.0,56.3636,13.7861,20.0,33.7861,1,True,0.0074,Harnwell College House -> Huntsman Hall -> Towne Building
122,Harnwell College House,Towne Building,Quiet,60.0,exact_dynamic_programming,18.0,18.0,0.0,14.2849,45.0,59.2849,2,True,0.0863,Harnwell College House -> Van Pelt Library -> Levine Hall -> Towne Building
122,Harnwell College House,Towne Building,Quiet,60.0,greedy_reward_per_minute,18.0,18.0,0.0,14.2849,45.0,59.2849,2,True,0.0141,Harnwell College House -> Van Pelt Library -> Levine Hall -> Towne Building
122,Harnwell College House,Towne Building,Quiet,60.0,nearest,15.8,18.0,12.2222,13.7907,45.0,58.7907,2,True,0.0091,Harnwell College House -> Huntsman Hall -> Van Pelt Library -> Towne Building
123,Harnwell College House,Towne Building,Quiet,90.0,exact_dynamic_programming,28.8,28.8,0.0,15.5918,70.0,85.5918,3,True,0.1388,Harnwell College House -> Van Pelt Library -> Fisher Fine Arts Library -> Levine Hall -> Towne Building
123,Harnwell College House,Towne Building,Quiet,90.0,greedy_reward_per_minute,28.8,28.8,0.0,15.5918,70.0,85.5918,3,True,0.0175,Harnwell College House -> Van Pelt Library -> Fisher Fine Arts Library -> Levine Hall -> Towne Building
123,Harnwell College House,Towne Building,Quiet,90.0,nearest,26.6,28.8,7.6389,14.831,70.0,84.831,3,True,0.0107,Harnwell College House -> Huntsman Hall -> Van Pelt Library -> Fisher Fine Arts Library -> Towne Building
124,Harnwell College House,Towne Building,Collaborative,45.0,exact_dynamic_programming,10.8,10.8,0.0,13.7861,20.0,33.7861,1,True,0.0815,Harnwell College House -> Huntsman Hall -> Towne Building
124,Harnwell College House,Towne Building,Collaborative,45.0,greedy_reward_per_minute,10.6,10.8,1.8519,13.2673,20.0,33.2673,1,True,0.0122,Harnwell College House -> Houston Hall -> Towne Building
124,Harnwell College House,Towne Building,Collaborative,45.0,nearest,10.8,10.8,0.0,13.7861,20.0,33.7861,1,True,0.0077,Harnwell College House -> Huntsman Hall -> Towne Building
125,Harnwell College House,Towne Building,Collaborative,60.0,exact_dynamic_programming,21.4,21.4,0.0,16.0282,40.0,56.0282,2,True,0.0947,Harnwell College House -> Huntsman Hall -> Houston Hall -> Towne Building
125,Harnwell College House,Towne Building,Collaborative,60.0,greedy_reward_per_minute,19.6,21.4,8.4112,15.7079,40.0,55.7079,2,True,0.0146,Harnwell College House -> Houston Hall -> Levine Hall -> Towne Building
125,Harnwell College House,Towne Building,Collaborative,60.0,nearest,17.8,21.4,16.8224,13.7907,45.0,58.7907,2,True,0.0097,Harnwell College House -> Huntsman Hall -> Van Pelt Library -> Towne Building
126,Harnwell College House,Towne Building,Collaborative,90.0,exact_dynamic_programming,30.4,30.4,0.0,18.4688,60.0,78.4688,3,True,0.1403,Harnwell College House -> Huntsman Hall -> Houston Hall -> Levine Hall -> Towne Building
126,Harnwell College House,Towne Building,Collaborative,90.0,greedy_reward_per_minute,30.4,30.4,0.0,29.9332,60.0,89.9332,3,True,0.0179,Harnwell College House -> Houston Hall -> Levine Hall -> Huntsman Hall -> Towne Building
126,Harnwell College House,Towne Building,Collaborative,90.0,nearest,22.6,30.4,25.6579,14.831,70.0,84.831,3,True,0.0106,Harnwell College House -> Huntsman Hall -> Van Pelt Library -> Fisher Fine Arts Library -> Towne Building
127,Harnwell College House,Towne Building,Coffee nearby,45.0,exact_dynamic_programming,10.6,10.6,0.0,13.2673,20.0,33.2673,1,True,0.0761,Harnwell College House -> Houston Hall -> Towne Building
127,Harnwell College House,Towne Building,Coffee nearby,45.0,greedy_reward_per_minute,10.6,10.6,0.0,13.2673,20.0,33.2673,1,True,0.0113,Harnwell College House -> Houston Hall -> Towne Building
127,Harnwell College House,Towne Building,Coffee nearby,45.0,nearest,8.8,10.6,16.9811,13.7861,20.0,33.7861,1,True,0.0072,Harnwell College House -> Huntsman Hall -> Towne Building
128,Harnwell College House,Towne Building,Coffee nearby,60.0,exact_dynamic_programming,19.4,19.4,0.0,16.0282,40.0,56.0282,2,True,0.089,Harnwell College House -> Huntsman Hall -> Houston Hall -> Towne Building
128,Harnwell College House,Towne Building,Coffee nearby,60.0,greedy_reward_per_minute,17.6,19.4,9.2784,15.7079,40.0,55.7079,2,True,0.0142,Harnwell College House -> Houston Hall -> Levine Hall -> Towne Building
128,Harnwell College House,Towne Building,Coffee nearby,60.0,nearest,15.8,19.4,18.5567,13.7907,45.0,58.7907,2,True,0.0094,Harnwell College House -> Huntsman Hall -> Van Pelt Library -> Towne Building
129,Harnwell College House,Towne Building,Coffee nearby,90.0,exact_dynamic_programming,26.4,26.4,0.0,18.4688,60.0,78.4688,3,True,0.1393,Harnwell College House -> Huntsman Hall -> Houston Hall -> Levine Hall -> Towne Building
129,Harnwell College House,Towne Building,Coffee nearby,90.0,greedy_reward_per_minute,26.4,26.4,0.0,29.9332,60.0,89.9332,3,True,0.0176,Harnwell College House -> Houston Hall -> Levine Hall -> Huntsman Hall -> Towne Building
129,Harnwell College House,Towne Building,Coffee nearby,90.0,nearest,20.6,26.4,21.9697,14.831,70.0,84.831,3,True,0.0107,Harnwell College House -> Huntsman Hall -> Van Pelt Library -> Fisher Fine Arts Library -> Towne Building
130,Harnwell College House,Towne Building,Power outlets,45.0,exact_dynamic_programming,11.0,11.0,0.0,13.8307,20.0,33.8307,1,True,0.0794,Harnwell College House -> Levine Hall -> Towne Building
130,Harnwell College House,Towne Building,Power outlets,45.0,greedy_reward_per_minute,11.0,11.0,0.0,13.8307,20.0,33.8307,1,True,0.012,Harnwell College House -> Levine Hall -> Towne Building
130,Harnwell College House,Towne Building,Power outlets,45.0,nearest,8.8,11.0,20.0,13.7861,20.0,33.7861,1,True,0.0077,Harnwell College House -> Huntsman Hall -> Towne Building
131,Harnwell College House,Towne Building,Power outlets,60.0,exact_dynamic_programming,22.0,22.0,0.0,14.2849,45.0,59.2849,2,True,0.0856,Harnwell College House -> Van Pelt Library -> Levine Hall -> Towne Building
131,Harnwell College House,Towne Building,Power outlets,60.0,greedy_reward_per_minute,11.0,22.0,50.0,13.8307,20.0,33.8307,1,True,0.0116,Harnwell College House -> Levine Hall -> Towne Building
131,Harnwell College House,Towne Building,Power outlets,60.0,nearest,19.8,22.0,10.0,13.7907,45.0,58.7907,2,True,0.0096,Harnwell College House -> Huntsman Hall -> Van Pelt Library -> Towne Building
132,Harnwell College House,Towne Building,Power outlets,90.0,exact_dynamic_programming,33.0,33.0,0.0,17.6996,70.0,87.6996,3,True,0.5633,Harnwell College House -> Holman Biotech Commons -> Van Pelt Library -> Levine Hall -> Towne Building
132,Harnwell College House,Towne Building,Power outlets,90.0,greedy_reward_per_minute,28.6,33.0,13.3333,22.5988,65.0,87.5988,3,True,0.0262,Harnwell College House -> Levine Hall -> Van Pelt Library -> Houston Hall -> Towne Building
132,Harnwell College House,Towne Building,Power outlets,90.0,nearest,28.6,33.0,13.3333,14.831,70.0,84.831,3,True,0.0132,Harnwell College House -> Huntsman Hall -> Van Pelt Library -> Fisher Fine Arts Library -> Towne Building
133,Harnwell College House,Towne Building,No preference,45.0,exact_dynamic_programming,9.0,9.0,0.0,12.1109,25.0,37.1109,1,True,0.0853,Harnwell College House -> Van Pelt Library -> Towne Building
133,Harnwell College House,Towne Building,No preference,45.0,greedy_reward_per_minute,8.5,9.0,5.5556,13.8307,20.0,33.8307,1,True,0.0137,Harnwell College House -> Levine Hall -> Towne Building
133,Harnwell College House,Towne Building,No preference,45.0,nearest,8.3,9.0,7.7778,13.7861,20.0,33.7861,1,True,0.0084,Harnwell College House -> Huntsman Hall -> Towne Building
134,Harnwell College House,Towne Building,No preference,60.0,exact_dynamic_programming,17.5,17.5,0.0,14.2849,45.0,59.2849,2,True,0.0886,Harnwell College House -> Van Pelt Library -> Levine Hall -> Towne Building
134,Harnwell College House,Towne Building,No preference,60.0,greedy_reward_per_minute,8.5,17.5,51.4286,13.8307,20.0,33.8307,1,True,0.0123,Harnwell College House -> Levine Hall -> Towne Building
134,Harnwell College House,Towne Building,No preference,60.0,nearest,17.3,17.5,1.1429,13.7907,45.0,58.7907,2,True,0.0097,Harnwell College House -> Huntsman Hall -> Van Pelt Library -> Towne Building
135,Harnwell College House,Towne Building,No preference,90.0,exact_dynamic_programming,26.5,26.5,0.0,17.6996,70.0,87.6996,3,True,0.1562,Harnwell College House -> Holman Biotech Commons -> Van Pelt Library -> Levine Hall -> Towne Building
135,Harnwell College House,Towne Building,No preference,90.0,greedy_reward_per_minute,25.6,26.5,3.3962,22.8654,65.0,87.8654,3,True,0.0183,Harnwell College House -> Levine Hall -> Houston Hall -> Van Pelt Library -> Towne Building
135,Harnwell College House,Towne Building,No preference,90.0,nearest,24.6,26.5,7.1698,14.831,70.0,84.831,3,True,0.0111,Harnwell College House -> Huntsman Hall -> Van Pelt Library -> Fisher Fine Arts Library -> Towne Building
136,Harnwell College House,Moore School Building,Quiet,45.0,exact_dynamic_programming,11.0,11.0,0.0,12.5384,25.0,37.5384,1,True,0.1482,Harnwell College House -> Van Pelt Library -> Moore School Building
136,Harnwell College House,Moore School Building,Quiet,45.0,greedy_reward_per_minute,11.0,11.0,0.0,12.5384,25.0,37.5384,1,True,0.0125,Harnwell College House -> Van Pelt Library -> Moore School Building
136,Harnwell College House,Moore School Building,Quiet,45.0,nearest,4.8,11.0,56.3636,13.1698,20.0,33.1698,1,True,0.0078,Harnwell College House -> Huntsman Hall -> Moore School Building
137,Harnwell College House,Moore School Building,Quiet,60.0,exact_dynamic_programming,18.0,18.0,0.0,13.7869,45.0,58.7869,2,True,0.1623,Harnwell College House -> Van Pelt Library -> Levine Hall -> Moore School Building
137,Harnwell College House,Moore School Building,Quiet,60.0,greedy_reward_per_minute,18.0,18.0,0.0,13.7869,45.0,58.7869,2,True,0.0148,Harnwell College House -> Van Pelt Library -> Levine Hall -> Moore School Building
137,Harnwell College House,Moore School Building,Quiet,60.0,nearest,15.8,18.0,12.2222,14.2182,45.0,59.2182,2,True,0.0097,Harnwell College House -> Huntsman Hall -> Van Pelt Library -> Moore School Building
138,Harnwell College House,Moore School Building,Quiet,90.0,exact_dynamic_programming,28.8,28.8,0.0,15.0938,70.0,85.0938,3,True,0.2563,Harnwell College House -> Van Pelt Library -> Fisher Fine Arts Library -> Levine Hall -> Moore School Building
138,Harnwell College House,Moore School Building,Quiet,90.0,greedy_reward_per_minute,28.8,28.8,0.0,15.0938,70.0,85.0938,3,True,0.0195,Harnwell College House -> Van Pelt Library -> Fisher Fine Arts Library -> Levine Hall -> Moore School Building
138,Harnwell College House,Moore School Building,Quiet,90.0,nearest,26.6,28.8,7.6389,15.9528,70.0,85.9528,3,True,0.0116,Harnwell College House -> Huntsman Hall -> Van Pelt Library -> Fisher Fine Arts Library -> Moore School Building
139,Harnwell College House,Moore School Building,Collaborative,45.0,exact_dynamic_programming,10.8,10.8,0.0,13.1698,20.0,33.1698,1,True,0.1471,Harnwell College House -> Huntsman Hall -> Moore School Building
139,Harnwell College House,Moore School Building,Collaborative,45.0,greedy_reward_per_minute,10.8,10.8,0.0,13.1698,20.0,33.1698,1,True,0.0122,Harnwell College House -> Huntsman Hall -> Moore School Building
139,Harnwell College House,Moore School Building,Collaborative,45.0,nearest,10.8,10.8,0.0,13.1698,20.0,33.1698,1,True,0.0075,Harnwell College House -> Huntsman Hall -> Moore School Building
140,Harnwell College House,Moore School Building,Collaborative,60.0,exact_dynamic_programming,21.4,21.4,0.0,17.5138,40.0,57.5138,2,True,0.1608,Harnwell College House -> Huntsman Hall -> Houston Hall -> Moore School Building
140,Harnwell College House,Moore School Building,Collaborative,60.0,greedy_reward_per_minute,21.4,21.4,0.0,17.5138,40.0,57.5138,2,True,0.0158,Harnwell College House -> Huntsman Hall -> Houston Hall -> Moore School Building
140,Harnwell College House,Moore School Building,Collaborative,60.0,nearest,17.8,21.4,16.8224,14.2182,45.0,59.2182,2,True,0.01,Harnwell College House -> Huntsman Hall -> Van Pelt Library -> Moore School Building
141,Harnwell College House,Moore School Building,Collaborative,90.0,exact_dynamic_programming,30.4,30.4,0.0,17.9708,60.0,77.9708,3,True,0.2577,Harnwell College House -> Huntsman Hall -> Houston Hall -> Levine Hall -> Moore School Building
141,Harnwell College House,Moore School Building,Collaborative,90.0,greedy_reward_per_minute,30.4,30.4,0.0,17.9708,60.0,77.9708,3,True,0.0196,Harnwell College House -> Huntsman Hall -> Houston Hall -> Levine Hall -> Moore School Building
141,Harnwell College House,Moore School Building,Collaborative,90.0,nearest,22.6,30.4,25.6579,15.9528,70.0,85.9528,3,True,0.0116,Harnwell College House -> Huntsman Hall -> Van Pelt Library -> Fisher Fine Arts Library -> Moore School Building
142,Harnwell College House,Moore School Building,Coffee nearby,45.0,exact_dynamic_programming,10.6,10.6,0.0,14.7529,20.0,34.7529,1,True,0.1496,Harnwell College House -> Houston Hall -> Moore School Building
142,Harnwell College House,Moore School Building,Coffee nearby,45.0,greedy_reward_per_minute,10.6,10.6,0.0,14.7529,20.0,34.7529,1,True,0.0122,Harnwell College House -> Houston Hall -> Moore School Building
142,Harnwell College House,Moore School Building,Coffee nearby,45.0,nearest,8.8,10.6,16.9811,13.1698,20.0,33.1698,1,True,0.0078,Harnwell College House -> Huntsman Hall -> Moore School Building
143,Harnwell College House,Moore School Building,Coffee nearby,60.0,exact_dynamic_programming,19.4,19.4,0.0,17.5138,40.0,57.5138,2,True,0.1627,Harnwell College House -> Huntsman Hall -> Houston Hall -> Moore School Building
143,Harnwell College House,Moore School Building,Coffee nearby,60.0,greedy_reward_per_minute,17.6,19.4,9.2784,15.2099,40.0,55.2099,2,True,0.0154,Harnwell College House -> Houston Hall -> Levine Hall -> Moore School Building
143,Harnwell College House,Moore School Building,Coffee nearby,60.0,nearest,15.8,19.4,18.5567,14.2182,45.0,59.2182,2,True,0.01,Harnwell College House -> Huntsman Hall -> Van Pelt Library -> Moore School Building
144,Harnwell College House,Moore School Building,Coffee nearby,90.0,exact_dynamic_programming,26.4,26.4,0.0,17.9708,60.0,77.9708,3,True,0.2553,Harnwell College House -> Huntsman Hall -> Houston Hall -> Levine Hall -> Moore School Building
144,Harnwell College House,Moore School Building,Coffee nearby,90.0,greedy_reward_per_minute,26.4,26.4,0.0,29.3169,60.0,89.3169,3,True,0.032,Harnwell College House -> Houston Hall -> Levine Hall -> Huntsman Hall -> Moore School Building
144,Harnwell College House,Moore School Building,Coffee nearby,90.0,nearest,20.6,26.4,21.9697,15.9528,70.0,85.9528,3,True,0.0117,Harnwell College House -> Huntsman Hall -> Van Pelt Library -> Fisher Fine Arts Library -> Moore School Building
145,Harnwell College House,Moore School Building,Power outlets,45.0,exact_dynamic_programming,11.0,11.0,0.0,13.3327,20.0,33.3327,1,True,0.1486,Harnwell College House -> Levine Hall -> Moore School Building
145,Harnwell College House,Moore School Building,Power outlets,45.0,greedy_reward_per_minute,11.0,11.0,0.0,13.3327,20.0,33.3327,1,True,0.0123,Harnwell College House -> Levine Hall -> Moore School Building
145,Harnwell College House,Moore School Building,Power outlets,45.0,nearest,8.8,11.0,20.0,13.1698,20.0,33.1698,1,True,0.0078,Harnwell College House -> Huntsman Hall -> Moore School Building
146,Harnwell College House,Moore School Building,Power outlets,60.0,exact_dynamic_programming,22.0,22.0,0.0,13.7869,45.0,58.7869,2,True,0.1671,Harnwell College House -> Van Pelt Library -> Levine Hall -> Moore School Building
146,Harnwell College House,Moore School Building,Power outlets,60.0,greedy_reward_per_minute,19.8,22.0,10.0,15.8715,40.0,55.8715,2,True,0.0159,Harnwell College House -> Levine Hall -> Towne Building -> Moore School Building
146,Harnwell College House,Moore School Building,Power outlets,60.0,nearest,19.8,22.0,10.0,14.2182,45.0,59.2182,2,True,0.0259,Harnwell College House -> Huntsman Hall -> Van Pelt Library -> Moore School Building
147,Harnwell College House,Moore School Building,Power outlets,90.0,exact_dynamic_programming,33.0,33.0,0.0,17.2016,70.0,87.2016,3,True,0.279,Harnwell College House -> Holman Biotech Commons -> Van Pelt Library -> Levine Hall -> Moore School Building
147,Harnwell College House,Moore School Building,Power outlets,90.0,greedy_reward_per_minute,30.8,33.0,6.6667,22.0804,65.0,87.0804,3,True,0.0201,Harnwell College House -> Levine Hall -> Towne Building -> Van Pelt Library -> Moore School Building
147,Harnwell College House,Moore School Building,Power outlets,90.0,nearest,28.6,33.0,13.3333,15.9528,70.0,85.9528,3,True,0.012,Harnwell College House -> Huntsman Hall -> Van Pelt Library -> Fisher Fine Arts Library -> Moore School Building
148,Harnwell College House,Moore School Building,No preference,45.0,exact_dynamic_programming,9.0,9.0,0.0,12.5384,25.0,37.5384,1,True,0.1546,Harnwell College House -> Van Pelt Library -> Moore School Building
148,Harnwell College House,Moore School Building,No preference,45.0,greedy_reward_per_minute,8.5,9.0,5.5556,13.3327,20.0,33.3327,1,True,0.014,Harnwell College House -> Levine Hall -> Moore School Building
148,Harnwell College House,Moore School Building,No preference,45.0,nearest,8.3,9.0,7.7778,13.1698,20.0,33.1698,1,True,0.0086,Harnwell College House -> Huntsman Hall -> Moore School Building
149,Harnwell College House,Moore School Building,No preference,60.0,exact_dynamic_programming,17.5,17.5,0.0,13.7869,45.0,58.7869,2,True,0.1648,Harnwell College House -> Van Pelt Library -> Levine Hall -> Moore School Building
149,Harnwell College House,Moore School Building,No preference,60.0,greedy_reward_per_minute,15.3,17.5,12.5714,15.8715,40.0,55.8715,2,True,0.0151,Harnwell College House -> Levine Hall -> Towne Building -> Moore School Building
149,Harnwell College House,Moore School Building,No preference,60.0,nearest,17.3,17.5,1.1429,14.2182,45.0,59.2182,2,True,0.0099,Harnwell College House -> Huntsman Hall -> Van Pelt Library -> Moore School Building
150,Harnwell College House,Moore School Building,No preference,90.0,exact_dynamic_programming,26.5,26.5,0.0,17.2016,70.0,87.2016,3,True,0.2715,Harnwell College House -> Holman Biotech Commons -> Van Pelt Library -> Levine Hall -> Moore School Building
150,Harnwell College House,Moore School Building,No preference,90.0,greedy_reward_per_minute,23.4,26.5,11.6981,23.7303,60.0,83.7303,3,True,0.0212,Harnwell College House -> Levine Hall -> Towne Building -> Houston Hall -> Moore School Building
150,Harnwell College House,Moore School Building,No preference,90.0,nearest,24.6,26.5,7.1698,15.9528,70.0,85.9528,3,True,0.0125,Harnwell College House -> Huntsman Hall -> Van Pelt Library -> Fisher Fine Arts Library -> Moore School Building
151,Harnwell College House,Levine Hall,Quiet,45.0,exact_dynamic_programming,11.0,11.0,0.0,12.131,25.0,37.131,1,True,0.0813,Harnwell College House -> Van Pelt Library -> Levine Hall
151,Harnwell College House,Levine Hall,Quiet,45.0,greedy_reward_per_minute,11.0,11.0,0.0,12.131,25.0,37.131,1,True,0.0123,Harnwell College House -> Van Pelt Library -> Levine Hall
151,Harnwell College House,Levine Hall,Quiet,45.0,nearest,4.8,11.0,56.3636,12.7623,20.0,32.7623,1,True,0.008,Harnwell College House -> Huntsman Hall -> Levine Hall
152,Harnwell College House,Levine Hall,Quiet,60.0,exact_dynamic_programming,17.8,17.8,0.0,14.2648,45.0,59.2648,2,True,0.0875,Harnwell College House -> Van Pelt Library -> Towne Building -> Levine Hall
152,Harnwell College House,Levine Hall,Quiet,60.0,greedy_reward_per_minute,17.8,17.8,0.0,14.2648,45.0,59.2648,2,True,0.0145,Harnwell College House -> Van Pelt Library -> Towne Building -> Levine Hall
152,Harnwell College House,Levine Hall,Quiet,60.0,nearest,15.8,17.8,11.236,13.8108,45.0,58.8108,2,True,0.0095,Harnwell College House -> Huntsman Hall -> Van Pelt Library -> Levine Hall
153,Harnwell College House,Levine Hall,Quiet,90.0,exact_dynamic_programming,28.6,28.6,0.0,15.3051,70.0,85.3051,3,True,0.1543,Harnwell College House -> Van Pelt Library -> Fisher Fine Arts Library -> Towne Building -> Levine Hall
153,Harnwell College House,Levine Hall,Quiet,90.0,greedy_reward_per_minute,28.6,28.6,0.0,15.3051,70.0,85.3051,3,True,0.0187,Harnwell College House -> Van Pelt Library -> Fisher Fine Arts Library -> Towne Building -> Levine Hall
153,Harnwell College House,Levine Hall,Quiet,90.0,nearest,26.6,28.6,6.993,15.1177,70.0,85.1177,3,True,0.011,Harnwell College House -> Huntsman Hall -> Van Pelt Library -> Fisher Fine Arts Library -> Levine Hall
154,Harnwell College House,Levine Hall,Collaborative,45.0,exact_dynamic_programming,10.8,10.8,0.0,12.7623,20.0,32.7623,1,True,0.0788,Harnwell College House -> Huntsman Hall -> Levine Hall
154,Harnwell College House,Levine Hall,Collaborative,45.0,greedy_reward_per_minute,10.8,10.8,0.0,12.7623,20.0,32.7623,1,True,0.0119,Harnwell College House -> Huntsman Hall -> Levine Hall
154,Harnwell College House,Levine Hall,Collaborative,45.0,nearest,10.8,10.8,0.0,12.7623,20.0,32.7623,1,True,0.0076,Harnwell College House -> Huntsman Hall -> Levine Hall
155,Harnwell College House,Levine Hall,Collaborative,60.0,exact_dynamic_programming,21.4,21.4,0.0,16.3149,40.0,56.3149,2,True,0.0928,Harnwell College House -> Huntsman Hall -> Houston Hall -> Levine Hall
155,Harnwell College House,Levine Hall,Collaborative,60.0,greedy_reward_per_minute,21.4,21.4,0.0,16.3149,40.0,56.3149,2,True,0.0144,Harnwell College House -> Huntsman Hall -> Houston Hall -> Levine Hall
155,Harnwell College House,Levine Hall,Collaborative,60.0,nearest,17.8,21.4,16.8224,13.8108,45.0,58.8108,2,True,0.0091,Harnwell College House -> Huntsman Hall -> Van Pelt Library -> Levine Hall
156,Harnwell College House,Levine Hall,Collaborative,90.0,exact_dynamic_programming,30.4,30.4,0.0,20.3798,65.0,85.3798,3,True,0.1422,Harnwell College House -> Huntsman Hall -> Holman Biotech Commons -> Houston Hall -> Levine Hall
156,Harnwell College House,Levine Hall,Collaborative,90.0,greedy_reward_per_minute,28.2,30.4,7.2368,18.1821,60.0,78.1821,3,True,0.0182,Harnwell College House -> Huntsman Hall -> Houston Hall -> Towne Building -> Levine Hall
156,Harnwell College House,Levine Hall,Collaborative,90.0,nearest,22.6,30.4,25.6579,15.1177,70.0,85.1177,3,True,0.0107,Harnwell College House -> Huntsman Hall -> Van Pelt Library -> Fisher Fine Arts Library -> Levine Hall
157,Harnwell College House,Levine Hall,Coffee nearby,45.0,exact_dynamic_programming,10.6,10.6,0.0,13.554,20.0,33.554,1,True,0.0766,Harnwell College House -> Houston Hall -> Levine Hall
157,Harnwell College House,Levine Hall,Coffee nearby,45.0,greedy_reward_per_minute,10.6,10.6,0.0,13.554,20.0,33.554,1,True,0.0118,Harnwell College House -> Houston Hall -> Levine Hall
157,Harnwell College House,Levine Hall,Coffee nearby,45.0,nearest,8.8,10.6,16.9811,12.7623,20.0,32.7623,1,True,0.0075,Harnwell College House -> Huntsman Hall -> Levine Hall
158,Harnwell College House,Levine Hall,Coffee nearby,60.0,exact_dynamic_programming,19.4,19.4,0.0,16.3149,40.0,56.3149,2,True,0.0847,Harnwell College House -> Huntsman Hall -> Houston Hall -> Levine Hall
158,Harnwell College House,Levine Hall,Coffee nearby,60.0,greedy_reward_per_minute,15.4,19.4,20.6186,15.4212,40.0,55.4212,2,True,0.014,Harnwell College House -> Houston Hall -> Towne Building -> Levine Hall
158,Harnwell College House,Levine Hall,Coffee nearby,60.0,nearest,15.8,19.4,18.5567,13.8108,45.0,58.8108,2,True,0.009,Harnwell College House -> Huntsman Hall -> Van Pelt Library -> Levine Hall
159,Harnwell College House,Levine Hall,Coffee nearby,90.0,exact_dynamic_programming,26.4,26.4,0.0,17.1571,65.0,82.1571,3,True,0.1387,Harnwell College House -> Huntsman Hall -> Van Pelt Library -> Houston Hall -> Levine Hall
159,Harnwell College House,Levine Hall,Coffee nearby,90.0,greedy_reward_per_minute,26.4,26.4,0.0,24.5231,65.0,89.5231,3,True,0.0176,Harnwell College House -> Houston Hall -> Huntsman Hall -> Van Pelt Library -> Levine Hall
159,Harnwell College House,Levine Hall,Coffee nearby,90.0,nearest,20.6,26.4,21.9697,15.1177,70.0,85.1177,3,True,0.0107,Harnwell College House -> Huntsman Hall -> Van Pelt Library -> Fisher Fine Arts Library -> Levine Hall
160,Harnwell College House,Levine Hall,Power outlets,45.0,exact_dynamic_programming,11.0,11.0,0.0,12.131,25.0,37.131,1,True,0.0891,Harnwell College House -> Van Pelt Library -> Levine Hall
160,Harnwell College House,Levine Hall,Power outlets,45.0,greedy_reward_per_minute,11.0,11.0,0.0,12.131,25.0,37.131,1,True,0.0129,Harnwell College House -> Van Pelt Library -> Levine Hall
160,Harnwell College House,Levine Hall,Power outlets,45.0,nearest,8.8,11.0,20.0,12.7623,20.0,32.7623,1,True,0.008,Harnwell College House -> Huntsman Hall -> Levine Hall
161,Harnwell College House,Levine Hall,Power outlets,60.0,exact_dynamic_programming,19.8,19.8,0.0,13.8108,45.0,58.8108,2,True,0.0848,Harnwell College House -> Huntsman Hall -> Van Pelt Library -> Levine Hall
161,Harnwell College House,Levine Hall,Power outlets,60.0,greedy_reward_per_minute,19.8,19.8,0.0,14.2648,45.0,59.2648,2,True,0.0138,Harnwell College House -> Van Pelt Library -> Towne Building -> Levine Hall
161,Harnwell College House,Levine Hall,Power outlets,60.0,nearest,19.8,19.8,0.0,13.8108,45.0,58.8108,2,True,0.0093,Harnwell College House -> Huntsman Hall -> Van Pelt Library -> Levine Hall
162,Harnwell College House,Levine Hall,Power outlets,90.0,exact_dynamic_programming,30.8,30.8,0.0,17.6795,70.0,87.6795,3,True,0.1439,Harnwell College House -> Holman Biotech Commons -> Van Pelt Library -> Towne Building -> Levine Hall
162,Harnwell College House,Levine Hall,Power outlets,90.0,greedy_reward_per_minute,28.6,30.8,7.1429,18.8796,70.0,88.8796,3,True,0.0172,Harnwell College House -> Van Pelt Library -> Towne Building -> Fisher Fine Arts Library -> Levine Hall
162,Harnwell College House,Levine Hall,Power outlets,90.0,nearest,28.6,30.8,7.1429,15.1177,70.0,85.1177,3,True,0.011,Harnwell College House -> Huntsman Hall -> Van Pelt Library -> Fisher Fine Arts Library -> Levine Hall
163,Harnwell College House,Levine Hall,No preference,45.0,exact_dynamic_programming,9.0,9.0,0.0,12.131,25.0,37.131,1,True,0.0804,Harnwell College House -> Van Pelt Library -> Levine Hall
163,Harnwell College House,Levine Hall,No preference,45.0,greedy_reward_per_minute,8.3,9.0,7.7778,12.7623,20.0,32.7623,1,True,0.0121,Harnwell College House -> Huntsman Hall -> Levine Hall
163,Harnwell College House,Levine Hall,No preference,45.0,nearest,8.3,9.0,7.7778,12.7623,20.0,32.7623,1,True,0.0074,Harnwell College House -> Huntsman Hall -> Levine Hall
164,Harnwell College House,Levine Hall,No preference,60.0,exact_dynamic_programming,17.3,17.3,0.0,13.8108,45.0,58.8108,2,True,0.0886,Harnwell College House -> Huntsman Hall -> Van Pelt Library -> Levine Hall
164,Harnwell College House,Levine Hall,No preference,60.0,greedy_reward_per_minute,17.3,17.3,0.0,13.8108,45.0,58.8108,2,True,0.0147,Harnwell College House -> Huntsman Hall -> Van Pelt Library -> Levine Hall
164,Harnwell College House,Levine Hall,No preference,60.0,nearest,17.3,17.3,0.0,13.8108,45.0,58.8108,2,True,0.009,Harnwell College House -> Huntsman Hall -> Van Pelt Library -> Levine Hall
165,Harnwell College House,Levine Hall,No preference,90.0,exact_dynamic_programming,26.1,26.1,0.0,18.0722,70.0,88.0722,3,True,0.1416,Harnwell College House -> Holman Biotech Commons -> Houston Hall -> Van Pelt Library -> Levine Hall
165,Harnwell College House,Levine Hall,No preference,90.0,greedy_reward_per_minute,25.4,26.1,2.682,17.1571,65.0,82.1571,3,True,0.0187,Harnwell College House -> Huntsman Hall -> Van Pelt Library -> Houston Hall -> Levine Hall
165,Harnwell College House,Levine Hall,No preference,90.0,nearest,24.6,26.1,5.7471,15.1177,70.0,85.1177,3,True,0.0108,Harnwell College House -> Huntsman Hall -> Van Pelt Library -> Fisher Fine Arts Library -> Levine Hall
166,Harnwell College House,David Rittenhouse Laboratory,Quiet,45.0,exact_dynamic_programming,11.0,11.0,0.0,12.8499,25.0,37.8499,1,True,0.1662,Harnwell College House -> Van Pelt Library -> David Rittenhouse Laboratory
166,Harnwell College House,David Rittenhouse Laboratory,Quiet,45.0,greedy_reward_per_minute,11.0,11.0,0.0,12.8499,25.0,37.8499,1,True,0.0132,Harnwell College House -> Van Pelt Library -> David Rittenhouse Laboratory
166,Harnwell College House,David Rittenhouse Laboratory,Quiet,45.0,nearest,4.8,11.0,56.3636,13.4812,20.0,33.4812,1,True,0.0082,Harnwell College House -> Huntsman Hall -> David Rittenhouse Laboratory
167,Harnwell College House,David Rittenhouse Laboratory,Quiet,60.0,exact_dynamic_programming,18.0,18.0,0.0,14.0984,45.0,59.0984,2,True,0.1676,Harnwell College House -> Van Pelt Library -> Levine Hall -> David Rittenhouse Laboratory
167,Harnwell College House,David Rittenhouse Laboratory,Quiet,60.0,greedy_reward_per_minute,18.0,18.0,0.0,14.0984,45.0,59.0984,2,True,0.0157,Harnwell College House -> Van Pelt Library -> Levine Hall -> David Rittenhouse Laboratory
167,Harnwell College House,David Rittenhouse Laboratory,Quiet,60.0,nearest,15.8,18.0,12.2222,14.5297,45.0,59.5297,2,True,0.0101,Harnwell College House -> Huntsman Hall -> Van Pelt Library -> David Rittenhouse Laboratory
168,Harnwell College House,David Rittenhouse Laboratory,Quiet,90.0,exact_dynamic_programming,28.8,28.8,0.0,15.4053,70.0,85.4053,3,True,0.2551,Harnwell College House -> Van Pelt Library -> Fisher Fine Arts Library -> Levine Hall -> David Rittenhouse Laboratory
168,Harnwell College House,David Rittenhouse Laboratory,Quiet,90.0,greedy_reward_per_minute,28.8,28.8,0.0,15.4053,70.0,85.4053,3,True,0.0198,Harnwell College House -> Van Pelt Library -> Fisher Fine Arts Library -> Levine Hall -> David Rittenhouse Laboratory
168,Harnwell College House,David Rittenhouse Laboratory,Quiet,90.0,nearest,26.6,28.8,7.6389,16.2642,70.0,86.2642,3,True,0.0118,Harnwell College House -> Huntsman Hall -> Van Pelt Library -> Fisher Fine Arts Library -> David Rittenhouse Laboratory
169,Harnwell College House,David Rittenhouse Laboratory,Collaborative,45.0,exact_dynamic_programming,10.8,10.8,0.0,13.4812,20.0,33.4812,1,True,0.1471,Harnwell College House -> Huntsman Hall -> David Rittenhouse Laboratory
169,Harnwell College House,David Rittenhouse Laboratory,Collaborative,45.0,greedy_reward_per_minute,10.8,10.8,0.0,13.4812,20.0,33.4812,1,True,0.0128,Harnwell College House -> Huntsman Hall -> David Rittenhouse Laboratory
169,Harnwell College House,David Rittenhouse Laboratory,Collaborative,45.0,nearest,10.8,10.8,0.0,13.4812,20.0,33.4812,1,True,0.008,Harnwell College House -> Huntsman Hall -> David Rittenhouse Laboratory
170,Harnwell College House,David Rittenhouse Laboratory,Collaborative,60.0,exact_dynamic_programming,21.4,21.4,0.0,17.8253,40.0,57.8253,2,True,0.1619,Harnwell College House -> Huntsman Hall -> Houston Hall -> David Rittenhouse Laboratory
170,Harnwell College House,David Rittenhouse Laboratory,Collaborative,60.0,greedy_reward_per_minute,21.4,21.4,0.0,17.8253,40.0,57.8253,2,True,0.0156,Harnwell College House -> Huntsman Hall -> Houston Hall -> David Rittenhouse Laboratory
170,Harnwell College House,David Rittenhouse Laboratory,Collaborative,60.0,nearest,17.8,21.4,16.8224,14.5297,45.0,59.5297,2,True,0.01,Harnwell College House -> Huntsman Hall -> Van Pelt Library -> David Rittenhouse Laboratory
171,Harnwell College House,David Rittenhouse Laboratory,Collaborative,90.0,exact_dynamic_programming,30.4,30.4,0.0,18.2823,60.0,78.2823,3,True,0.2517,Harnwell College House -> Huntsman Hall -> Houston Hall -> Levine Hall -> David Rittenhouse Laboratory
171,Harnwell College House,David Rittenhouse Laboratory,Collaborative,90.0,greedy_reward_per_minute,30.4,30.4,0.0,18.2823,60.0,78.2823,3,True,0.0197,Harnwell College House -> Huntsman Hall -> Houston Hall -> Levine Hall -> David Rittenhouse Laboratory
171,Harnwell College House,David Rittenhouse Laboratory,Collaborative,90.0,nearest,22.6,30.4,25.6579,16.2642,70.0,86.2642,3,True,0.0116,Harnwell College House -> Huntsman Hall -> Van Pelt Library -> Fisher Fine Arts Library -> David Rittenhouse Laboratory
172,Harnwell College House,David Rittenhouse Laboratory,Coffee nearby,45.0,exact_dynamic_programming,10.6,10.6,0.0,15.0644,20.0,35.0644,1,True,0.1473,Harnwell College House -> Houston Hall -> David Rittenhouse Laboratory
172,Harnwell College House,David Rittenhouse Laboratory,Coffee nearby,45.0,greedy_reward_per_minute,10.6,10.6,0.0,15.0644,20.0,35.0644,1,True,0.0124,Harnwell College House -> Houston Hall -> David Rittenhouse Laboratory
172,Harnwell College House,David Rittenhouse Laboratory,Coffee nearby,45.0,nearest,8.8,10.6,16.9811,13.4812,20.0,33.4812,1,True,0.008,Harnwell College House -> Huntsman Hall -> David Rittenhouse Laboratory
173,Harnwell College House,David Rittenhouse Laboratory,Coffee nearby,60.0,exact_dynamic_programming,19.4,19.4,0.0,17.8253,40.0,57.8253,2,True,0.1642,Harnwell College House -> Huntsman Hall -> Houston Hall -> David Rittenhouse Laboratory
173,Harnwell College House,David Rittenhouse Laboratory,Coffee nearby,60.0,greedy_reward_per_minute,17.6,19.4,9.2784,15.5214,40.0,55.5214,2,True,0.0146,Harnwell College House -> Houston Hall -> Levine Hall -> David Rittenhouse Laboratory
173,Harnwell College House,David Rittenhouse Laboratory,Coffee nearby,60.0,nearest,15.8,19.4,18.5567,14.5297,45.0,59.5297,2,True,0.0095,Harnwell College House -> Huntsman Hall -> Van Pelt Library -> David Rittenhouse Laboratory
174,Harnwell College House,David Rittenhouse Laboratory,Coffee nearby,90.0,exact_dynamic_programming,26.4,26.4,0.0,18.2823,60.0,78.2823,3,True,0.2533,Harnwell College House -> Huntsman Hall -> Houston Hall -> Levine Hall -> David Rittenhouse Laboratory
174,Harnwell College House,David Rittenhouse Laboratory,Coffee nearby,90.0,greedy_reward_per_minute,26.4,26.4,0.0,29.6283,60.0,89.6283,3,True,0.019,Harnwell College House -> Houston Hall -> Levine Hall -> Huntsman Hall -> David Rittenhouse Laboratory
174,Harnwell College House,David Rittenhouse Laboratory,Coffee nearby,90.0,nearest,20.6,26.4,21.9697,16.2642,70.0,86.2642,3,True,0.0116,Harnwell College House -> Huntsman Hall -> Van Pelt Library -> Fisher Fine Arts Library -> David Rittenhouse Laboratory
175,Harnwell College House,David Rittenhouse Laboratory,Power outlets,45.0,exact_dynamic_programming,11.0,11.0,0.0,13.6442,20.0,33.6442,1,True,0.1558,Harnwell College House -> Levine Hall -> David Rittenhouse Laboratory
175,Harnwell College House,David Rittenhouse Laboratory,Power outlets,45.0,greedy_reward_per_minute,11.0,11.0,0.0,13.6442,20.0,33.6442,1,True,0.0135,Harnwell College House -> Levine Hall -> David Rittenhouse Laboratory
175,Harnwell College House,David Rittenhouse Laboratory,Power outlets,45.0,nearest,8.8,11.0,20.0,13.4812,20.0,33.4812,1,True,0.0081,Harnwell College House -> Huntsman Hall -> David Rittenhouse Laboratory
176,Harnwell College House,David Rittenhouse Laboratory,Power outlets,60.0,exact_dynamic_programming,22.0,22.0,0.0,14.0984,45.0,59.0984,2,True,0.1633,Harnwell College House -> Van Pelt Library -> Levine Hall -> David Rittenhouse Laboratory
176,Harnwell College House,David Rittenhouse Laboratory,Power outlets,60.0,greedy_reward_per_minute,19.8,22.0,10.0,16.0918,40.0,56.0918,2,True,0.0148,Harnwell College House -> Levine Hall -> Towne Building -> David Rittenhouse Laboratory
176,Harnwell College House,David Rittenhouse Laboratory,Power outlets,60.0,nearest,19.8,22.0,10.0,14.5297,45.0,59.5297,2,True,0.0094,Harnwell College House -> Huntsman Hall -> Van Pelt Library -> David Rittenhouse Laboratory
177,Harnwell College House,David Rittenhouse Laboratory,Power outlets,90.0,exact_dynamic_programming,33.0,33.0,0.0,17.5131,70.0,87.5131,3,True,0.2505,Harnwell College House -> Holman Biotech Commons -> Van Pelt Library -> Levine Hall -> David Rittenhouse Laboratory
177,Harnwell College House,David Rittenhouse Laboratory,Power outlets,90.0,greedy_reward_per_minute,30.8,33.0,6.6667,22.3919,65.0,87.3919,3,True,0.0192,Harnwell College House -> Levine Hall -> Towne Building -> Van Pelt Library -> David Rittenhouse Laboratory
177,Harnwell College House,David Rittenhouse Laboratory,Power outlets,90.0,nearest,28.6,33.0,13.3333,16.2642,70.0,86.2642,3,True,0.0113,Harnwell College House -> Huntsman Hall -> Van Pelt Library -> Fisher Fine Arts Library -> David Rittenhouse Laboratory
178,Harnwell College House,David Rittenhouse Laboratory,No preference,45.0,exact_dynamic_programming,9.0,9.0,0.0,12.8499,25.0,37.8499,1,True,0.1643,Harnwell College House -> Van Pelt Library -> David Rittenhouse Laboratory
178,Harnwell College House,David Rittenhouse Laboratory,No preference,45.0,greedy_reward_per_minute,8.5,9.0,5.5556,13.6442,20.0,33.6442,1,True,0.0132,Harnwell College House -> Levine Hall -> David Rittenhouse Laboratory
178,Harnwell College House,David Rittenhouse Laboratory,No preference,45.0,nearest,8.3,9.0,7.7778,13.4812,20.0,33.4812,1,True,0.0077,Harnwell College House -> Huntsman Hall -> David Rittenhouse Laboratory
179,Harnwell College House,David Rittenhouse Laboratory,No preference,60.0,exact_dynamic_programming,17.5,17.5,0.0,14.0984,45.0,59.0984,2,True,0.1651,Harnwell College House -> Van Pelt Library -> Levine Hall -> David Rittenhouse Laboratory
179,Harnwell College House,David Rittenhouse Laboratory,No preference,60.0,greedy_reward_per_minute,15.3,17.5,12.5714,16.0918,40.0,56.0918,2,True,0.0156,Harnwell College House -> Levine Hall -> Towne Building -> David Rittenhouse Laboratory
179,Harnwell College House,David Rittenhouse Laboratory,No preference,60.0,nearest,17.3,17.5,1.1429,14.5297,45.0,59.5297,2,True,0.0098,Harnwell College House -> Huntsman Hall -> Van Pelt Library -> David Rittenhouse Laboratory
180,Harnwell College House,David Rittenhouse Laboratory,No preference,90.0,exact_dynamic_programming,26.5,26.5,0.0,17.5131,70.0,87.5131,3,True,0.2584,Harnwell College House -> Holman Biotech Commons -> Van Pelt Library -> Levine Hall -> David Rittenhouse Laboratory
180,Harnwell College House,David Rittenhouse Laboratory,No preference,90.0,greedy_reward_per_minute,23.4,26.5,11.6981,24.0418,60.0,84.0418,3,True,0.0205,Harnwell College House -> Levine Hall -> Towne Building -> Houston Hall -> David Rittenhouse Laboratory
180,Harnwell College House,David Rittenhouse Laboratory,No preference,90.0,nearest,24.6,26.5,7.1698,16.2642,70.0,86.2642,3,True,0.0117,Harnwell College House -> Huntsman Hall -> Van Pelt Library -> Fisher Fine Arts Library -> David Rittenhouse Laboratory
181,Harnwell College House,Huntsman Hall,Quiet,45.0,exact_dynamic_programming,11.0,11.0,0.0,12.9948,25.0,37.9948,1,True,0.0781,Harnwell College House -> Van Pelt Library -> Huntsman Hall
181,Harnwell College House,Huntsman Hall,Quiet,45.0,greedy_reward_per_minute,11.0,11.0,0.0,12.9948,25.0,37.9948,1,True,0.012,Harnwell College House -> Van Pelt Library -> Huntsman Hall
181,Harnwell College House,Huntsman Hall,Quiet,45.0,nearest,9.0,11.0,18.1818,11.4065,25.0,36.4065,1,True,0.0074,Harnwell College House -> Holman Biotech Commons -> Huntsman Hall
182,Harnwell College House,Huntsman Hall,Quiet,60.0,exact_dynamic_programming,11.0,11.0,0.0,12.9948,25.0,37.9948,1,True,0.0766,Harnwell College House -> Van Pelt Library -> Huntsman Hall
182,Harnwell College House,Huntsman Hall,Quiet,60.0,greedy_reward_per_minute,11.0,11.0,0.0,12.9948,25.0,37.9948,1,True,0.0117,Harnwell College House -> Van Pelt Library -> Huntsman Hall
182,Harnwell College House,Huntsman Hall,Quiet,60.0,nearest,9.0,11.0,18.1818,11.4065,25.0,36.4065,1,True,0.0074,Harnwell College House -> Holman Biotech Commons -> Huntsman Hall
183,Harnwell College House,Huntsman Hall,Quiet,90.0,exact_dynamic_programming,26.4,26.4,0.0,17.2242,70.0,87.2242,3,True,0.1299,Harnwell College House -> Houston Hall -> Fisher Fine Arts Library -> Van Pelt Library -> Huntsman Hall
183,Harnwell College House,Huntsman Hall,Quiet,90.0,greedy_reward_per_minute,26.4,26.4,0.0,18.3053,70.0,88.3053,3,True,0.0173,Harnwell College House -> Van Pelt Library -> Fisher Fine Arts Library -> Houston Hall -> Huntsman Hall
183,Harnwell College House,Huntsman Hall,Quiet,90.0,nearest,24.4,26.4,7.5758,19.5165,70.0,89.5165,3,True,0.0107,Harnwell College House -> Holman Biotech Commons -> Houston Hall -> Fisher Fine Arts Library -> Huntsman Hall
184,Harnwell College House,Huntsman Hall,Collaborative,45.0,exact_dynamic_programming,10.6,10.6,0.0,15.7969,20.0,35.7969,1,True,0.0788,Harnwell College House -> Houston Hall -> Huntsman Hall
184,Harnwell College House,Huntsman Hall,Collaborative,45.0,greedy_reward_per_minute,10.6,10.6,0.0,15.7969,20.0,35.7969,1,True,0.0114,Harnwell College House -> Houston Hall -> Huntsman Hall
184,Harnwell College House,Huntsman Hall,Collaborative,45.0,nearest,9.0,10.6,15.0943,11.4065,25.0,36.4065,1,True,0.0073,Harnwell College House -> Holman Biotech Commons -> Huntsman Hall
185,Harnwell College House,Huntsman Hall,Collaborative,60.0,exact_dynamic_programming,10.6,10.6,0.0,15.7969,20.0,35.7969,1,True,0.0844,Harnwell College House -> Houston Hall -> Huntsman Hall
185,Harnwell College House,Huntsman Hall,Collaborative,60.0,greedy_reward_per_minute,10.6,10.6,0.0,15.7969,20.0,35.7969,1,True,0.0121,Harnwell College House -> Houston Hall -> Huntsman Hall
185,Harnwell College House,Huntsman Hall,Collaborative,60.0,nearest,9.0,10.6,15.0943,11.4065,25.0,36.4065,1,True,0.0074,Harnwell College House -> Holman Biotech Commons -> Huntsman Hall
186,Harnwell College House,Huntsman Hall,Collaborative,90.0,exact_dynamic_programming,28.6,28.6,0.0,23.5286,65.0,88.5286,3,True,0.1309,Harnwell College House -> Holman Biotech Commons -> Houston Hall -> Levine Hall -> Huntsman Hall
186,Harnwell College House,Huntsman Hall,Collaborative,90.0,greedy_reward_per_minute,26.4,28.6,7.6923,24.4094,60.0,84.4094,3,True,0.0177,Harnwell College House -> Houston Hall -> Levine Hall -> Towne Building -> Huntsman Hall
186,Harnwell College House,Huntsman Hall,Collaborative,90.0,nearest,24.4,28.6,14.6853,19.5165,70.0,89.5165,3,True,0.0109,Harnwell College House -> Holman Biotech Commons -> Houston Hall -> Fisher Fine Arts Library -> Huntsman Hall
187,Harnwell College House,Huntsman Hall,Coffee nearby,45.0,exact_dynamic_programming,10.6,10.6,0.0,15.7969,20.0,35.7969,1,True,0.0759,Harnwell College House -> Houston Hall -> Huntsman Hall
187,Harnwell College House,Huntsman Hall,Coffee nearby,45.0,greedy_reward_per_minute,10.6,10.6,0.0,15.7969,20.0,35.7969,1,True,0.0121,Harnwell College House -> Houston Hall -> Huntsman Hall
187,Harnwell College House,Huntsman Hall,Coffee nearby,45.0,nearest,7.0,10.6,33.9623,11.4065,25.0,36.4065,1,True,0.0078,Harnwell College House -> Holman Biotech Commons -> Huntsman Hall
188,Harnwell College House,Huntsman Hall,Coffee nearby,60.0,exact_dynamic_programming,10.6,10.6,0.0,15.7969,20.0,35.7969,1,True,0.0887,Harnwell College House -> Houston Hall -> Huntsman Hall
188,Harnwell College House,Huntsman Hall,Coffee nearby,60.0,greedy_reward_per_minute,10.6,10.6,0.0,15.7969,20.0,35.7969,1,True,0.0116,Harnwell College House -> Houston Hall -> Huntsman Hall
188,Harnwell College House,Huntsman Hall,Coffee nearby,60.0,nearest,7.0,10.6,33.9623,11.4065,25.0,36.4065,1,True,0.0076,Harnwell College House -> Holman Biotech Commons -> Huntsman Hall
189,Harnwell College House,Huntsman Hall,Coffee nearby,90.0,exact_dynamic_programming,24.6,24.6,0.0,22.2802,65.0,87.2802,3,True,0.1381,Harnwell College House -> Houston Hall -> Levine Hall -> Van Pelt Library -> Huntsman Hall
189,Harnwell College House,Huntsman Hall,Coffee nearby,90.0,greedy_reward_per_minute,24.6,24.6,0.0,22.2802,65.0,87.2802,3,True,0.0189,Harnwell College House -> Houston Hall -> Levine Hall -> Van Pelt Library -> Huntsman Hall
189,Harnwell College House,Huntsman Hall,Coffee nearby,90.0,nearest,22.4,24.6,8.9431,19.5165,70.0,89.5165,3,True,0.0272,Harnwell College House -> Holman Biotech Commons -> Houston Hall -> Fisher Fine Arts Library -> Huntsman Hall
190,Harnwell College House,Huntsman Hall,Power outlets,45.0,exact_dynamic_programming,11.0,11.0,0.0,11.4065,25.0,36.4065,1,True,0.0801,Harnwell College House -> Holman Biotech Commons -> Huntsman Hall
190,Harnwell College House,Huntsman Hall,Power outlets,45.0,greedy_reward_per_minute,11.0,11.0,0.0,11.4065,25.0,36.4065,1,True,0.0125,Harnwell College House -> Holman Biotech Commons -> Huntsman Hall
190,Harnwell College House,Huntsman Hall,Power outlets,45.0,nearest,11.0,11.0,0.0,11.4065,25.0,36.4065,1,True,0.0074,Harnwell College House -> Holman Biotech Commons -> Huntsman Hall
191,Harnwell College House,Huntsman Hall,Power outlets,60.0,exact_dynamic_programming,11.0,11.0,0.0,11.4065,25.0,36.4065,1,True,0.0791,Harnwell College House -> Holman Biotech Commons -> Huntsman Hall
191,Harnwell College House,Huntsman Hall,Power outlets,60.0,greedy_reward_per_minute,11.0,11.0,0.0,11.4065,25.0,36.4065,1,True,0.0119,Harnwell College House -> Holman Biotech Commons -> Huntsman Hall
191,Harnwell College House,Huntsman Hall,Power outlets,60.0,nearest,11.0,11.0,0.0,11.4065,25.0,36.4065,1,True,0.0076,Harnwell College House -> Holman Biotech Commons -> Huntsman Hall
192,Harnwell College House,Huntsman Hall,Power outlets,90.0,exact_dynamic_programming,30.8,30.8,0.0,21.9425,65.0,86.9425,3,True,0.138,Harnwell College House -> Van Pelt Library -> Towne Building -> Levine Hall -> Huntsman Hall
192,Harnwell College House,Huntsman Hall,Power outlets,90.0,greedy_reward_per_minute,22.0,30.8,28.5714,16.4095,50.0,66.4095,2,True,0.0163,Harnwell College House -> Holman Biotech Commons -> Van Pelt Library -> Huntsman Hall
192,Harnwell College House,Huntsman Hall,Power outlets,90.0,nearest,26.4,30.8,14.2857,19.5165,70.0,89.5165,3,True,0.0114,Harnwell College House -> Holman Biotech Commons -> Houston Hall -> Fisher Fine Arts Library -> Huntsman Hall
193,Harnwell College House,Huntsman Hall,No preference,45.0,exact_dynamic_programming,9.0,9.0,0.0,11.4065,25.0,36.4065,1,True,0.0916,Harnwell College House -> Holman Biotech Commons -> Huntsman Hall
193,Harnwell College House,Huntsman Hall,No preference,45.0,greedy_reward_per_minute,9.0,9.0,0.0,11.4065,25.0,36.4065,1,True,0.0123,Harnwell College House -> Holman Biotech Commons -> Huntsman Hall
193,Harnwell College House,Huntsman Hall,No preference,45.0,nearest,9.0,9.0,0.0,11.4065,25.0,36.4065,1,True,0.0072,Harnwell College House -> Holman Biotech Commons -> Huntsman Hall
194,Harnwell College House,Huntsman Hall,No preference,60.0,exact_dynamic_programming,9.0,9.0,0.0,11.4065,25.0,36.4065,1,True,0.0772,Harnwell College House -> Holman Biotech Commons -> Huntsman Hall
194,Harnwell College House,Huntsman Hall,No preference,60.0,greedy_reward_per_minute,9.0,9.0,0.0,11.4065,25.0,36.4065,1,True,0.012,Harnwell College House -> Holman Biotech Commons -> Huntsman Hall
194,Harnwell College House,Huntsman Hall,No preference,60.0,nearest,9.0,9.0,0.0,11.4065,25.0,36.4065,1,True,0.0074,Harnwell College House -> Holman Biotech Commons -> Huntsman Hall
195,Harnwell College House,Huntsman Hall,No preference,90.0,exact_dynamic_programming,26.1,26.1,0.0,18.936,70.0,88.936,3,True,0.136,Harnwell College House -> Holman Biotech Commons -> Houston Hall -> Van Pelt Library -> Huntsman Hall
195,Harnwell College House,Huntsman Hall,No preference,90.0,greedy_reward_per_minute,26.1,26.1,0.0,18.936,70.0,88.936,3,True,0.0191,Harnwell College House -> Holman Biotech Commons -> Houston Hall -> Van Pelt Library -> Huntsman Hall
195,Harnwell College House,Huntsman Hall,No preference,90.0,nearest,24.4,26.1,6.5134,19.5165,70.0,89.5165,3,True,0.0108,Harnwell College House -> Holman Biotech Commons -> Houston Hall -> Fisher Fine Arts Library -> Huntsman Hall
196,Harnwell College House,Meyerson Hall,Quiet,45.0,exact_dynamic_programming,11.0,11.0,0.0,9.5935,25.0,34.5935,1,True,0.1479,Harnwell College House -> Van Pelt Library -> Meyerson Hall
196,Harnwell College House,Meyerson Hall,Quiet,45.0,greedy_reward_per_minute,11.0,11.0,0.0,9.5935,25.0,34.5935,1,True,0.0127,Harnwell College House -> Van Pelt Library -> Meyerson Hall
196,Harnwell College House,Meyerson Hall,Quiet,45.0,nearest,4.8,11.0,56.3636,11.1377,20.0,31.1377,1,True,0.0083,Harnwell College House -> Huntsman Hall -> Meyerson Hall
197,Harnwell College House,Meyerson Hall,Quiet,60.0,exact_dynamic_programming,18.0,18.0,0.0,14.6684,45.0,59.6684,2,True,0.1682,Harnwell College House -> Van Pelt Library -> Levine Hall -> Meyerson Hall
197,Harnwell College House,Meyerson Hall,Quiet,60.0,greedy_reward_per_minute,18.0,18.0,0.0,14.6684,45.0,59.6684,2,True,0.0151,Harnwell College House -> Van Pelt Library -> Levine Hall -> Meyerson Hall
197,Harnwell College House,Meyerson Hall,Quiet,60.0,nearest,15.8,18.0,12.2222,11.2733,45.0,56.2733,2,True,0.0096,Harnwell College House -> Huntsman Hall -> Van Pelt Library -> Meyerson Hall
198,Harnwell College House,Meyerson Hall,Quiet,90.0,exact_dynamic_programming,30.8,30.8,0.0,14.7428,75.0,89.7428,3,True,0.2839,Harnwell College House -> Holman Biotech Commons -> Van Pelt Library -> Fisher Fine Arts Library -> Meyerson Hall
198,Harnwell College House,Meyerson Hall,Quiet,90.0,greedy_reward_per_minute,28.8,30.8,6.4935,15.9753,70.0,85.9753,3,True,0.0198,Harnwell College House -> Van Pelt Library -> Fisher Fine Arts Library -> Levine Hall -> Meyerson Hall
198,Harnwell College House,Meyerson Hall,Quiet,90.0,nearest,26.6,30.8,13.6364,13.0079,70.0,83.0079,3,True,0.0117,Harnwell College House -> Huntsman Hall -> Van Pelt Library -> Fisher Fine Arts Library -> Meyerson Hall
199,Harnwell College House,Meyerson Hall,Collaborative,45.0,exact_dynamic_programming,10.8,10.8,0.0,11.1377,20.0,31.1377,1,True,0.1594,Harnwell College House -> Huntsman Hall -> Meyerson Hall
199,Harnwell College House,Meyerson Hall,Collaborative,45.0,greedy_reward_per_minute,10.8,10.8,0.0,11.1377,20.0,31.1377,1,True,0.0125,Harnwell College House -> Huntsman Hall -> Meyerson Hall
199,Harnwell College House,Meyerson Hall,Collaborative,45.0,nearest,10.8,10.8,0.0,11.1377,20.0,31.1377,1,True,0.0076,Harnwell College House -> Huntsman Hall -> Meyerson Hall
200,Harnwell College House,Meyerson Hall,Collaborative,60.0,exact_dynamic_programming,21.4,21.4,0.0,14.5689,40.0,54.5689,2,True,0.1697,Harnwell College House -> Huntsman Hall -> Houston Hall -> Meyerson Hall
200,Harnwell College House,Meyerson Hall,Collaborative,60.0,greedy_reward_per_minute,21.4,21.4,0.0,14.5689,40.0,54.5689,2,True,0.0162,Harnwell College House -> Huntsman Hall -> Houston Hall -> Meyerson Hall
200,Harnwell College House,Meyerson Hall,Collaborative,60.0,nearest,17.8,21.4,16.8224,11.2733,45.0,56.2733,2,True,0.01,Harnwell College House -> Huntsman Hall -> Van Pelt Library -> Meyerson Hall
201,Harnwell College House,Meyerson Hall,Collaborative,90.0,exact_dynamic_programming,30.4,30.4,0.0,18.8523,60.0,78.8523,3,True,0.2879,Harnwell College House -> Huntsman Hall -> Houston Hall -> Levine Hall -> Meyerson Hall
201,Harnwell College House,Meyerson Hall,Collaborative,90.0,greedy_reward_per_minute,30.4,30.4,0.0,18.8523,60.0,78.8523,3,True,0.02,Harnwell College House -> Huntsman Hall -> Houston Hall -> Levine Hall -> Meyerson Hall
201,Harnwell College House,Meyerson Hall,Collaborative,90.0,nearest,22.6,30.4,25.6579,13.0079,70.0,83.0079,3,True,0.0114,Harnwell College House -> Huntsman Hall -> Van Pelt Library -> Fisher Fine Arts Library -> Meyerson Hall
202,Harnwell College House,Meyerson Hall,Coffee nearby,45.0,exact_dynamic_programming,10.6,10.6,0.0,11.808,20.0,31.808,1,True,0.1655,Harnwell College House -> Houston Hall -> Meyerson Hall
202,Harnwell College House,Meyerson Hall,Coffee nearby,45.0,greedy_reward_per_minute,10.6,10.6,0.0,11.808,20.0,31.808,1,True,0.0125,Harnwell College House -> Houston Hall -> Meyerson Hall
202,Harnwell College House,Meyerson Hall,Coffee nearby,45.0,nearest,8.8,10.6,16.9811,11.1377,20.0,31.1377,1,True,0.0076,Harnwell College House -> Huntsman Hall -> Meyerson Hall
203,Harnwell College House,Meyerson Hall,Coffee nearby,60.0,exact_dynamic_programming,19.4,19.4,0.0,14.5689,40.0,54.5689,2,True,0.1666,Harnwell College House -> Huntsman Hall -> Houston Hall -> Meyerson Hall
203,Harnwell College House,Meyerson Hall,Coffee nearby,60.0,greedy_reward_per_minute,17.6,19.4,9.2784,16.0914,40.0,56.0914,2,True,0.0159,Harnwell College House -> Houston Hall -> Levine Hall -> Meyerson Hall
203,Harnwell College House,Meyerson Hall,Coffee nearby,60.0,nearest,15.8,19.4,18.5567,11.2733,45.0,56.2733,2,True,0.0101,Harnwell College House -> Huntsman Hall -> Van Pelt Library -> Meyerson Hall
204,Harnwell College House,Meyerson Hall,Coffee nearby,90.0,exact_dynamic_programming,26.4,26.4,0.0,18.8523,60.0,78.8523,3,True,0.295,Harnwell College House -> Huntsman Hall -> Houston Hall -> Levine Hall -> Meyerson Hall
204,Harnwell College House,Meyerson Hall,Coffee nearby,90.0,greedy_reward_per_minute,26.4,26.4,0.0,26.012,60.0,86.012,3,True,0.0229,Harnwell College House -> Houston Hall -> Huntsman Hall -> Levine Hall -> Meyerson Hall
204,Harnwell College House,Meyerson Hall,Coffee nearby,90.0,nearest,20.6,26.4,21.9697,13.0079,70.0,83.0079,3,True,0.013,Harnwell College House -> Huntsman Hall -> Van Pelt Library -> Fisher Fine Arts Library -> Meyerson Hall
205,Harnwell College House,Meyerson Hall,Power outlets,45.0,exact_dynamic_programming,11.0,11.0,0.0,14.2142,20.0,34.2142,1,True,0.153,Harnwell College House -> Levine Hall -> Meyerson Hall
205,Harnwell College House,Meyerson Hall,Power outlets,45.0,greedy_reward_per_minute,11.0,11.0,0.0,14.2142,20.0,34.2142,1,True,0.0132,Harnwell College House -> Levine Hall -> Meyerson Hall
205,Harnwell College House,Meyerson Hall,Power outlets,45.0,nearest,8.8,11.0,20.0,11.1377,20.0,31.1377,1,True,0.0083,Harnwell College House -> Huntsman Hall -> Meyerson Hall
206,Harnwell College House,Meyerson Hall,Power outlets,60.0,exact_dynamic_programming,22.0,22.0,0.0,14.6684,45.0,59.6684,2,True,0.1747,Harnwell College House -> Van Pelt Library -> Levine Hall -> Meyerson Hall
206,Harnwell College House,Meyerson Hall,Power outlets,60.0,greedy_reward_per_minute,19.8,22.0,10.0,17.0231,40.0,57.0231,2,True,0.0157,Harnwell College House -> Levine Hall -> Towne Building -> Meyerson Hall
206,Harnwell College House,Meyerson Hall,Power outlets,60.0,nearest,19.8,22.0,10.0,11.2733,45.0,56.2733,2,True,0.0104,Harnwell College House -> Huntsman Hall -> Van Pelt Library -> Meyerson Hall
207,Harnwell College House,Meyerson Hall,Power outlets,90.0,exact_dynamic_programming,33.0,33.0,0.0,18.0831,70.0,88.0831,3,True,0.2694,Harnwell College House -> Holman Biotech Commons -> Van Pelt Library -> Levine Hall -> Meyerson Hall
207,Harnwell College House,Meyerson Hall,Power outlets,90.0,greedy_reward_per_minute,30.8,33.0,6.6667,22.7115,65.0,87.7115,3,True,0.0198,Harnwell College House -> Levine Hall -> Van Pelt Library -> Towne Building -> Meyerson Hall
207,Harnwell College House,Meyerson Hall,Power outlets,90.0,nearest,28.6,33.0,13.3333,13.0079,70.0,83.0079,3,True,0.0119,Harnwell College House -> Huntsman Hall -> Van Pelt Library -> Fisher Fine Arts Library -> Meyerson Hall
208,Harnwell College House,Meyerson Hall,No preference,45.0,exact_dynamic_programming,9.0,9.0,0.0,9.5935,25.0,34.5935,1,True,0.1489,Harnwell College House -> Van Pelt Library -> Meyerson Hall
208,Harnwell College House,Meyerson Hall,No preference,45.0,greedy_reward_per_minute,8.3,9.0,7.7778,11.1377,20.0,31.1377,1,True,0.0126,Harnwell College House -> Huntsman Hall -> Meyerson Hall
208,Harnwell College House,Meyerson Hall,No preference,45.0,nearest,8.3,9.0,7.7778,11.1377,20.0,31.1377,1,True,0.0077,Harnwell College House -> Huntsman Hall -> Meyerson Hall
209,Harnwell College House,Meyerson Hall,No preference,60.0,exact_dynamic_programming,17.5,17.5,0.0,14.6684,45.0,59.6684,2,True,0.1692,Harnwell College House -> Van Pelt Library -> Levine Hall -> Meyerson Hall
209,Harnwell College House,Meyerson Hall,No preference,60.0,greedy_reward_per_minute,17.3,17.5,1.1429,11.2733,45.0,56.2733,2,True,0.0168,Harnwell College House -> Huntsman Hall -> Van Pelt Library -> Meyerson Hall
209,Harnwell College House,Meyerson Hall,No preference,60.0,nearest,17.3,17.5,1.1429,11.2733,45.0,56.2733,2,True,0.0098,Harnwell College House -> Huntsman Hall -> Van Pelt Library -> Meyerson Hall
210,Harnwell College House,Meyerson Hall,No preference,90.0,exact_dynamic_programming,26.5,26.5,0.0,18.0831,70.0,88.0831,3,True,0.2715,Harnwell College House -> Holman Biotech Commons -> Van Pelt Library -> Levine Hall -> Meyerson Hall
210,Harnwell College House,Meyerson Hall,No preference,90.0,greedy_reward_per_minute,25.8,26.5,2.6415,16.3482,65.0,81.3482,3,True,0.0199,Harnwell College House -> Huntsman Hall -> Van Pelt Library -> Levine Hall -> Meyerson Hall
210,Harnwell College House,Meyerson Hall,No preference,90.0,nearest,24.6,26.5,7.1698,13.0079,70.0,83.0079,3,True,0.0116,Harnwell College House -> Huntsman Hall -> Van Pelt Library -> Fisher Fine Arts Library -> Meyerson Hall
211,Harnwell College House,Claudia Cohen Hall,Quiet,45.0,exact_dynamic_programming,11.0,11.0,0.0,10.1819,25.0,35.1819,1,True,0.1471,Harnwell College House -> Van Pelt Library -> Claudia Cohen Hall
211,Harnwell College House,Claudia Cohen Hall,Quiet,45.0,greedy_reward_per_minute,11.0,11.0,0.0,10.1819,25.0,35.1819,1,True,0.0126,Harnwell College House -> Van Pelt Library -> Claudia Cohen Hall
211,Harnwell College House,Claudia Cohen Hall,Quiet,45.0,nearest,4.8,11.0,56.3636,11.0196,20.0,31.0196,1,True,0.0079,Harnwell College House -> Huntsman Hall -> Claudia Cohen Hall
212,Harnwell College House,Claudia Cohen Hall,Quiet,60.0,exact_dynamic_programming,15.8,15.8,0.0,11.8617,45.0,56.8617,2,True,0.1626,Harnwell College House -> Huntsman Hall -> Van Pelt Library -> Claudia Cohen Hall
212,Harnwell College House,Claudia Cohen Hall,Quiet,60.0,greedy_reward_per_minute,15.6,15.8,1.2658,11.9921,45.0,56.9921,2,True,0.0143,Harnwell College House -> Van Pelt Library -> Houston Hall -> Claudia Cohen Hall
212,Harnwell College House,Claudia Cohen Hall,Quiet,60.0,nearest,15.8,15.8,0.0,11.8617,45.0,56.8617,2,True,0.0096,Harnwell College House -> Huntsman Hall -> Van Pelt Library -> Claudia Cohen Hall
213,Harnwell College House,Claudia Cohen Hall,Quiet,90.0,exact_dynamic_programming,28.8,28.8,0.0,17.7505,70.0,87.7505,3,True,0.2625,Harnwell College House -> Van Pelt Library -> Levine Hall -> Fisher Fine Arts Library -> Claudia Cohen Hall
213,Harnwell College House,Claudia Cohen Hall,Quiet,90.0,greedy_reward_per_minute,28.8,28.8,0.0,18.5163,70.0,88.5163,3,True,0.0193,Harnwell College House -> Van Pelt Library -> Fisher Fine Arts Library -> Levine Hall -> Claudia Cohen Hall
213,Harnwell College House,Claudia Cohen Hall,Quiet,90.0,nearest,26.6,28.8,7.6389,13.6818,70.0,83.6818,3,True,0.0113,Harnwell College House -> Huntsman Hall -> Van Pelt Library -> Fisher Fine Arts Library -> Claudia Cohen Hall
214,Harnwell College House,Claudia Cohen Hall,Collaborative,45.0,exact_dynamic_programming,10.8,10.8,0.0,11.0196,20.0,31.0196,1,True,0.1474,Harnwell College House -> Huntsman Hall -> Claudia Cohen Hall
214,Harnwell College House,Claudia Cohen Hall,Collaborative,45.0,greedy_reward_per_minute,10.6,10.8,1.8519,10.0688,20.0,30.0688,1,True,0.0123,Harnwell College House -> Houston Hall -> Claudia Cohen Hall
214,Harnwell College House,Claudia Cohen Hall,Collaborative,45.0,nearest,10.8,10.8,0.0,11.0196,20.0,31.0196,1,True,0.0079,Harnwell College House -> Huntsman Hall -> Claudia Cohen Hall
215,Harnwell College House,Claudia Cohen Hall,Collaborative,60.0,exact_dynamic_programming,21.4,21.4,0.0,12.8297,40.0,52.8297,2,True,0.1648,Harnwell College House -> Huntsman Hall -> Houston Hall -> Claudia Cohen Hall
215,Harnwell College House,Claudia Cohen Hall,Collaborative,60.0,greedy_reward_per_minute,19.6,21.4,8.4112,18.6324,40.0,58.6324,2,True,0.0162,Harnwell College House -> Houston Hall -> Levine Hall -> Claudia Cohen Hall
215,Harnwell College House,Claudia Cohen Hall,Collaborative,60.0,nearest,17.8,21.4,16.8224,11.8617,45.0,56.8617,2,True,0.01,Harnwell College House -> Huntsman Hall -> Van Pelt Library -> Claudia Cohen Hall
216,Harnwell College House,Claudia Cohen Hall,Collaborative,90.0,exact_dynamic_programming,30.4,30.4,0.0,18.2645,60.0,78.2645,3,True,0.2598,Harnwell College House -> Huntsman Hall -> Levine Hall -> Houston Hall -> Claudia Cohen Hall
216,Harnwell College House,Claudia Cohen Hall,Collaborative,90.0,greedy_reward_per_minute,30.4,30.4,0.0,28.553,60.0,88.553,3,True,0.0197,Harnwell College House -> Houston Hall -> Huntsman Hall -> Levine Hall -> Claudia Cohen Hall
216,Harnwell College House,Claudia Cohen Hall,Collaborative,90.0,nearest,22.6,30.4,25.6579,13.6818,70.0,83.6818,3,True,0.0116,Harnwell College House -> Huntsman Hall -> Van Pelt Library -> Fisher Fine Arts Library -> Claudia Cohen Hall
217,Harnwell College House,Claudia Cohen Hall,Coffee nearby,45.0,exact_dynamic_programming,10.6,10.6,0.0,10.0688,20.0,30.0688,1,True,0.1521,Harnwell College House -> Houston Hall -> Claudia Cohen Hall
217,Harnwell College House,Claudia Cohen Hall,Coffee nearby,45.0,greedy_reward_per_minute,10.6,10.6,0.0,10.0688,20.0,30.0688,1,True,0.0128,Harnwell College House -> Houston Hall -> Claudia Cohen Hall
217,Harnwell College House,Claudia Cohen Hall,Coffee nearby,45.0,nearest,8.8,10.6,16.9811,11.0196,20.0,31.0196,1,True,0.0083,Harnwell College House -> Huntsman Hall -> Claudia Cohen Hall
218,Harnwell College House,Claudia Cohen Hall,Coffee nearby,60.0,exact_dynamic_programming,19.4,19.4,0.0,12.8297,40.0,52.8297,2,True,0.1711,Harnwell College House -> Huntsman Hall -> Houston Hall -> Claudia Cohen Hall
218,Harnwell College House,Claudia Cohen Hall,Coffee nearby,60.0,greedy_reward_per_minute,17.6,19.4,9.2784,18.6324,40.0,58.6324,2,True,0.0159,Harnwell College House -> Houston Hall -> Levine Hall -> Claudia Cohen Hall
218,Harnwell College House,Claudia Cohen Hall,Coffee nearby,60.0,nearest,15.8,19.4,18.5567,11.8617,45.0,56.8617,2,True,0.0101,Harnwell College House -> Huntsman Hall -> Van Pelt Library -> Claudia Cohen Hall
219,Harnwell College House,Claudia Cohen Hall,Coffee nearby,90.0,exact_dynamic_programming,26.4,26.4,0.0,18.2645,60.0,78.2645,3,True,0.2739,Harnwell College House -> Huntsman Hall -> Levine Hall -> Houston Hall -> Claudia Cohen Hall
219,Harnwell College House,Claudia Cohen Hall,Coffee nearby,90.0,greedy_reward_per_minute,26.4,26.4,0.0,22.574,65.0,87.574,3,True,0.0205,Harnwell College House -> Houston Hall -> Huntsman Hall -> Van Pelt Library -> Claudia Cohen Hall
219,Harnwell College House,Claudia Cohen Hall,Coffee nearby,90.0,nearest,20.6,26.4,21.9697,13.6818,70.0,83.6818,3,True,0.0122,Harnwell College House -> Huntsman Hall -> Van Pelt Library -> Fisher Fine Arts Library -> Claudia Cohen Hall
220,Harnwell College House,Claudia Cohen Hall,Power outlets,45.0,exact_dynamic_programming,11.0,11.0,0.0,10.1819,25.0,35.1819,1,True,0.1526,Harnwell College House -> Van Pelt Library -> Claudia Cohen Hall
220,Harnwell College House,Claudia Cohen Hall,Power outlets,45.0,greedy_reward_per_minute,11.0,11.0,0.0,10.1819,25.0,35.1819,1,True,0.0125,Harnwell College House -> Van Pelt Library -> Claudia Cohen Hall
220,Harnwell College House,Claudia Cohen Hall,Power outlets,45.0,nearest,8.8,11.0,20.0,11.0196,20.0,31.0196,1,True,0.0084,Harnwell College House -> Huntsman Hall -> Claudia Cohen Hall
221,Harnwell College House,Claudia Cohen Hall,Power outlets,60.0,exact_dynamic_programming,19.8,19.8,0.0,11.8617,45.0,56.8617,2,True,0.1721,Harnwell College House -> Huntsman Hall -> Van Pelt Library -> Claudia Cohen Hall
221,Harnwell College House,Claudia Cohen Hall,Power outlets,60.0,greedy_reward_per_minute,17.6,19.8,11.1111,11.9921,45.0,56.9921,2,True,0.0149,Harnwell College House -> Van Pelt Library -> Houston Hall -> Claudia Cohen Hall
221,Harnwell College House,Claudia Cohen Hall,Power outlets,60.0,nearest,19.8,19.8,0.0,11.8617,45.0,56.8617,2,True,0.0102,Harnwell College House -> Huntsman Hall -> Van Pelt Library -> Claudia Cohen Hall
222,Harnwell College House,Claudia Cohen Hall,Power outlets,90.0,exact_dynamic_programming,30.8,30.8,0.0,18.6756,65.0,83.6756,3,True,0.2612,Harnwell College House -> Huntsman Hall -> Levine Hall -> Van Pelt Library -> Claudia Cohen Hall
222,Harnwell College House,Claudia Cohen Hall,Power outlets,90.0,greedy_reward_per_minute,30.8,30.8,0.0,19.1029,65.0,84.1029,3,True,0.0187,Harnwell College House -> Van Pelt Library -> Levine Hall -> Towne Building -> Claudia Cohen Hall
222,Harnwell College House,Claudia Cohen Hall,Power outlets,90.0,nearest,28.6,30.8,7.1429,13.6818,70.0,83.6818,3,True,0.0115,Harnwell College House -> Huntsman Hall -> Van Pelt Library -> Fisher Fine Arts Library -> Claudia Cohen Hall
223,Harnwell College House,Claudia Cohen Hall,No preference,45.0,exact_dynamic_programming,9.0,9.0,0.0,10.1819,25.0,35.1819,1,True,0.1527,Harnwell College House -> Van Pelt Library -> Claudia Cohen Hall
223,Harnwell College House,Claudia Cohen Hall,No preference,45.0,greedy_reward_per_minute,8.1,9.0,10.0,10.0688,20.0,30.0688,1,True,0.013,Harnwell College House -> Houston Hall -> Claudia Cohen Hall
223,Harnwell College House,Claudia Cohen Hall,No preference,45.0,nearest,8.3,9.0,7.7778,11.0196,20.0,31.0196,1,True,0.0078,Harnwell College House -> Huntsman Hall -> Claudia Cohen Hall
224,Harnwell College House,Claudia Cohen Hall,No preference,60.0,exact_dynamic_programming,17.3,17.3,0.0,11.8617,45.0,56.8617,2,True,0.1658,Harnwell College House -> Huntsman Hall -> Van Pelt Library -> Claudia Cohen Hall
224,Harnwell College House,Claudia Cohen Hall,No preference,60.0,greedy_reward_per_minute,17.1,17.3,1.1561,13.8262,45.0,58.8262,2,True,0.0166,Harnwell College House -> Houston Hall -> Van Pelt Library -> Claudia Cohen Hall
224,Harnwell College House,Claudia Cohen Hall,No preference,60.0,nearest,17.3,17.3,0.0,11.8617,45.0,56.8617,2,True,0.01,Harnwell College House -> Huntsman Hall -> Van Pelt Library -> Claudia Cohen Hall
225,Harnwell College House,Claudia Cohen Hall,No preference,90.0,exact_dynamic_programming,26.3,26.3,0.0,18.1255,70.0,88.1255,3,True,0.316,Harnwell College House -> Huntsman Hall -> Holman Biotech Commons -> Van Pelt Library -> Claudia Cohen Hall
225,Harnwell College House,Claudia Cohen Hall,No preference,90.0,greedy_reward_per_minute,25.6,26.3,2.6616,20.8537,65.0,85.8537,3,True,0.0207,Harnwell College House -> Houston Hall -> Van Pelt Library -> Levine Hall -> Claudia Cohen Hall
225,Harnwell College House,Claudia Cohen Hall,No preference,90.0,nearest,24.6,26.3,6.4639,13.6818,70.0,83.6818,3,True,0.0119,Harnwell College House -> Huntsman Hall -> Van Pelt Library -> Fisher Fine Arts Library -> Claudia Cohen Hall
226,Harnwell College House,Annenberg School of Communication,Quiet,45.0,exact_dynamic_programming,11.0,11.0,0.0,10.0217,25.0,35.0217,1,True,0.1455,Harnwell College House -> Van Pelt Library -> Annenberg School of Communication
226,Harnwell College House,Annenberg School of Communication,Quiet,45.0,greedy_reward_per_minute,11.0,11.0,0.0,10.0217,25.0,35.0217,1,True,0.0123,Harnwell College House -> Van Pelt Library -> Annenberg School of Communication
226,Harnwell College House,Annenberg School of Communication,Quiet,45.0,nearest,4.8,11.0,56.3636,8.0593,20.0,28.0593,1,True,0.008,Harnwell College House -> Huntsman Hall -> Annenberg School of Communication
227,Harnwell College House,Annenberg School of Communication,Quiet,60.0,exact_dynamic_programming,15.8,15.8,0.0,11.7015,45.0,56.7015,2,True,0.1613,Harnwell College House -> Huntsman Hall -> Van Pelt Library -> Annenberg School of Communication
227,Harnwell College House,Annenberg School of Communication,Quiet,60.0,greedy_reward_per_minute,15.6,15.8,1.2658,14.9439,45.0,59.9439,2,True,0.0147,Harnwell College House -> Van Pelt Library -> Houston Hall -> Annenberg School of Communication
227,Harnwell College House,Annenberg School of Communication,Quiet,60.0,nearest,15.8,15.8,0.0,11.7015,45.0,56.7015,2,True,0.0099,Harnwell College House -> Huntsman Hall -> Van Pelt Library -> Annenberg School of Communication
228,Harnwell College House,Annenberg School of Communication,Quiet,90.0,exact_dynamic_programming,28.8,28.8,0.0,18.2044,70.0,88.2044,3,True,0.264,Harnwell College House -> Fisher Fine Arts Library -> Levine Hall -> Van Pelt Library -> Annenberg School of Communication
228,Harnwell College House,Annenberg School of Communication,Quiet,90.0,greedy_reward_per_minute,28.8,28.8,0.0,19.0502,70.0,89.0502,3,True,0.0194,Harnwell College House -> Van Pelt Library -> Fisher Fine Arts Library -> Levine Hall -> Annenberg School of Communication
228,Harnwell College House,Annenberg School of Communication,Quiet,90.0,nearest,26.6,28.8,7.6389,15.1223,70.0,85.1223,3,True,0.0115,Harnwell College House -> Huntsman Hall -> Van Pelt Library -> Fisher Fine Arts Library -> Annenberg School of Communication
229,Harnwell College House,Annenberg School of Communication,Collaborative,45.0,exact_dynamic_programming,10.8,10.8,0.0,8.0593,20.0,28.0593,1,True,0.1475,Harnwell College House -> Huntsman Hall -> Annenberg School of Communication
229,Harnwell College House,Annenberg School of Communication,Collaborative,45.0,greedy_reward_per_minute,10.8,10.8,0.0,8.0593,20.0,28.0593,1,True,0.012,Harnwell College House -> Huntsman Hall -> Annenberg School of Communication
229,Harnwell College House,Annenberg School of Communication,Collaborative,45.0,nearest,10.8,10.8,0.0,8.0593,20.0,28.0593,1,True,0.0077,Harnwell College House -> Huntsman Hall -> Annenberg School of Communication
230,Harnwell College House,Annenberg School of Communication,Collaborative,60.0,exact_dynamic_programming,21.4,21.4,0.0,15.7815,40.0,55.7815,2,True,0.1606,Harnwell College House -> Huntsman Hall -> Houston Hall -> Annenberg School of Communication
230,Harnwell College House,Annenberg School of Communication,Collaborative,60.0,greedy_reward_per_minute,21.4,21.4,0.0,15.7815,40.0,55.7815,2,True,0.0155,Harnwell College House -> Huntsman Hall -> Houston Hall -> Annenberg School of Communication
230,Harnwell College House,Annenberg School of Communication,Collaborative,60.0,nearest,17.8,21.4,16.8224,11.7015,45.0,56.7015,2,True,0.0096,Harnwell College House -> Huntsman Hall -> Van Pelt Library -> Annenberg School of Communication
231,Harnwell College House,Annenberg School of Communication,Collaborative,90.0,exact_dynamic_programming,30.4,30.4,0.0,21.2163,60.0,81.2163,3,True,0.28,Harnwell College House -> Huntsman Hall -> Levine Hall -> Houston Hall -> Annenberg School of Communication
231,Harnwell College House,Annenberg School of Communication,Collaborative,90.0,greedy_reward_per_minute,30.4,30.4,0.0,21.9272,60.0,81.9272,3,True,0.0215,Harnwell College House -> Huntsman Hall -> Houston Hall -> Levine Hall -> Annenberg School of Communication
231,Harnwell College House,Annenberg School of Communication,Collaborative,90.0,nearest,22.6,30.4,25.6579,15.1223,70.0,85.1223,3,True,0.0121,Harnwell College House -> Huntsman Hall -> Van Pelt Library -> Fisher Fine Arts Library -> Annenberg School of Communication
232,Harnwell College House,Annenberg School of Communication,Coffee nearby,45.0,exact_dynamic_programming,10.6,10.6,0.0,13.0206,20.0,33.0206,1,True,0.1551,Harnwell College House -> Houston Hall -> Annenberg School of Communication
232,Harnwell College House,Annenberg School of Communication,Coffee nearby,45.0,greedy_reward_per_minute,8.8,10.6,16.9811,8.0593,20.0,28.0593,1,True,0.0129,Harnwell College House -> Huntsman Hall -> Annenberg School of Communication
232,Harnwell College House,Annenberg School of Communication,Coffee nearby,45.0,nearest,8.8,10.6,16.9811,8.0593,20.0,28.0593,1,True,0.008,Harnwell College House -> Huntsman Hall -> Annenberg School of Communication
233,Harnwell College House,Annenberg School of Communication,Coffee nearby,60.0,exact_dynamic_programming,19.4,19.4,0.0,15.7815,40.0,55.7815,2,True,0.1726,Harnwell College House -> Huntsman Hall -> Houston Hall -> Annenberg School of Communication
233,Harnwell College House,Annenberg School of Communication,Coffee nearby,60.0,greedy_reward_per_minute,19.4,19.4,0.0,15.7815,40.0,55.7815,2,True,0.0162,Harnwell College House -> Huntsman Hall -> Houston Hall -> Annenberg School of Communication
233,Harnwell College House,Annenberg School of Communication,Coffee nearby,60.0,nearest,15.8,19.4,18.5567,11.7015,45.0,56.7015,2,True,0.0104,Harnwell College House -> Huntsman Hall -> Van Pelt Library -> Annenberg School of Communication
234,Harnwell College House,Annenberg School of Communication,Coffee nearby,90.0,exact_dynamic_programming,26.4,26.4,0.0,21.2163,60.0,81.2163,3,True,0.2818,Harnwell College House -> Huntsman Hall -> Levine Hall -> Houston Hall -> Annenberg School of Communication
234,Harnwell College House,Annenberg School of Communication,Coffee nearby,90.0,greedy_reward_per_minute,26.4,26.4,0.0,16.4269,65.0,81.4269,3,True,0.021,Harnwell College House -> Huntsman Hall -> Houston Hall -> Van Pelt Library -> Annenberg School of Communication
234,Harnwell College House,Annenberg School of Communication,Coffee nearby,90.0,nearest,20.6,26.4,21.9697,15.1223,70.0,85.1223,3,True,0.0132,Harnwell College House -> Huntsman Hall -> Van Pelt Library -> Fisher Fine Arts Library -> Annenberg School of Communication
235,Harnwell College House,Annenberg School of Communication,Power outlets,45.0,exact_dynamic_programming,11.0,11.0,0.0,10.0217,25.0,35.0217,1,True,0.1582,Harnwell College House -> Van Pelt Library -> Annenberg School of Communication
235,Harnwell College House,Annenberg School of Communication,Power outlets,45.0,greedy_reward_per_minute,8.8,11.0,20.0,8.0593,20.0,28.0593,1,True,0.0121,Harnwell College House -> Huntsman Hall -> Annenberg School of Communication
235,Harnwell College House,Annenberg School of Communication,Power outlets,45.0,nearest,8.8,11.0,20.0,8.0593,20.0,28.0593,1,True,0.0084,Harnwell College House -> Huntsman Hall -> Annenberg School of Communication
236,Harnwell College House,Annenberg School of Communication,Power outlets,60.0,exact_dynamic_programming,19.8,19.8,0.0,11.7015,45.0,56.7015,2,True,0.1748,Harnwell College House -> Huntsman Hall -> Van Pelt Library -> Annenberg School of Communication
236,Harnwell College House,Annenberg School of Communication,Power outlets,60.0,greedy_reward_per_minute,19.8,19.8,0.0,11.7015,45.0,56.7015,2,True,0.0157,Harnwell College House -> Huntsman Hall -> Van Pelt Library -> Annenberg School of Communication
236,Harnwell College House,Annenberg School of Communication,Power outlets,60.0,nearest,19.8,19.8,0.0,11.7015,45.0,56.7015,2,True,0.0107,Harnwell College House -> Huntsman Hall -> Van Pelt Library -> Annenberg School of Communication
237,Harnwell College House,Annenberg School of Communication,Power outlets,90.0,exact_dynamic_programming,30.8,30.8,0.0,18.5154,65.0,83.5154,3,True,0.2687,Harnwell College House -> Huntsman Hall -> Levine Hall -> Van Pelt Library -> Annenberg School of Communication
237,Harnwell College House,Annenberg School of Communication,Power outlets,90.0,greedy_reward_per_minute,30.8,30.8,0.0,19.4231,65.0,84.4231,3,True,0.0202,Harnwell College House -> Huntsman Hall -> Van Pelt Library -> Levine Hall -> Annenberg School of Communication
237,Harnwell College House,Annenberg School of Communication,Power outlets,90.0,nearest,28.6,30.8,7.1429,15.1223,70.0,85.1223,3,True,0.0126,Harnwell College House -> Huntsman Hall -> Van Pelt Library -> Fisher Fine Arts Library -> Annenberg School of Communication
238,Harnwell College House,Annenberg School of Communication,No preference,45.0,exact_dynamic_programming,9.0,9.0,0.0,10.0217,25.0,35.0217,1,True,0.1491,Harnwell College House -> Van Pelt Library -> Annenberg School of Communication
238,Harnwell College House,Annenberg School of Communication,No preference,45.0,greedy_reward_per_minute,8.3,9.0,7.7778,8.0593,20.0,28.0593,1,True,0.013,Harnwell College House -> Huntsman Hall -> Annenberg School of Communication
238,Harnwell College House,Annenberg School of Communication,No preference,45.0,nearest,8.3,9.0,7.7778,8.0593,20.0,28.0593,1,True,0.0076,Harnwell College House -> Huntsman Hall -> Annenberg School of Communication
239,Harnwell College House,Annenberg School of Communication,No preference,60.0,exact_dynamic_programming,17.3,17.3,0.0,11.7015,45.0,56.7015,2,True,0.1779,Harnwell College House -> Huntsman Hall -> Van Pelt Library -> Annenberg School of Communication
239,Harnwell College House,Annenberg School of Communication,No preference,60.0,greedy_reward_per_minute,17.3,17.3,0.0,11.7015,45.0,56.7015,2,True,0.0176,Harnwell College House -> Huntsman Hall -> Van Pelt Library -> Annenberg School of Communication
239,Harnwell College House,Annenberg School of Communication,No preference,60.0,nearest,17.3,17.3,0.0,11.7015,45.0,56.7015,2,True,0.0103,Harnwell College House -> Huntsman Hall -> Van Pelt Library -> Annenberg School of Communication
240,Harnwell College House,Annenberg School of Communication,No preference,90.0,exact_dynamic_programming,26.3,26.3,0.0,17.9653,70.0,87.9653,3,True,0.2845,Harnwell College House -> Huntsman Hall -> Holman Biotech Commons -> Van Pelt Library -> Annenberg School of Communication
240,Harnwell College House,Annenberg School of Communication,No preference,90.0,greedy_reward_per_minute,25.4,26.3,3.4221,16.6237,65.0,81.6237,3,True,0.0211,Harnwell College House -> Huntsman Hall -> Van Pelt Library -> Houston Hall -> Annenberg School of Communication
240,Harnwell College House,Annenberg School of Communication,No preference,90.0,nearest,24.6,26.3,6.4639,15.1223,70.0,85.1223,3,True,0.012,Harnwell College House -> Huntsman Hall -> Van Pelt Library -> Fisher Fine Arts Library -> Annenberg School of Communication
241,Harrison College House,Towne Building,Quiet,45.0,exact_dynamic_programming,11.0,11.0,0.0,12.3124,25.0,37.3124,1,True,0.0801,Harrison College House -> Van Pelt Library -> Towne Building
241,Harrison College House,Towne Building,Quiet,45.0,greedy_reward_per_minute,11.0,11.0,0.0,12.3124,25.0,37.3124,1,True,0.0121,Harrison College House -> Van Pelt Library -> Towne Building
241,Harrison College House,Towne Building,Quiet,45.0,nearest,4.8,11.0,56.3636,13.9876,20.0,33.9876,1,True,0.0076,Harrison College House -> Huntsman Hall -> Towne Building
242,Harrison College House,Towne Building,Quiet,60.0,exact_dynamic_programming,18.0,18.0,0.0,14.4864,45.0,59.4864,2,True,0.0853,Harrison College House -> Van Pelt Library -> Levine Hall -> Towne Building
242,Harrison College House,Towne Building,Quiet,60.0,greedy_reward_per_minute,18.0,18.0,0.0,14.4864,45.0,59.4864,2,True,0.0133,Harrison College House -> Van Pelt Library -> Levine Hall -> Towne Building
242,Harrison College House,Towne Building,Quiet,60.0,nearest,15.8,18.0,12.2222,13.9922,45.0,58.9922,2,True,0.0092,Harrison College House -> Huntsman Hall -> Van Pelt Library -> Towne Building
243,Harrison College House,Towne Building,Quiet,90.0,exact_dynamic_programming,28.8,28.8,0.0,15.7933,70.0,85.7933,3,True,0.1359,Harrison College House -> Van Pelt Library -> Fisher Fine Arts Library -> Levine Hall -> Towne Building
243,Harrison College House,Towne Building,Quiet,90.0,greedy_reward_per_minute,28.8,28.8,0.0,15.7933,70.0,85.7933,3,True,0.0173,Harrison College House -> Van Pelt Library -> Fisher Fine Arts Library -> Levine Hall -> Towne Building
243,Harrison College House,Towne Building,Quiet,90.0,nearest,26.6,28.8,7.6389,15.0325,70.0,85.0325,3,True,0.0106,Harrison College House -> Huntsman Hall -> Van Pelt Library -> Fisher Fine Arts Library -> Towne Building
244,Harrison College House,Towne Building,Collaborative,45.0,exact_dynamic_programming,10.8,10.8,0.0,13.9876,20.0,33.9876,1,True,0.0875,Harrison College House -> Huntsman Hall -> Towne Building
244,Harrison College House,Towne Building,Collaborative,45.0,greedy_reward_per_minute,10.6,10.8,1.8519,13.4688,20.0,33.4688,1,True,0.013,Harrison College House -> Houston Hall -> Towne Building
244,Harrison College House,Towne Building,Collaborative,45.0,nearest,10.8,10.8,0.0,13.9876,20.0,33.9876,1,True,0.0094,Harrison College House -> Huntsman Hall -> Towne Building
245,Harrison College House,Towne Building,Collaborative,60.0,exact_dynamic_programming,21.4,21.4,0.0,16.2297,40.0,56.2297,2,True,0.0908,Harrison College House -> Huntsman Hall -> Houston Hall -> Towne Building
245,Harrison College House,Towne Building,Collaborative,60.0,greedy_reward_per_minute,19.6,21.4,8.4112,15.9094,40.0,55.9094,2,True,0.0153,Harrison College House -> Houston Hall -> Levine Hall -> Towne Building
245,Harrison College House,Towne Building,Collaborative,60.0,nearest,17.8,21.4,16.8224,13.9922,45.0,58.9922,2,True,0.0095,Harrison College House -> Huntsman Hall -> Van Pelt Library -> Towne Building
246,Harrison College House,Towne Building,Collaborative,90.0,exact_dynamic_programming,30.4,30.4,0.0,18.6703,60.0,78.6703,3,True,0.1418,Harrison College House -> Huntsman Hall -> Houston Hall -> Levine Hall -> Towne Building
246,Harrison College House,Towne Building,Collaborative,90.0,greedy_reward_per_minute,26.6,30.4,12.5,21.5978,65.0,86.5978,3,True,0.0181,Harrison College House -> Houston Hall -> Levine Hall -> Van Pelt Library -> Towne Building
246,Harrison College House,Towne Building,Collaborative,90.0,nearest,22.6,30.4,25.6579,15.0325,70.0,85.0325,3,True,0.0112,Harrison College House -> Huntsman Hall -> Van Pelt Library -> Fisher Fine Arts Library -> Towne Building
247,Harrison College House,Towne Building,Coffee nearby,45.0,exact_dynamic_programming,10.6,10.6,0.0,13.4688,20.0,33.4688,1,True,0.0857,Harrison College House -> Houston Hall -> Towne Building
247,Harrison College House,Towne Building,Coffee nearby,45.0,greedy_reward_per_minute,10.6,10.6,0.0,13.4688,20.0,33.4688,1,True,0.0121,Harrison College House -> Houston Hall -> Towne Building
247,Harrison College House,Towne Building,Coffee nearby,45.0,nearest,8.8,10.6,16.9811,13.9876,20.0,33.9876,1,True,0.0078,Harrison College House -> Huntsman Hall -> Towne Building
248,Harrison College House,Towne Building,Coffee nearby,60.0,exact_dynamic_programming,19.4,19.4,0.0,16.2297,40.0,56.2297,2,True,0.0881,Harrison College House -> Huntsman Hall -> Houston Hall -> Towne Building
248,Harrison College House,Towne Building,Coffee nearby,60.0,greedy_reward_per_minute,17.6,19.4,9.2784,15.9094,40.0,55.9094,2,True,0.0142,Harrison College House -> Houston Hall -> Levine Hall -> Towne Building
248,Harrison College House,Towne Building,Coffee nearby,60.0,nearest,15.8,19.4,18.5567,13.9922,45.0,58.9922,2,True,0.0093,Harrison College House -> Huntsman Hall -> Van Pelt Library -> Towne Building
249,Harrison College House,Towne Building,Coffee nearby,90.0,exact_dynamic_programming,26.4,26.4,0.0,18.6703,60.0,78.6703,3,True,0.1411,Harrison College House -> Huntsman Hall -> Houston Hall -> Levine Hall -> Towne Building
249,Harrison College House,Towne Building,Coffee nearby,90.0,greedy_reward_per_minute,24.6,26.4,6.8182,21.5978,65.0,86.5978,3,True,0.0183,Harrison College House -> Houston Hall -> Levine Hall -> Van Pelt Library -> Towne Building
249,Harrison College House,Towne Building,Coffee nearby,90.0,nearest,20.6,26.4,21.9697,15.0325,70.0,85.0325,3,True,0.0115,Harrison College House -> Huntsman Hall -> Van Pelt Library -> Fisher Fine Arts Library -> Towne Building
250,Harrison College House,Towne Building,Power outlets,45.0,exact_dynamic_programming,11.0,11.0,0.0,14.0322,20.0,34.0322,1,True,0.0792,Harrison College House -> Levine Hall -> Towne Building
250,Harrison College House,Towne Building,Power outlets,45.0,greedy_reward_per_minute,11.0,11.0,0.0,14.0322,20.0,34.0322,1,True,0.0121,Harrison College House -> Levine Hall -> Towne Building
250,Harrison College House,Towne Building,Power outlets,45.0,nearest,8.8,11.0,20.0,13.9876,20.0,33.9876,1,True,0.0077,Harrison College House -> Huntsman Hall -> Towne Building
251,Harrison College House,Towne Building,Power outlets,60.0,exact_dynamic_programming,22.0,22.0,0.0,14.4864,45.0,59.4864,2,True,0.0893,Harrison College House -> Van Pelt Library -> Levine Hall -> Towne Building
251,Harrison College House,Towne Building,Power outlets,60.0,greedy_reward_per_minute,11.0,22.0,50.0,14.0322,20.0,34.0322,1,True,0.012,Harrison College House -> Levine Hall -> Towne Building
251,Harrison College House,Towne Building,Power outlets,60.0,nearest,19.8,22.0,10.0,13.9922,45.0,58.9922,2,True,0.0096,Harrison College House -> Huntsman Hall -> Van Pelt Library -> Towne Building
252,Harrison College House,Towne Building,Power outlets,90.0,exact_dynamic_programming,33.0,33.0,0.0,18.0356,70.0,88.0356,3,True,0.1396,Harrison College House -> Holman Biotech Commons -> Van Pelt Library -> Levine Hall -> Towne Building
252,Harrison College House,Towne Building,Power outlets,90.0,greedy_reward_per_minute,28.6,33.0,13.3333,22.8003,65.0,87.8003,3,True,0.0174,Harrison College House -> Levine Hall -> Van Pelt Library -> Houston Hall -> Towne Building
252,Harrison College House,Towne Building,Power outlets,90.0,nearest,28.6,33.0,13.3333,15.0325,70.0,85.0325,3,True,0.0109,Harrison College House -> Huntsman Hall -> Van Pelt Library -> Fisher Fine Arts Library -> Towne Building
253,Harrison College House,Towne Building,No preference,45.0,exact_dynamic_programming,9.0,9.0,0.0,12.3124,25.0,37.3124,1,True,0.0867,Harrison College House -> Van Pelt Library -> Towne Building
253,Harrison College House,Towne Building,No preference,45.0,greedy_reward_per_minute,8.5,9.0,5.5556,14.0322,20.0,34.0322,1,True,0.0119,Harrison College House -> Levine Hall -> Towne Building
253,Harrison College House,Towne Building,No preference,45.0,nearest,8.3,9.0,7.7778,13.9876,20.0,33.9876,1,True,0.0083,Harrison College House -> Huntsman Hall -> Towne Building
254,Harrison College House,Towne Building,No preference,60.0,exact_dynamic_programming,17.5,17.5,0.0,14.4864,45.0,59.4864,2,True,0.0952,Harrison College House -> Van Pelt Library -> Levine Hall -> Towne Building
254,Harrison College House,Towne Building,No preference,60.0,greedy_reward_per_minute,8.5,17.5,51.4286,14.0322,20.0,34.0322,1,True,0.0124,Harrison College House -> Levine Hall -> Towne Building
254,Harrison College House,Towne Building,No preference,60.0,nearest,17.3,17.5,1.1429,13.9922,45.0,58.9922,2,True,0.01,Harrison College House -> Huntsman Hall -> Van Pelt Library -> Towne Building
255,Harrison College House,Towne Building,No preference,90.0,exact_dynamic_programming,26.5,26.5,0.0,18.0356,70.0,88.0356,3,True,0.1499,Harrison College House -> Holman Biotech Commons -> Van Pelt Library -> Levine Hall -> Towne Building
255,Harrison College House,Towne Building,No preference,90.0,greedy_reward_per_minute,25.6,26.5,3.3962,23.0669,65.0,88.0669,3,True,0.0187,Harrison College House -> Levine Hall -> Houston Hall -> Van Pelt Library -> Towne Building
255,Harrison College House,Towne Building,No preference,90.0,nearest,24.6,26.5,7.1698,15.0325,70.0,85.0325,3,True,0.0122,Harrison College House -> Huntsman Hall -> Van Pelt Library -> Fisher Fine Arts Library -> Towne Building
256,Harrison College House,Moore School Building,Quiet,45.0,exact_dynamic_programming,11.0,11.0,0.0,12.7399,25.0,37.7399,1,True,0.1583,Harrison College House -> Van Pelt Library -> Moore School Building
256,Harrison College House,Moore School Building,Quiet,45.0,greedy_reward_per_minute,11.0,11.0,0.0,12.7399,25.0,37.7399,1,True,0.0124,Harrison College House -> Van Pelt Library -> Moore School Building
256,Harrison College House,Moore School Building,Quiet,45.0,nearest,4.8,11.0,56.3636,13.3713,20.0,33.3713,1,True,0.0085,Harrison College House -> Huntsman Hall -> Moore School Building
257,Harrison College House,Moore School Building,Quiet,60.0,exact_dynamic_programming,18.0,18.0,0.0,13.9884,45.0,58.9884,2,True,0.1708,Harrison College House -> Van Pelt Library -> Levine Hall -> Moore School Building
257,Harrison College House,Moore School Building,Quiet,60.0,greedy_reward_per_minute,18.0,18.0,0.0,13.9884,45.0,58.9884,2,True,0.0149,Harrison College House -> Van Pelt Library -> Levine Hall -> Moore School Building
257,Harrison College House,Moore School Building,Quiet,60.0,nearest,15.8,18.0,12.2222,14.4197,45.0,59.4197,2,True,0.01,Harrison College House -> Huntsman Hall -> Van Pelt Library -> Moore School Building
258,Harrison College House,Moore School Building,Quiet,90.0,exact_dynamic_programming,28.8,28.8,0.0,15.2953,70.0,85.2953,3,True,0.268,Harrison College House -> Van Pelt Library -> Fisher Fine Arts Library -> Levine Hall -> Moore School Building
258,Harrison College House,Moore School Building,Quiet,90.0,greedy_reward_per_minute,28.8,28.8,0.0,15.2953,70.0,85.2953,3,True,0.0202,Harrison College House -> Van Pelt Library -> Fisher Fine Arts Library -> Levine Hall -> Moore School Building
258,Harrison College House,Moore School Building,Quiet,90.0,nearest,26.6,28.8,7.6389,16.1543,70.0,86.1543,3,True,0.0121,Harrison College House -> Huntsman Hall -> Van Pelt Library -> Fisher Fine Arts Library -> Moore School Building
259,Harrison College House,Moore School Building,Collaborative,45.0,exact_dynamic_programming,10.8,10.8,0.0,13.3713,20.0,33.3713,1,True,0.1487,Harrison College House -> Huntsman Hall -> Moore School Building
259,Harrison College House,Moore School Building,Collaborative,45.0,greedy_reward_per_minute,10.8,10.8,0.0,13.3713,20.0,33.3713,1,True,0.0124,Harrison College House -> Huntsman Hall -> Moore School Building
259,Harrison College House,Moore School Building,Collaborative,45.0,nearest,10.8,10.8,0.0,13.3713,20.0,33.3713,1,True,0.0076,Harrison College House -> Huntsman Hall -> Moore School Building
260,Harrison College House,Moore School Building,Collaborative,60.0,exact_dynamic_programming,21.4,21.4,0.0,17.7153,40.0,57.7153,2,True,0.1694,Harrison College House -> Huntsman Hall -> Houston Hall -> Moore School Building
260,Harrison College House,Moore School Building,Collaborative,60.0,greedy_reward_per_minute,21.4,21.4,0.0,17.7153,40.0,57.7153,2,True,0.0168,Harrison College House -> Huntsman Hall -> Houston Hall -> Moore School Building
260,Harrison College House,Moore School Building,Collaborative,60.0,nearest,17.8,21.4,16.8224,14.4197,45.0,59.4197,2,True,0.0099,Harrison College House -> Huntsman Hall -> Van Pelt Library -> Moore School Building
261,Harrison College House,Moore School Building,Collaborative,90.0,exact_dynamic_programming,30.4,30.4,0.0,18.1723,60.0,78.1723,3,True,0.2676,Harrison College House -> Huntsman Hall -> Houston Hall -> Levine Hall -> Moore School Building
261,Harrison College House,Moore School Building,Collaborative,90.0,greedy_reward_per_minute,30.4,30.4,0.0,18.1723,60.0,78.1723,3,True,0.0205,Harrison College House -> Huntsman Hall -> Houston Hall -> Levine Hall -> Moore School Building
261,Harrison College House,Moore School Building,Collaborative,90.0,nearest,22.6,30.4,25.6579,16.1543,70.0,86.1543,3,True,0.0121,Harrison College House -> Huntsman Hall -> Van Pelt Library -> Fisher Fine Arts Library -> Moore School Building
262,Harrison College House,Moore School Building,Coffee nearby,45.0,exact_dynamic_programming,10.6,10.6,0.0,14.9544,20.0,34.9544,1,True,0.1524,Harrison College House -> Houston Hall -> Moore School Building
262,Harrison College House,Moore School Building,Coffee nearby,45.0,greedy_reward_per_minute,10.6,10.6,0.0,14.9544,20.0,34.9544,1,True,0.0127,Harrison College House -> Houston Hall -> Moore School Building
262,Harrison College House,Moore School Building,Coffee nearby,45.0,nearest,8.8,10.6,16.9811,13.3713,20.0,33.3713,1,True,0.0081,Harrison College House -> Huntsman Hall -> Moore School Building
263,Harrison College House,Moore School Building,Coffee nearby,60.0,exact_dynamic_programming,19.4,19.4,0.0,17.7153,40.0,57.7153,2,True,0.1679,Harrison College House -> Huntsman Hall -> Houston Hall -> Moore School Building
263,Harrison College House,Moore School Building,Coffee nearby,60.0,greedy_reward_per_minute,17.6,19.4,9.2784,15.4114,40.0,55.4114,2,True,0.0154,Harrison College House -> Houston Hall -> Levine Hall -> Moore School Building
263,Harrison College House,Moore School Building,Coffee nearby,60.0,nearest,15.8,19.4,18.5567,14.4197,45.0,59.4197,2,True,0.0103,Harrison College House -> Huntsman Hall -> Van Pelt Library -> Moore School Building
264,Harrison College House,Moore School Building,Coffee nearby,90.0,exact_dynamic_programming,26.4,26.4,0.0,18.1723,60.0,78.1723,3,True,0.2648,Harrison College House -> Huntsman Hall -> Houston Hall -> Levine Hall -> Moore School Building
264,Harrison College House,Moore School Building,Coffee nearby,90.0,greedy_reward_per_minute,26.4,26.4,0.0,29.5184,60.0,89.5184,3,True,0.0203,Harrison College House -> Houston Hall -> Levine Hall -> Huntsman Hall -> Moore School Building
264,Harrison College House,Moore School Building,Coffee nearby,90.0,nearest,20.6,26.4,21.9697,16.1543,70.0,86.1543,3,True,0.012,Harrison College House -> Huntsman Hall -> Van Pelt Library -> Fisher Fine Arts Library -> Moore School Building
265,Harrison College House,Moore School Building,Power outlets,45.0,exact_dynamic_programming,11.0,11.0,0.0,13.5342,20.0,33.5342,1,True,0.1514,Harrison College House -> Levine Hall -> Moore School Building
265,Harrison College House,Moore School Building,Power outlets,45.0,greedy_reward_per_minute,11.0,11.0,0.0,13.5342,20.0,33.5342,1,True,0.0125,Harrison College House -> Levine Hall -> Moore School Building
265,Harrison College House,Moore School Building,Power outlets,45.0,nearest,8.8,11.0,20.0,13.3713,20.0,33.3713,1,True,0.0081,Harrison College House -> Huntsman Hall -> Moore School Building
266,Harrison College House,Moore School Building,Power outlets,60.0,exact_dynamic_programming,22.0,22.0,0.0,13.9884,45.0,58.9884,2,True,0.1689,Harrison College House -> Van Pelt Library -> Levine Hall -> Moore School Building
266,Harrison College House,Moore School Building,Power outlets,60.0,greedy_reward_per_minute,19.8,22.0,10.0,16.073,40.0,56.073,2,True,0.0142,Harrison College House -> Levine Hall -> Towne Building -> Moore School Building
266,Harrison College House,Moore School Building,Power outlets,60.0,nearest,19.8,22.0,10.0,14.4197,45.0,59.4197,2,True,0.0097,Harrison College House -> Huntsman Hall -> Van Pelt Library -> Moore School Building
267,Harrison College House,Moore School Building,Power outlets,90.0,exact_dynamic_programming,33.0,33.0,0.0,17.5376,70.0,87.5376,3,True,0.2613,Harrison College House -> Holman Biotech Commons -> Van Pelt Library -> Levine Hall -> Moore School Building
267,Harrison College House,Moore School Building,Power outlets,90.0,greedy_reward_per_minute,30.8,33.0,6.6667,22.2819,65.0,87.2819,3,True,0.0196,Harrison College House -> Levine Hall -> Towne Building -> Van Pelt Library -> Moore School Building
267,Harrison College House,Moore School Building,Power outlets,90.0,nearest,28.6,33.0,13.3333,16.1543,70.0,86.1543,3,True,0.0118,Harrison College House -> Huntsman Hall -> Van Pelt Library -> Fisher Fine Arts Library -> Moore School Building
268,Harrison College House,Moore School Building,No preference,45.0,exact_dynamic_programming,9.0,9.0,0.0,12.7399,25.0,37.7399,1,True,0.1635,Harrison College House -> Van Pelt Library -> Moore School Building
268,Harrison College House,Moore School Building,No preference,45.0,greedy_reward_per_minute,8.5,9.0,5.5556,13.5342,20.0,33.5342,1,True,0.0124,Harrison College House -> Levine Hall -> Moore School Building
268,Harrison College House,Moore School Building,No preference,45.0,nearest,8.3,9.0,7.7778,13.3713,20.0,33.3713,1,True,0.0079,Harrison College House -> Huntsman Hall -> Moore School Building
269,Harrison College House,Moore School Building,No preference,60.0,exact_dynamic_programming,17.5,17.5,0.0,13.9884,45.0,58.9884,2,True,0.1789,Harrison College House -> Van Pelt Library -> Levine Hall -> Moore School Building
269,Harrison College House,Moore School Building,No preference,60.0,greedy_reward_per_minute,15.3,17.5,12.5714,16.073,40.0,56.073,2,True,0.0159,Harrison College House -> Levine Hall -> Towne Building -> Moore School Building
269,Harrison College House,Moore School Building,No preference,60.0,nearest,17.3,17.5,1.1429,14.4197,45.0,59.4197,2,True,0.0105,Harrison College House -> Huntsman Hall -> Van Pelt Library -> Moore School Building
270,Harrison College House,Moore School Building,No preference,90.0,exact_dynamic_programming,26.5,26.5,0.0,17.5376,70.0,87.5376,3,True,0.258,Harrison College House -> Holman Biotech Commons -> Van Pelt Library -> Levine Hall -> Moore School Building
270,Harrison College House,Moore School Building,No preference,90.0,greedy_reward_per_minute,23.4,26.5,11.6981,23.9318,60.0,83.9318,3,True,0.0203,Harrison College House -> Levine Hall -> Towne Building -> Houston Hall -> Moore School Building
270,Harrison College House,Moore School Building,No preference,90.0,nearest,24.6,26.5,7.1698,16.1543,70.0,86.1543,3,True,0.0117,Harrison College House -> Huntsman Hall -> Van Pelt Library -> Fisher Fine Arts Library -> Moore School Building
271,Harrison College House,Levine Hall,Quiet,45.0,exact_dynamic_programming,11.0,11.0,0.0,12.3325,25.0,37.3325,1,True,0.0802,Harrison College House -> Van Pelt Library -> Levine Hall
271,Harrison College House,Levine Hall,Quiet,45.0,greedy_reward_per_minute,11.0,11.0,0.0,12.3325,25.0,37.3325,1,True,0.0121,Harrison College House -> Van Pelt Library -> Levine Hall
271,Harrison College House,Levine Hall,Quiet,45.0,nearest,4.8,11.0,56.3636,12.9638,20.0,32.9638,1,True,0.0079,Harrison College House -> Huntsman Hall -> Levine Hall
272,Harrison College House,Levine Hall,Quiet,60.0,exact_dynamic_programming,17.8,17.8,0.0,14.4663,45.0,59.4663,2,True,0.0841,Harrison College House -> Van Pelt Library -> Towne Building -> Levine Hall
272,Harrison College House,Levine Hall,Quiet,60.0,greedy_reward_per_minute,17.8,17.8,0.0,14.4663,45.0,59.4663,2,True,0.0136,Harrison College House -> Van Pelt Library -> Towne Building -> Levine Hall
272,Harrison College House,Levine Hall,Quiet,60.0,nearest,15.8,17.8,11.236,14.0123,45.0,59.0123,2,True,0.009,Harrison College House -> Huntsman Hall -> Van Pelt Library -> Levine Hall
273,Harrison College House,Levine Hall,Quiet,90.0,exact_dynamic_programming,28.6,28.6,0.0,15.5066,70.0,85.5066,3,True,0.1405,Harrison College House -> Van Pelt Library -> Fisher Fine Arts Library -> Towne Building -> Levine Hall
273,Harrison College House,Levine Hall,Quiet,90.0,greedy_reward_per_minute,28.6,28.6,0.0,15.5066,70.0,85.5066,3,True,0.0175,Harrison College House -> Van Pelt Library -> Fisher Fine Arts Library -> Towne Building -> Levine Hall
273,Harrison College House,Levine Hall,Quiet,90.0,nearest,26.6,28.6,6.993,15.3192,70.0,85.3192,3,True,0.0106,Harrison College House -> Huntsman Hall -> Van Pelt Library -> Fisher Fine Arts Library -> Levine Hall
274,Harrison College House,Levine Hall,Collaborative,45.0,exact_dynamic_programming,10.8,10.8,0.0,12.9638,20.0,32.9638,1,True,0.0788,Harrison College House -> Huntsman Hall -> Levine Hall
274,Harrison College House,Levine Hall,Collaborative,45.0,greedy_reward_per_minute,10.8,10.8,0.0,12.9638,20.0,32.9638,1,True,0.0119,Harrison College House -> Huntsman Hall -> Levine Hall
274,Harrison College House,Levine Hall,Collaborative,45.0,nearest,10.8,10.8,0.0,12.9638,20.0,32.9638,1,True,0.0075,Harrison College House -> Huntsman Hall -> Levine Hall
275,Harrison College House,Levine Hall,Collaborative,60.0,exact_dynamic_programming,21.4,21.4,0.0,16.5164,40.0,56.5164,2,True,0.0865,Harrison College House -> Huntsman Hall -> Houston Hall -> Levine Hall
275,Harrison College House,Levine Hall,Collaborative,60.0,greedy_reward_per_minute,21.4,21.4,0.0,16.5164,40.0,56.5164,2,True,0.0149,Harrison College House -> Huntsman Hall -> Houston Hall -> Levine Hall
275,Harrison College House,Levine Hall,Collaborative,60.0,nearest,17.8,21.4,16.8224,14.0123,45.0,59.0123,2,True,0.0098,Harrison College House -> Huntsman Hall -> Van Pelt Library -> Levine Hall
276,Harrison College House,Levine Hall,Collaborative,90.0,exact_dynamic_programming,30.4,30.4,0.0,20.5813,65.0,85.5813,3,True,0.1417,Harrison College House -> Huntsman Hall -> Holman Biotech Commons -> Houston Hall -> Levine Hall
276,Harrison College House,Levine Hall,Collaborative,90.0,greedy_reward_per_minute,28.2,30.4,7.2368,18.3836,60.0,78.3836,3,True,0.0188,Harrison College House -> Huntsman Hall -> Houston Hall -> Towne Building -> Levine Hall
276,Harrison College House,Levine Hall,Collaborative,90.0,nearest,22.6,30.4,25.6579,15.3192,70.0,85.3192,3,True,0.0111,Harrison College House -> Huntsman Hall -> Van Pelt Library -> Fisher Fine Arts Library -> Levine Hall
277,Harrison College House,Levine Hall,Coffee nearby,45.0,exact_dynamic_programming,10.6,10.6,0.0,13.7555,20.0,33.7555,1,True,0.0851,Harrison College House -> Houston Hall -> Levine Hall
277,Harrison College House,Levine Hall,Coffee nearby,45.0,greedy_reward_per_minute,10.6,10.6,0.0,13.7555,20.0,33.7555,1,True,0.0117,Harrison College House -> Houston Hall -> Levine Hall
277,Harrison College House,Levine Hall,Coffee nearby,45.0,nearest,8.8,10.6,16.9811,12.9638,20.0,32.9638,1,True,0.0075,Harrison College House -> Huntsman Hall -> Levine Hall
278,Harrison College House,Levine Hall,Coffee nearby,60.0,exact_dynamic_programming,19.4,19.4,0.0,16.5164,40.0,56.5164,2,True,0.0862,Harrison College House -> Huntsman Hall -> Houston Hall -> Levine Hall
278,Harrison College House,Levine Hall,Coffee nearby,60.0,greedy_reward_per_minute,15.4,19.4,20.6186,15.6227,40.0,55.6227,2,True,0.0141,Harrison College House -> Houston Hall -> Towne Building -> Levine Hall
278,Harrison College House,Levine Hall,Coffee nearby,60.0,nearest,15.8,19.4,18.5567,14.0123,45.0,59.0123,2,True,0.0092,Harrison College House -> Huntsman Hall -> Van Pelt Library -> Levine Hall
279,Harrison College House,Levine Hall,Coffee nearby,90.0,exact_dynamic_programming,26.4,26.4,0.0,17.3586,65.0,82.3586,3,True,0.1395,Harrison College House -> Huntsman Hall -> Van Pelt Library -> Houston Hall -> Levine Hall
279,Harrison College House,Levine Hall,Coffee nearby,90.0,greedy_reward_per_minute,26.4,26.4,0.0,24.7246,65.0,89.7246,3,True,0.0178,Harrison College House -> Houston Hall -> Huntsman Hall -> Van Pelt Library -> Levine Hall
279,Harrison College House,Levine Hall,Coffee nearby,90.0,nearest,20.6,26.4,21.9697,15.3192,70.0,85.3192,3,True,0.0109,Harrison College House -> Huntsman Hall -> Van Pelt Library -> Fisher Fine Arts Library -> Levine Hall
280,Harrison College House,Levine Hall,Power outlets,45.0,exact_dynamic_programming,11.0,11.0,0.0,12.3325,25.0,37.3325,1,True,0.0769,Harrison College House -> Van Pelt Library -> Levine Hall
280,Harrison College House,Levine Hall,Power outlets,45.0,greedy_reward_per_minute,11.0,11.0,0.0,12.3325,25.0,37.3325,1,True,0.0109,Harrison College House -> Van Pelt Library -> Levine Hall
280,Harrison College House,Levine Hall,Power outlets,45.0,nearest,8.8,11.0,20.0,12.9638,20.0,32.9638,1,True,0.0072,Harrison College House -> Huntsman Hall -> Levine Hall
281,Harrison College House,Levine Hall,Power outlets,60.0,exact_dynamic_programming,19.8,19.8,0.0,14.0123,45.0,59.0123,2,True,0.09,Harrison College House -> Huntsman Hall -> Van Pelt Library -> Levine Hall
281,Harrison College House,Levine Hall,Power outlets,60.0,greedy_reward_per_minute,19.8,19.8,0.0,14.4663,45.0,59.4663,2,True,0.0134,Harrison College House -> Van Pelt Library -> Towne Building -> Levine Hall
281,Harrison College House,Levine Hall,Power outlets,60.0,nearest,19.8,19.8,0.0,14.0123,45.0,59.0123,2,True,0.0092,Harrison College House -> Huntsman Hall -> Van Pelt Library -> Levine Hall
282,Harrison College House,Levine Hall,Power outlets,90.0,exact_dynamic_programming,30.8,30.8,0.0,18.0155,70.0,88.0155,3,True,0.1351,Harrison College House -> Holman Biotech Commons -> Van Pelt Library -> Towne Building -> Levine Hall
282,Harrison College House,Levine Hall,Power outlets,90.0,greedy_reward_per_minute,28.6,30.8,7.1429,19.0811,70.0,89.0811,3,True,0.0172,Harrison College House -> Van Pelt Library -> Towne Building -> Fisher Fine Arts Library -> Levine Hall
282,Harrison College House,Levine Hall,Power outlets,90.0,nearest,28.6,30.8,7.1429,15.3192,70.0,85.3192,3,True,0.0104,Harrison College House -> Huntsman Hall -> Van Pelt Library -> Fisher Fine Arts Library -> Levine Hall
283,Harrison College House,Levine Hall,No preference,45.0,exact_dynamic_programming,9.0,9.0,0.0,12.3325,25.0,37.3325,1,True,0.0771,Harrison College House -> Van Pelt Library -> Levine Hall
283,Harrison College House,Levine Hall,No preference,45.0,greedy_reward_per_minute,8.3,9.0,7.7778,12.9638,20.0,32.9638,1,True,0.012,Harrison College House -> Huntsman Hall -> Levine Hall
283,Harrison College House,Levine Hall,No preference,45.0,nearest,8.3,9.0,7.7778,12.9638,20.0,32.9638,1,True,0.0074,Harrison College House -> Huntsman Hall -> Levine Hall
284,Harrison College House,Levine Hall,No preference,60.0,exact_dynamic_programming,17.3,17.3,0.0,14.0123,45.0,59.0123,2,True,0.0914,Harrison College House -> Huntsman Hall -> Van Pelt Library -> Levine Hall
284,Harrison College House,Levine Hall,No preference,60.0,greedy_reward_per_minute,17.3,17.3,0.0,14.0123,45.0,59.0123,2,True,0.0151,Harrison College House -> Huntsman Hall -> Van Pelt Library -> Levine Hall
284,Harrison College House,Levine Hall,No preference,60.0,nearest,17.3,17.3,0.0,14.0123,45.0,59.0123,2,True,0.0103,Harrison College House -> Huntsman Hall -> Van Pelt Library -> Levine Hall
285,Harrison College House,Levine Hall,No preference,90.0,exact_dynamic_programming,26.1,26.1,0.0,18.4082,70.0,88.4082,3,True,0.146,Harrison College House -> Holman Biotech Commons -> Houston Hall -> Van Pelt Library -> Levine Hall
285,Harrison College House,Levine Hall,No preference,90.0,greedy_reward_per_minute,25.4,26.1,2.682,17.3586,65.0,82.3586,3,True,0.0193,Harrison College House -> Huntsman Hall -> Van Pelt Library -> Houston Hall -> Levine Hall
285,Harrison College House,Levine Hall,No preference,90.0,nearest,24.6,26.1,5.7471,15.3192,70.0,85.3192,3,True,0.0113,Harrison College House -> Huntsman Hall -> Van Pelt Library -> Fisher Fine Arts Library -> Levine Hall
286,Harrison College House,David Rittenhouse Laboratory,Quiet,45.0,exact_dynamic_programming,11.0,11.0,0.0,13.0514,25.0,38.0514,1,True,0.1533,Harrison College House -> Van Pelt Library -> David Rittenhouse Laboratory
286,Harrison College House,David Rittenhouse Laboratory,Quiet,45.0,greedy_reward_per_minute,11.0,11.0,0.0,13.0514,25.0,38.0514,1,True,0.0131,Harrison College House -> Van Pelt Library -> David Rittenhouse Laboratory
286,Harrison College House,David Rittenhouse Laboratory,Quiet,45.0,nearest,4.8,11.0,56.3636,13.6827,20.0,33.6827,1,True,0.0082,Harrison College House -> Huntsman Hall -> David Rittenhouse Laboratory
287,Harrison College House,David Rittenhouse Laboratory,Quiet,60.0,exact_dynamic_programming,18.0,18.0,0.0,14.2999,45.0,59.2999,2,True,0.1713,Harrison College House -> Van Pelt Library -> Levine Hall -> David Rittenhouse Laboratory
287,Harrison College House,David Rittenhouse Laboratory,Quiet,60.0,greedy_reward_per_minute,18.0,18.0,0.0,14.2999,45.0,59.2999,2,True,0.0158,Harrison College House -> Van Pelt Library -> Levine Hall -> David Rittenhouse Laboratory
287,Harrison College House,David Rittenhouse Laboratory,Quiet,60.0,nearest,15.8,18.0,12.2222,14.7312,45.0,59.7312,2,True,0.01,Harrison College House -> Huntsman Hall -> Van Pelt Library -> David Rittenhouse Laboratory
288,Harrison College House,David Rittenhouse Laboratory,Quiet,90.0,exact_dynamic_programming,28.8,28.8,0.0,15.6068,70.0,85.6068,3,True,0.2613,Harrison College House -> Van Pelt Library -> Fisher Fine Arts Library -> Levine Hall -> David Rittenhouse Laboratory
288,Harrison College House,David Rittenhouse Laboratory,Quiet,90.0,greedy_reward_per_minute,28.8,28.8,0.0,15.6068,70.0,85.6068,3,True,0.0204,Harrison College House -> Van Pelt Library -> Fisher Fine Arts Library -> Levine Hall -> David Rittenhouse Laboratory
288,Harrison College House,David Rittenhouse Laboratory,Quiet,90.0,nearest,26.6,28.8,7.6389,16.4657,70.0,86.4657,3,True,0.0124,Harrison College House -> Huntsman Hall -> Van Pelt Library -> Fisher Fine Arts Library -> David Rittenhouse Laboratory
289,Harrison College House,David Rittenhouse Laboratory,Collaborative,45.0,exact_dynamic_programming,10.8,10.8,0.0,13.6827,20.0,33.6827,1,True,0.1534,Harrison College House -> Huntsman Hall -> David Rittenhouse Laboratory
289,Harrison College House,David Rittenhouse Laboratory,Collaborative,45.0,greedy_reward_per_minute,10.8,10.8,0.0,13.6827,20.0,33.6827,1,True,0.0127,Harrison College House -> Huntsman Hall -> David Rittenhouse Laboratory
289,Harrison College House,David Rittenhouse Laboratory,Collaborative,45.0,nearest,10.8,10.8,0.0,13.6827,20.0,33.6827,1,True,0.0081,Harrison College House -> Huntsman Hall -> David Rittenhouse Laboratory
290,Harrison College House,David Rittenhouse Laboratory,Collaborative,60.0,exact_dynamic_programming,21.4,21.4,0.0,18.0268,40.0,58.0268,2,True,0.2241,Harrison College House -> Huntsman Hall -> Houston Hall -> David Rittenhouse Laboratory
290,Harrison College House,David Rittenhouse Laboratory,Collaborative,60.0,greedy_reward_per_minute,21.4,21.4,0.0,18.0268,40.0,58.0268,2,True,0.0173,Harrison College House -> Huntsman Hall -> Houston Hall -> David Rittenhouse Laboratory
290,Harrison College House,David Rittenhouse Laboratory,Collaborative,60.0,nearest,17.8,21.4,16.8224,14.7312,45.0,59.7312,2,True,0.01,Harrison College House -> Huntsman Hall -> Van Pelt Library -> David Rittenhouse Laboratory
291,Harrison College House,David Rittenhouse Laboratory,Collaborative,90.0,exact_dynamic_programming,30.4,30.4,0.0,18.4838,60.0,78.4838,3,True,0.2587,Harrison College House -> Huntsman Hall -> Houston Hall -> Levine Hall -> David Rittenhouse Laboratory
291,Harrison College House,David Rittenhouse Laboratory,Collaborative,90.0,greedy_reward_per_minute,30.4,30.4,0.0,18.4838,60.0,78.4838,3,True,0.0202,Harrison College House -> Huntsman Hall -> Houston Hall -> Levine Hall -> David Rittenhouse Laboratory
291,Harrison College House,David Rittenhouse Laboratory,Collaborative,90.0,nearest,22.6,30.4,25.6579,16.4657,70.0,86.4657,3,True,0.0117,Harrison College House -> Huntsman Hall -> Van Pelt Library -> Fisher Fine Arts Library -> David Rittenhouse Laboratory
292,Harrison College House,David Rittenhouse Laboratory,Coffee nearby,45.0,exact_dynamic_programming,10.6,10.6,0.0,15.2659,20.0,35.2659,1,True,0.1519,Harrison College House -> Houston Hall -> David Rittenhouse Laboratory
292,Harrison College House,David Rittenhouse Laboratory,Coffee nearby,45.0,greedy_reward_per_minute,10.6,10.6,0.0,15.2659,20.0,35.2659,1,True,0.0128,Harrison College House -> Houston Hall -> David Rittenhouse Laboratory
292,Harrison College House,David Rittenhouse Laboratory,Coffee nearby,45.0,nearest,8.8,10.6,16.9811,13.6827,20.0,33.6827,1,True,0.008,Harrison College House -> Huntsman Hall -> David Rittenhouse Laboratory
293,Harrison College House,David Rittenhouse Laboratory,Coffee nearby,60.0,exact_dynamic_programming,19.4,19.4,0.0,18.0268,40.0,58.0268,2,True,0.1673,Harrison College House -> Huntsman Hall -> Houston Hall -> David Rittenhouse Laboratory
293,Harrison College House,David Rittenhouse Laboratory,Coffee nearby,60.0,greedy_reward_per_minute,17.6,19.4,9.2784,15.7229,40.0,55.7229,2,True,0.0154,Harrison College House -> Houston Hall -> Levine Hall -> David Rittenhouse Laboratory
293,Harrison College House,David Rittenhouse Laboratory,Coffee nearby,60.0,nearest,15.8,19.4,18.5567,14.7312,45.0,59.7312,2,True,0.0104,Harrison College House -> Huntsman Hall -> Van Pelt Library -> David Rittenhouse Laboratory
294,Harrison College House,David Rittenhouse Laboratory,Coffee nearby,90.0,exact_dynamic_programming,26.4,26.4,0.0,18.4838,60.0,78.4838,3,True,0.2588,Harrison College House -> Huntsman Hall -> Houston Hall -> Levine Hall -> David Rittenhouse Laboratory
294,Harrison College House,David Rittenhouse Laboratory,Coffee nearby,90.0,greedy_reward_per_minute,26.4,26.4,0.0,29.8298,60.0,89.8298,3,True,0.0208,Harrison College House -> Houston Hall -> Levine Hall -> Huntsman Hall -> David Rittenhouse Laboratory
294,Harrison College House,David Rittenhouse Laboratory,Coffee nearby,90.0,nearest,20.6,26.4,21.9697,16.4657,70.0,86.4657,3,True,0.0121,Harrison College House -> Huntsman Hall -> Van Pelt Library -> Fisher Fine Arts Library -> David Rittenhouse Laboratory
295,Harrison College House,David Rittenhouse Laboratory,Power outlets,45.0,exact_dynamic_programming,11.0,11.0,0.0,13.8457,20.0,33.8457,1,True,0.147,Harrison College House -> Levine Hall -> David Rittenhouse Laboratory
295,Harrison College House,David Rittenhouse Laboratory,Power outlets,45.0,greedy_reward_per_minute,11.0,11.0,0.0,13.8457,20.0,33.8457,1,True,0.0123,Harrison College House -> Levine Hall -> David Rittenhouse Laboratory
295,Harrison College House,David Rittenhouse Laboratory,Power outlets,45.0,nearest,8.8,11.0,20.0,13.6827,20.0,33.6827,1,True,0.0077,Harrison College House -> Huntsman Hall -> David Rittenhouse Laboratory
296,Harrison College House,David Rittenhouse Laboratory,Power outlets,60.0,exact_dynamic_programming,22.0,22.0,0.0,14.2999,45.0,59.2999,2,True,0.1625,Harrison College House -> Van Pelt Library -> Levine Hall -> David Rittenhouse Laboratory
296,Harrison College House,David Rittenhouse Laboratory,Power outlets,60.0,greedy_reward_per_minute,19.8,22.0,10.0,16.2933,40.0,56.2933,2,True,0.014,Harrison College House -> Levine Hall -> Towne Building -> David Rittenhouse Laboratory
296,Harrison College House,David Rittenhouse Laboratory,Power outlets,60.0,nearest,19.8,22.0,10.0,14.7312,45.0,59.7312,2,True,0.0094,Harrison College House -> Huntsman Hall -> Van Pelt Library -> David Rittenhouse Laboratory
297,Harrison College House,David Rittenhouse Laboratory,Power outlets,90.0,exact_dynamic_programming,33.0,33.0,0.0,17.8491,70.0,87.8491,3,True,0.2675,Harrison College House -> Holman Biotech Commons -> Van Pelt Library -> Levine Hall -> David Rittenhouse Laboratory
297,Harrison College House,David Rittenhouse Laboratory,Power outlets,90.0,greedy_reward_per_minute,30.8,33.0,6.6667,22.5934,65.0,87.5934,3,True,0.0215,Harrison College House -> Levine Hall -> Towne Building -> Van Pelt Library -> David Rittenhouse Laboratory
297,Harrison College House,David Rittenhouse Laboratory,Power outlets,90.0,nearest,28.6,33.0,13.3333,16.4657,70.0,86.4657,3,True,0.0139,Harrison College House -> Huntsman Hall -> Van Pelt Library -> Fisher Fine Arts Library -> David Rittenhouse Laboratory
298,Harrison College House,David Rittenhouse Laboratory,No preference,45.0,exact_dynamic_programming,9.0,9.0,0.0,13.0514,25.0,38.0514,1,True,0.1471,Harrison College House -> Van Pelt Library -> David Rittenhouse Laboratory
298,Harrison College House,David Rittenhouse Laboratory,No preference,45.0,greedy_reward_per_minute,8.5,9.0,5.5556,13.8457,20.0,33.8457,1,True,0.0129,Harrison College House -> Levine Hall -> David Rittenhouse Laboratory
298,Harrison College House,David Rittenhouse Laboratory,No preference,45.0,nearest,8.3,9.0,7.7778,13.6827,20.0,33.6827,1,True,0.0077,Harrison College House -> Huntsman Hall -> David Rittenhouse Laboratory
299,Harrison College House,David Rittenhouse Laboratory,No preference,60.0,exact_dynamic_programming,17.5,17.5,0.0,14.2999,45.0,59.2999,2,True,0.1674,Harrison College House -> Van Pelt Library -> Levine Hall -> David Rittenhouse Laboratory
299,Harrison College House,David Rittenhouse Laboratory,No preference,60.0,greedy_reward_per_minute,15.3,17.5,12.5714,16.2933,40.0,56.2933,2,True,0.0156,Harrison College House -> Levine Hall -> Towne Building -> David Rittenhouse Laboratory
299,Harrison College House,David Rittenhouse Laboratory,No preference,60.0,nearest,17.3,17.5,1.1429,14.7312,45.0,59.7312,2,True,0.0104,Harrison College House -> Huntsman Hall -> Van Pelt Library -> David Rittenhouse Laboratory
300,Harrison College House,David Rittenhouse Laboratory,No preference,90.0,exact_dynamic_programming,26.5,26.5,0.0,17.8491,70.0,87.8491,3,True,0.2626,Harrison College House -> Holman Biotech Commons -> Van Pelt Library -> Levine Hall -> David Rittenhouse Laboratory
300,Harrison College House,David Rittenhouse Laboratory,No preference,90.0,greedy_reward_per_minute,23.4,26.5,11.6981,24.2433,60.0,84.2433,3,True,0.0208,Harrison College House -> Levine Hall -> Towne Building -> Houston Hall -> David Rittenhouse Laboratory
300,Harrison College House,David Rittenhouse Laboratory,No preference,90.0,nearest,24.6,26.5,7.1698,16.4657,70.0,86.4657,3,True,0.012,Harrison College House -> Huntsman Hall -> Van Pelt Library -> Fisher Fine Arts Library -> David Rittenhouse Laboratory
301,Harrison College House,Huntsman Hall,Quiet,45.0,exact_dynamic_programming,11.0,11.0,0.0,13.1963,25.0,38.1963,1,True,0.0789,Harrison College House -> Van Pelt Library -> Huntsman Hall
301,Harrison College House,Huntsman Hall,Quiet,45.0,greedy_reward_per_minute,11.0,11.0,0.0,13.1963,25.0,38.1963,1,True,0.0121,Harrison College House -> Van Pelt Library -> Huntsman Hall
301,Harrison College House,Huntsman Hall,Quiet,45.0,nearest,9.0,11.0,18.1818,11.7425,25.0,36.7425,1,True,0.0078,Harrison College House -> Holman Biotech Commons -> Huntsman Hall
302,Harrison College House,Huntsman Hall,Quiet,60.0,exact_dynamic_programming,11.0,11.0,0.0,13.1963,25.0,38.1963,1,True,0.0791,Harrison College House -> Van Pelt Library -> Huntsman Hall
302,Harrison College House,Huntsman Hall,Quiet,60.0,greedy_reward_per_minute,11.0,11.0,0.0,13.1963,25.0,38.1963,1,True,0.012,Harrison College House -> Van Pelt Library -> Huntsman Hall
302,Harrison College House,Huntsman Hall,Quiet,60.0,nearest,9.0,11.0,18.1818,11.7425,25.0,36.7425,1,True,0.0074,Harrison College House -> Holman Biotech Commons -> Huntsman Hall
303,Harrison College House,Huntsman Hall,Quiet,90.0,exact_dynamic_programming,26.4,26.4,0.0,17.4257,70.0,87.4257,3,True,0.136,Harrison College House -> Houston Hall -> Fisher Fine Arts Library -> Van Pelt Library -> Huntsman Hall
303,Harrison College House,Huntsman Hall,Quiet,90.0,greedy_reward_per_minute,26.4,26.4,0.0,18.5068,70.0,88.5068,3,True,0.0172,Harrison College House -> Van Pelt Library -> Fisher Fine Arts Library -> Houston Hall -> Huntsman Hall
303,Harrison College House,Huntsman Hall,Quiet,90.0,nearest,24.4,26.4,7.5758,19.8525,70.0,89.8525,3,True,0.0108,Harrison College House -> Holman Biotech Commons -> Houston Hall -> Fisher Fine Arts Library -> Huntsman Hall
304,Harrison College House,Huntsman Hall,Collaborative,45.0,exact_dynamic_programming,10.6,10.6,0.0,15.9984,20.0,35.9984,1,True,0.0775,Harrison College House -> Houston Hall -> Huntsman Hall
304,Harrison College House,Huntsman Hall,Collaborative,45.0,greedy_reward_per_minute,10.6,10.6,0.0,15.9984,20.0,35.9984,1,True,0.0122,Harrison College House -> Houston Hall -> Huntsman Hall
304,Harrison College House,Huntsman Hall,Collaborative,45.0,nearest,9.0,10.6,15.0943,11.7425,25.0,36.7425,1,True,0.0084,Harrison College House -> Holman Biotech Commons -> Huntsman Hall
305,Harrison College House,Huntsman Hall,Collaborative,60.0,exact_dynamic_programming,10.6,10.6,0.0,15.9984,20.0,35.9984,1,True,0.0784,Harrison College House -> Houston Hall -> Huntsman Hall
305,Harrison College House,Huntsman Hall,Collaborative,60.0,greedy_reward_per_minute,10.6,10.6,0.0,15.9984,20.0,35.9984,1,True,0.0117,Harrison College House -> Houston Hall -> Huntsman Hall
305,Harrison College House,Huntsman Hall,Collaborative,60.0,nearest,9.0,10.6,15.0943,11.7425,25.0,36.7425,1,True,0.0073,Harrison College House -> Holman Biotech Commons -> Huntsman Hall
306,Harrison College House,Huntsman Hall,Collaborative,90.0,exact_dynamic_programming,28.6,28.6,0.0,23.8646,65.0,88.8646,3,True,0.1344,Harrison College House -> Holman Biotech Commons -> Houston Hall -> Levine Hall -> Huntsman Hall
306,Harrison College House,Huntsman Hall,Collaborative,90.0,greedy_reward_per_minute,26.4,28.6,7.6923,24.6109,60.0,84.6109,3,True,0.0183,Harrison College House -> Houston Hall -> Levine Hall -> Towne Building -> Huntsman Hall
306,Harrison College House,Huntsman Hall,Collaborative,90.0,nearest,24.4,28.6,14.6853,19.8525,70.0,89.8525,3,True,0.0108,Harrison College House -> Holman Biotech Commons -> Houston Hall -> Fisher Fine Arts Library -> Huntsman Hall
307,Harrison College House,Huntsman Hall,Coffee nearby,45.0,exact_dynamic_programming,10.6,10.6,0.0,15.9984,20.0,35.9984,1,True,0.0795,Harrison College House -> Houston Hall -> Huntsman Hall
307,Harrison College House,Huntsman Hall,Coffee nearby,45.0,greedy_reward_per_minute,10.6,10.6,0.0,15.9984,20.0,35.9984,1,True,0.0116,Harrison College House -> Houston Hall -> Huntsman Hall
307,Harrison College House,Huntsman Hall,Coffee nearby,45.0,nearest,7.0,10.6,33.9623,11.7425,25.0,36.7425,1,True,0.0079,Harrison College House -> Holman Biotech Commons -> Huntsman Hall
308,Harrison College House,Huntsman Hall,Coffee nearby,60.0,exact_dynamic_programming,10.6,10.6,0.0,15.9984,20.0,35.9984,1,True,0.0788,Harrison College House -> Houston Hall -> Huntsman Hall
308,Harrison College House,Huntsman Hall,Coffee nearby,60.0,greedy_reward_per_minute,10.6,10.6,0.0,15.9984,20.0,35.9984,1,True,0.0119,Harrison College House -> Houston Hall -> Huntsman Hall
308,Harrison College House,Huntsman Hall,Coffee nearby,60.0,nearest,7.0,10.6,33.9623,11.7425,25.0,36.7425,1,True,0.0076,Harrison College House -> Holman Biotech Commons -> Huntsman Hall
309,Harrison College House,Huntsman Hall,Coffee nearby,90.0,exact_dynamic_programming,24.6,24.6,0.0,22.4817,65.0,87.4817,3,True,0.1366,Harrison College House -> Houston Hall -> Levine Hall -> Van Pelt Library -> Huntsman Hall
309,Harrison College House,Huntsman Hall,Coffee nearby,90.0,greedy_reward_per_minute,24.6,24.6,0.0,22.4817,65.0,87.4817,3,True,0.0184,Harrison College House -> Houston Hall -> Levine Hall -> Van Pelt Library -> Huntsman Hall
309,Harrison College House,Huntsman Hall,Coffee nearby,90.0,nearest,22.4,24.6,8.9431,19.8525,70.0,89.8525,3,True,0.0112,Harrison College House -> Holman Biotech Commons -> Houston Hall -> Fisher Fine Arts Library -> Huntsman Hall
310,Harrison College House,Huntsman Hall,Power outlets,45.0,exact_dynamic_programming,11.0,11.0,0.0,11.7425,25.0,36.7425,1,True,0.0765,Harrison College House -> Holman Biotech Commons -> Huntsman Hall
310,Harrison College House,Huntsman Hall,Power outlets,45.0,greedy_reward_per_minute,11.0,11.0,0.0,11.7425,25.0,36.7425,1,True,0.0115,Harrison College House -> Holman Biotech Commons -> Huntsman Hall
310,Harrison College House,Huntsman Hall,Power outlets,45.0,nearest,11.0,11.0,0.0,11.7425,25.0,36.7425,1,True,0.0075,Harrison College House -> Holman Biotech Commons -> Huntsman Hall
311,Harrison College House,Huntsman Hall,Power outlets,60.0,exact_dynamic_programming,11.0,11.0,0.0,11.7425,25.0,36.7425,1,True,0.0765,Harrison College House -> Holman Biotech Commons -> Huntsman Hall
311,Harrison College House,Huntsman Hall,Power outlets,60.0,greedy_reward_per_minute,11.0,11.0,0.0,11.7425,25.0,36.7425,1,True,0.0117,Harrison College House -> Holman Biotech Commons -> Huntsman Hall
311,Harrison College House,Huntsman Hall,Power outlets,60.0,nearest,11.0,11.0,0.0,11.7425,25.0,36.7425,1,True,0.0074,Harrison College House -> Holman Biotech Commons -> Huntsman Hall
312,Harrison College House,Huntsman Hall,Power outlets,90.0,exact_dynamic_programming,30.8,30.8,0.0,22.144,65.0,87.144,3,True,0.1332,Harrison College House -> Van Pelt Library -> Towne Building -> Levine Hall -> Huntsman Hall
312,Harrison College House,Huntsman Hall,Power outlets,90.0,greedy_reward_per_minute,22.0,30.8,28.5714,16.7455,50.0,66.7455,2,True,0.0159,Harrison College House -> Holman Biotech Commons -> Van Pelt Library -> Huntsman Hall
312,Harrison College House,Huntsman Hall,Power outlets,90.0,nearest,26.4,30.8,14.2857,19.8525,70.0,89.8525,3,True,0.0114,Harrison College House -> Holman Biotech Commons -> Houston Hall -> Fisher Fine Arts Library -> Huntsman Hall
313,Harrison College House,Huntsman Hall,No preference,45.0,exact_dynamic_programming,9.0,9.0,0.0,11.7425,25.0,36.7425,1,True,0.0835,Harrison College House -> Holman Biotech Commons -> Huntsman Hall
313,Harrison College House,Huntsman Hall,No preference,45.0,greedy_reward_per_minute,9.0,9.0,0.0,11.7425,25.0,36.7425,1,True,0.0126,Harrison College House -> Holman Biotech Commons -> Huntsman Hall
313,Harrison College House,Huntsman Hall,No preference,45.0,nearest,9.0,9.0,0.0,11.7425,25.0,36.7425,1,True,0.0079,Harrison College House -> Holman Biotech Commons -> Huntsman Hall
314,Harrison College House,Huntsman Hall,No preference,60.0,exact_dynamic_programming,9.0,9.0,0.0,11.7425,25.0,36.7425,1,True,0.0784,Harrison College House -> Holman Biotech Commons -> Huntsman Hall
314,Harrison College House,Huntsman Hall,No preference,60.0,greedy_reward_per_minute,9.0,9.0,0.0,11.7425,25.0,36.7425,1,True,0.0131,Harrison College House -> Holman Biotech Commons -> Huntsman Hall
314,Harrison College House,Huntsman Hall,No preference,60.0,nearest,9.0,9.0,0.0,11.7425,25.0,36.7425,1,True,0.0077,Harrison College House -> Holman Biotech Commons -> Huntsman Hall
315,Harrison College House,Huntsman Hall,No preference,90.0,exact_dynamic_programming,26.1,26.1,0.0,19.272,70.0,89.272,3,True,0.1384,Harrison College House -> Holman Biotech Commons -> Houston Hall -> Van Pelt Library -> Huntsman Hall
315,Harrison College House,Huntsman Hall,No preference,90.0,greedy_reward_per_minute,26.1,26.1,0.0,19.272,70.0,89.272,3,True,0.0197,Harrison College House -> Holman Biotech Commons -> Houston Hall -> Van Pelt Library -> Huntsman Hall
315,Harrison College House,Huntsman Hall,No preference,90.0,nearest,24.4,26.1,6.5134,19.8525,70.0,89.8525,3,True,0.0113,Harrison College House -> Holman Biotech Commons -> Houston Hall -> Fisher Fine Arts Library -> Huntsman Hall
316,Harrison College House,Meyerson Hall,Quiet,45.0,exact_dynamic_programming,11.0,11.0,0.0,9.795,25.0,34.795,1,True,0.1539,Harrison College House -> Van Pelt Library -> Meyerson Hall
316,Harrison College House,Meyerson Hall,Quiet,45.0,greedy_reward_per_minute,11.0,11.0,0.0,9.795,25.0,34.795,1,True,0.0131,Harrison College House -> Van Pelt Library -> Meyerson Hall
316,Harrison College House,Meyerson Hall,Quiet,45.0,nearest,4.8,11.0,56.3636,11.3392,20.0,31.3392,1,True,0.0082,Harrison College House -> Huntsman Hall -> Meyerson Hall
317,Harrison College House,Meyerson Hall,Quiet,60.0,exact_dynamic_programming,18.0,18.0,0.0,14.8699,45.0,59.8699,2,True,0.1648,Harrison College House -> Van Pelt Library -> Levine Hall -> Meyerson Hall
317,Harrison College House,Meyerson Hall,Quiet,60.0,greedy_reward_per_minute,18.0,18.0,0.0,14.8699,45.0,59.8699,2,True,0.0151,Harrison College House -> Van Pelt Library -> Levine Hall -> Meyerson Hall
317,Harrison College House,Meyerson Hall,Quiet,60.0,nearest,15.8,18.0,12.2222,11.4748,45.0,56.4748,2,True,0.0098,Harrison College House -> Huntsman Hall -> Van Pelt Library -> Meyerson Hall
318,Harrison College House,Meyerson Hall,Quiet,90.0,exact_dynamic_programming,28.8,28.8,0.0,16.1768,70.0,86.1768,3,True,0.2659,Harrison College House -> Van Pelt Library -> Fisher Fine Arts Library -> Levine Hall -> Meyerson Hall
318,Harrison College House,Meyerson Hall,Quiet,90.0,greedy_reward_per_minute,28.8,28.8,0.0,16.1768,70.0,86.1768,3,True,0.0193,Harrison College House -> Van Pelt Library -> Fisher Fine Arts Library -> Levine Hall -> Meyerson Hall
318,Harrison College House,Meyerson Hall,Quiet,90.0,nearest,26.6,28.8,7.6389,13.2094,70.0,83.2094,3,True,0.0116,Harrison College House -> Huntsman Hall -> Van Pelt Library -> Fisher Fine Arts Library -> Meyerson Hall
319,Harrison College House,Meyerson Hall,Collaborative,45.0,exact_dynamic_programming,10.8,10.8,0.0,11.3392,20.0,31.3392,1,True,0.1496,Harrison College House -> Huntsman Hall -> Meyerson Hall
319,Harrison College House,Meyerson Hall,Collaborative,45.0,greedy_reward_per_minute,10.8,10.8,0.0,11.3392,20.0,31.3392,1,True,0.0124,Harrison College House -> Huntsman Hall -> Meyerson Hall
319,Harrison College House,Meyerson Hall,Collaborative,45.0,nearest,10.8,10.8,0.0,11.3392,20.0,31.3392,1,True,0.0078,Harrison College House -> Huntsman Hall -> Meyerson Hall
320,Harrison College House,Meyerson Hall,Collaborative,60.0,exact_dynamic_programming,21.4,21.4,0.0,14.7704,40.0,54.7704,2,True,0.1656,Harrison College House -> Huntsman Hall -> Houston Hall -> Meyerson Hall
320,Harrison College House,Meyerson Hall,Collaborative,60.0,greedy_reward_per_minute,21.4,21.4,0.0,14.7704,40.0,54.7704,2,True,0.0159,Harrison College House -> Huntsman Hall -> Houston Hall -> Meyerson Hall
320,Harrison College House,Meyerson Hall,Collaborative,60.0,nearest,17.8,21.4,16.8224,11.4748,45.0,56.4748,2,True,0.0096,Harrison College House -> Huntsman Hall -> Van Pelt Library -> Meyerson Hall
321,Harrison College House,Meyerson Hall,Collaborative,90.0,exact_dynamic_programming,30.4,30.4,0.0,19.0538,60.0,79.0538,3,True,0.2785,Harrison College House -> Huntsman Hall -> Houston Hall -> Levine Hall -> Meyerson Hall
321,Harrison College House,Meyerson Hall,Collaborative,90.0,greedy_reward_per_minute,30.4,30.4,0.0,19.0538,60.0,79.0538,3,True,0.0207,Harrison College House -> Huntsman Hall -> Houston Hall -> Levine Hall -> Meyerson Hall
321,Harrison College House,Meyerson Hall,Collaborative,90.0,nearest,22.6,30.4,25.6579,13.2094,70.0,83.2094,3,True,0.0117,Harrison College House -> Huntsman Hall -> Van Pelt Library -> Fisher Fine Arts Library -> Meyerson Hall
322,Harrison College House,Meyerson Hall,Coffee nearby,45.0,exact_dynamic_programming,10.6,10.6,0.0,12.0095,20.0,32.0095,1,True,0.1458,Harrison College House -> Houston Hall -> Meyerson Hall
322,Harrison College House,Meyerson Hall,Coffee nearby,45.0,greedy_reward_per_minute,10.6,10.6,0.0,12.0095,20.0,32.0095,1,True,0.0121,Harrison College House -> Houston Hall -> Meyerson Hall
322,Harrison College House,Meyerson Hall,Coffee nearby,45.0,nearest,8.8,10.6,16.9811,11.3392,20.0,31.3392,1,True,0.0077,Harrison College House -> Huntsman Hall -> Meyerson Hall
323,Harrison College House,Meyerson Hall,Coffee nearby,60.0,exact_dynamic_programming,19.4,19.4,0.0,14.7704,40.0,54.7704,2,True,0.1737,Harrison College House -> Huntsman Hall -> Houston Hall -> Meyerson Hall
323,Harrison College House,Meyerson Hall,Coffee nearby,60.0,greedy_reward_per_minute,17.6,19.4,9.2784,16.2929,40.0,56.2929,2,True,0.0161,Harrison College House -> Houston Hall -> Levine Hall -> Meyerson Hall
323,Harrison College House,Meyerson Hall,Coffee nearby,60.0,nearest,15.8,19.4,18.5567,11.4748,45.0,56.4748,2,True,0.0102,Harrison College House -> Huntsman Hall -> Van Pelt Library -> Meyerson Hall
324,Harrison College House,Meyerson Hall,Coffee nearby,90.0,exact_dynamic_programming,26.4,26.4,0.0,19.0538,60.0,79.0538,3,True,0.285,Harrison College House -> Huntsman Hall -> Houston Hall -> Levine Hall -> Meyerson Hall
324,Harrison College House,Meyerson Hall,Coffee nearby,90.0,greedy_reward_per_minute,26.4,26.4,0.0,26.2135,60.0,86.2135,3,True,0.02,Harrison College House -> Houston Hall -> Huntsman Hall -> Levine Hall -> Meyerson Hall
324,Harrison College House,Meyerson Hall,Coffee nearby,90.0,nearest,20.6,26.4,21.9697,13.2094,70.0,83.2094,3,True,0.0121,Harrison College House -> Huntsman Hall -> Van Pelt Library -> Fisher Fine Arts Library -> Meyerson Hall
325,Harrison College House,Meyerson Hall,Power outlets,45.0,exact_dynamic_programming,11.0,11.0,0.0,14.4157,20.0,34.4157,1,True,0.153,Harrison College House -> Levine Hall -> Meyerson Hall
325,Harrison College House,Meyerson Hall,Power outlets,45.0,greedy_reward_per_minute,11.0,11.0,0.0,14.4157,20.0,34.4157,1,True,0.0129,Harrison College House -> Levine Hall -> Meyerson Hall
325,Harrison College House,Meyerson Hall,Power outlets,45.0,nearest,8.8,11.0,20.0,11.3392,20.0,31.3392,1,True,0.0081,Harrison College House -> Huntsman Hall -> Meyerson Hall
326,Harrison College House,Meyerson Hall,Power outlets,60.0,exact_dynamic_programming,22.0,22.0,0.0,14.8699,45.0,59.8699,2,True,0.1718,Harrison College House -> Van Pelt Library -> Levine Hall -> Meyerson Hall
326,Harrison College House,Meyerson Hall,Power outlets,60.0,greedy_reward_per_minute,19.8,22.0,10.0,17.2246,40.0,57.2246,2,True,0.0148,Harrison College House -> Levine Hall -> Towne Building -> Meyerson Hall
326,Harrison College House,Meyerson Hall,Power outlets,60.0,nearest,19.8,22.0,10.0,11.4748,45.0,56.4748,2,True,0.0101,Harrison College House -> Huntsman Hall -> Van Pelt Library -> Meyerson Hall
327,Harrison College House,Meyerson Hall,Power outlets,90.0,exact_dynamic_programming,33.0,33.0,0.0,18.4191,70.0,88.4191,3,True,0.271,Harrison College House -> Holman Biotech Commons -> Van Pelt Library -> Levine Hall -> Meyerson Hall
327,Harrison College House,Meyerson Hall,Power outlets,90.0,greedy_reward_per_minute,30.8,33.0,6.6667,22.913,65.0,87.913,3,True,0.0187,Harrison College House -> Levine Hall -> Van Pelt Library -> Towne Building -> Meyerson Hall
327,Harrison College House,Meyerson Hall,Power outlets,90.0,nearest,28.6,33.0,13.3333,13.2094,70.0,83.2094,3,True,0.0122,Harrison College House -> Huntsman Hall -> Van Pelt Library -> Fisher Fine Arts Library -> Meyerson Hall
328,Harrison College House,Meyerson Hall,No preference,45.0,exact_dynamic_programming,9.0,9.0,0.0,9.795,25.0,34.795,1,True,0.1498,Harrison College House -> Van Pelt Library -> Meyerson Hall
328,Harrison College House,Meyerson Hall,No preference,45.0,greedy_reward_per_minute,8.3,9.0,7.7778,11.3392,20.0,31.3392,1,True,0.0132,Harrison College House -> Huntsman Hall -> Meyerson Hall
328,Harrison College House,Meyerson Hall,No preference,45.0,nearest,8.3,9.0,7.7778,11.3392,20.0,31.3392,1,True,0.008,Harrison College House -> Huntsman Hall -> Meyerson Hall
329,Harrison College House,Meyerson Hall,No preference,60.0,exact_dynamic_programming,17.5,17.5,0.0,14.8699,45.0,59.8699,2,True,0.177,Harrison College House -> Van Pelt Library -> Levine Hall -> Meyerson Hall
329,Harrison College House,Meyerson Hall,No preference,60.0,greedy_reward_per_minute,17.3,17.5,1.1429,11.4748,45.0,56.4748,2,True,0.0166,Harrison College House -> Huntsman Hall -> Van Pelt Library -> Meyerson Hall
329,Harrison College House,Meyerson Hall,No preference,60.0,nearest,17.3,17.5,1.1429,11.4748,45.0,56.4748,2,True,0.0096,Harrison College House -> Huntsman Hall -> Van Pelt Library -> Meyerson Hall
330,Harrison College House,Meyerson Hall,No preference,90.0,exact_dynamic_programming,26.5,26.5,0.0,18.4191,70.0,88.4191,3,True,0.2736,Harrison College House -> Holman Biotech Commons -> Van Pelt Library -> Levine Hall -> Meyerson Hall
330,Harrison College House,Meyerson Hall,No preference,90.0,greedy_reward_per_minute,25.8,26.5,2.6415,16.5497,65.0,81.5497,3,True,0.0203,Harrison College House -> Huntsman Hall -> Van Pelt Library -> Levine Hall -> Meyerson Hall
330,Harrison College House,Meyerson Hall,No preference,90.0,nearest,24.6,26.5,7.1698,13.2094,70.0,83.2094,3,True,0.0117,Harrison College House -> Huntsman Hall -> Van Pelt Library -> Fisher Fine Arts Library -> Meyerson Hall
331,Harrison College House,Claudia Cohen Hall,Quiet,45.0,exact_dynamic_programming,11.0,11.0,0.0,10.3834,25.0,35.3834,1,True,0.1571,Harrison College House -> Van Pelt Library -> Claudia Cohen Hall
331,Harrison College House,Claudia Cohen Hall,Quiet,45.0,greedy_reward_per_minute,11.0,11.0,0.0,10.3834,25.0,35.3834,1,True,0.0124,Harrison College House -> Van Pelt Library -> Claudia Cohen Hall
331,Harrison College House,Claudia Cohen Hall,Quiet,45.0,nearest,4.8,11.0,56.3636,11.2211,20.0,31.2211,1,True,0.0083,Harrison College House -> Huntsman Hall -> Claudia Cohen Hall
332,Harrison College House,Claudia Cohen Hall,Quiet,60.0,exact_dynamic_programming,15.8,15.8,0.0,12.0632,45.0,57.0632,2,True,0.1657,Harrison College House -> Huntsman Hall -> Van Pelt Library -> Claudia Cohen Hall
332,Harrison College House,Claudia Cohen Hall,Quiet,60.0,greedy_reward_per_minute,15.6,15.8,1.2658,12.1936,45.0,57.1936,2,True,0.0201,Harrison College House -> Van Pelt Library -> Houston Hall -> Claudia Cohen Hall
332,Harrison College House,Claudia Cohen Hall,Quiet,60.0,nearest,15.8,15.8,0.0,12.0632,45.0,57.0632,2,True,0.0099,Harrison College House -> Huntsman Hall -> Van Pelt Library -> Claudia Cohen Hall
333,Harrison College House,Claudia Cohen Hall,Quiet,90.0,exact_dynamic_programming,28.8,28.8,0.0,17.952,70.0,87.952,3,True,0.269,Harrison College House -> Van Pelt Library -> Levine Hall -> Fisher Fine Arts Library -> Claudia Cohen Hall
333,Harrison College House,Claudia Cohen Hall,Quiet,90.0,greedy_reward_per_minute,28.8,28.8,0.0,18.7178,70.0,88.7178,3,True,0.02,Harrison College House -> Van Pelt Library -> Fisher Fine Arts Library -> Levine Hall -> Claudia Cohen Hall
333,Harrison College House,Claudia Cohen Hall,Quiet,90.0,nearest,26.6,28.8,7.6389,13.8833,70.0,83.8833,3,True,0.0116,Harrison College House -> Huntsman Hall -> Van Pelt Library -> Fisher Fine Arts Library -> Claudia Cohen Hall
334,Harrison College House,Claudia Cohen Hall,Collaborative,45.0,exact_dynamic_programming,10.8,10.8,0.0,11.2211,20.0,31.2211,1,True,0.1517,Harrison College House -> Huntsman Hall -> Claudia Cohen Hall
334,Harrison College House,Claudia Cohen Hall,Collaborative,45.0,greedy_reward_per_minute,10.6,10.8,1.8519,10.2703,20.0,30.2703,1,True,0.0195,Harrison College House -> Houston Hall -> Claudia Cohen Hall
334,Harrison College House,Claudia Cohen Hall,Collaborative,45.0,nearest,10.8,10.8,0.0,11.2211,20.0,31.2211,1,True,0.0082,Harrison College House -> Huntsman Hall -> Claudia Cohen Hall
335,Harrison College House,Claudia Cohen Hall,Collaborative,60.0,exact_dynamic_programming,21.4,21.4,0.0,13.0312,40.0,53.0312,2,True,0.171,Harrison College House -> Huntsman Hall -> Houston Hall -> Claudia Cohen Hall
335,Harrison College House,Claudia Cohen Hall,Collaborative,60.0,greedy_reward_per_minute,19.6,21.4,8.4112,18.8339,40.0,58.8339,2,True,0.0165,Harrison College House -> Houston Hall -> Levine Hall -> Claudia Cohen Hall
335,Harrison College House,Claudia Cohen Hall,Collaborative,60.0,nearest,17.8,21.4,16.8224,12.0632,45.0,57.0632,2,True,0.0105,Harrison College House -> Huntsman Hall -> Van Pelt Library -> Claudia Cohen Hall
336,Harrison College House,Claudia Cohen Hall,Collaborative,90.0,exact_dynamic_programming,30.4,30.4,0.0,18.466,60.0,78.466,3,True,0.2776,Harrison College House -> Huntsman Hall -> Levine Hall -> Houston Hall -> Claudia Cohen Hall
336,Harrison College House,Claudia Cohen Hall,Collaborative,90.0,greedy_reward_per_minute,30.4,30.4,0.0,28.7545,60.0,88.7545,3,True,0.0206,Harrison College House -> Houston Hall -> Huntsman Hall -> Levine Hall -> Claudia Cohen Hall
336,Harrison College House,Claudia Cohen Hall,Collaborative,90.0,nearest,22.6,30.4,25.6579,13.8833,70.0,83.8833,3,True,0.012,Harrison College House -> Huntsman Hall -> Van Pelt Library -> Fisher Fine Arts Library -> Claudia Cohen Hall
337,Harrison College House,Claudia Cohen Hall,Coffee nearby,45.0,exact_dynamic_programming,10.6,10.6,0.0,10.2703,20.0,30.2703,1,True,0.1483,Harrison College House -> Houston Hall -> Claudia Cohen Hall
337,Harrison College House,Claudia Cohen Hall,Coffee nearby,45.0,greedy_reward_per_minute,10.6,10.6,0.0,10.2703,20.0,30.2703,1,True,0.0122,Harrison College House -> Houston Hall -> Claudia Cohen Hall
337,Harrison College House,Claudia Cohen Hall,Coffee nearby,45.0,nearest,8.8,10.6,16.9811,11.2211,20.0,31.2211,1,True,0.0076,Harrison College House -> Huntsman Hall -> Claudia Cohen Hall
338,Harrison College House,Claudia Cohen Hall,Coffee nearby,60.0,exact_dynamic_programming,19.4,19.4,0.0,13.0312,40.0,53.0312,2,True,0.1663,Harrison College House -> Huntsman Hall -> Houston Hall -> Claudia Cohen Hall
338,Harrison College House,Claudia Cohen Hall,Coffee nearby,60.0,greedy_reward_per_minute,17.6,19.4,9.2784,18.8339,40.0,58.8339,2,True,0.0155,Harrison College House -> Houston Hall -> Levine Hall -> Claudia Cohen Hall
338,Harrison College House,Claudia Cohen Hall,Coffee nearby,60.0,nearest,15.8,19.4,18.5567,12.0632,45.0,57.0632,2,True,0.0099,Harrison College House -> Huntsman Hall -> Van Pelt Library -> Claudia Cohen Hall
339,Harrison College House,Claudia Cohen Hall,Coffee nearby,90.0,exact_dynamic_programming,26.4,26.4,0.0,18.466,60.0,78.466,3,True,0.2662,Harrison College House -> Huntsman Hall -> Levine Hall -> Houston Hall -> Claudia Cohen Hall
339,Harrison College House,Claudia Cohen Hall,Coffee nearby,90.0,greedy_reward_per_minute,26.4,26.4,0.0,22.7755,65.0,87.7755,3,True,0.0201,Harrison College House -> Houston Hall -> Huntsman Hall -> Van Pelt Library -> Claudia Cohen Hall
339,Harrison College House,Claudia Cohen Hall,Coffee nearby,90.0,nearest,20.6,26.4,21.9697,13.8833,70.0,83.8833,3,True,0.0116,Harrison College House -> Huntsman Hall -> Van Pelt Library -> Fisher Fine Arts Library -> Claudia Cohen Hall
340,Harrison College House,Claudia Cohen Hall,Power outlets,45.0,exact_dynamic_programming,11.0,11.0,0.0,10.3834,25.0,35.3834,1,True,0.1467,Harrison College House -> Van Pelt Library -> Claudia Cohen Hall
340,Harrison College House,Claudia Cohen Hall,Power outlets,45.0,greedy_reward_per_minute,11.0,11.0,0.0,10.3834,25.0,35.3834,1,True,0.0119,Harrison College House -> Van Pelt Library -> Claudia Cohen Hall
340,Harrison College House,Claudia Cohen Hall,Power outlets,45.0,nearest,8.8,11.0,20.0,11.2211,20.0,31.2211,1,True,0.0082,Harrison College House -> Huntsman Hall -> Claudia Cohen Hall
341,Harrison College House,Claudia Cohen Hall,Power outlets,60.0,exact_dynamic_programming,19.8,19.8,0.0,12.0632,45.0,57.0632,2,True,0.1702,Harrison College House -> Huntsman Hall -> Van Pelt Library -> Claudia Cohen Hall
341,Harrison College House,Claudia Cohen Hall,Power outlets,60.0,greedy_reward_per_minute,17.6,19.8,11.1111,12.1936,45.0,57.1936,2,True,0.0144,Harrison College House -> Van Pelt Library -> Houston Hall -> Claudia Cohen Hall
341,Harrison College House,Claudia Cohen Hall,Power outlets,60.0,nearest,19.8,19.8,0.0,12.0632,45.0,57.0632,2,True,0.0097,Harrison College House -> Huntsman Hall -> Van Pelt Library -> Claudia Cohen Hall
342,Harrison College House,Claudia Cohen Hall,Power outlets,90.0,exact_dynamic_programming,30.8,30.8,0.0,18.8771,65.0,83.8771,3,True,0.2786,Harrison College House -> Huntsman Hall -> Levine Hall -> Van Pelt Library -> Claudia Cohen Hall
342,Harrison College House,Claudia Cohen Hall,Power outlets,90.0,greedy_reward_per_minute,30.8,30.8,0.0,19.3044,65.0,84.3044,3,True,0.019,Harrison College House -> Van Pelt Library -> Levine Hall -> Towne Building -> Claudia Cohen Hall
342,Harrison College House,Claudia Cohen Hall,Power outlets,90.0,nearest,28.6,30.8,7.1429,13.8833,70.0,83.8833,3,True,0.0119,Harrison College House -> Huntsman Hall -> Van Pelt Library -> Fisher Fine Arts Library -> Claudia Cohen Hall
343,Harrison College House,Claudia Cohen Hall,No preference,45.0,exact_dynamic_programming,9.0,9.0,0.0,10.3834,25.0,35.3834,1,True,0.1492,Harrison College House -> Van Pelt Library -> Claudia Cohen Hall
343,Harrison College House,Claudia Cohen Hall,No preference,45.0,greedy_reward_per_minute,8.1,9.0,10.0,10.2703,20.0,30.2703,1,True,0.0129,Harrison College House -> Houston Hall -> Claudia Cohen Hall
343,Harrison College House,Claudia Cohen Hall,No preference,45.0,nearest,8.3,9.0,7.7778,11.2211,20.0,31.2211,1,True,0.0078,Harrison College House -> Huntsman Hall -> Claudia Cohen Hall
344,Harrison College House,Claudia Cohen Hall,No preference,60.0,exact_dynamic_programming,17.3,17.3,0.0,12.0632,45.0,57.0632,2,True,0.1657,Harrison College House -> Huntsman Hall -> Van Pelt Library -> Claudia Cohen Hall
344,Harrison College House,Claudia Cohen Hall,No preference,60.0,greedy_reward_per_minute,17.1,17.3,1.1561,14.0277,45.0,59.0277,2,True,0.0164,Harrison College House -> Houston Hall -> Van Pelt Library -> Claudia Cohen Hall
344,Harrison College House,Claudia Cohen Hall,No preference,60.0,nearest,17.3,17.3,0.0,12.0632,45.0,57.0632,2,True,0.0098,Harrison College House -> Huntsman Hall -> Van Pelt Library -> Claudia Cohen Hall
345,Harrison College House,Claudia Cohen Hall,No preference,90.0,exact_dynamic_programming,26.3,26.3,0.0,18.327,70.0,88.327,3,True,0.2604,Harrison College House -> Huntsman Hall -> Holman Biotech Commons -> Van Pelt Library -> Claudia Cohen Hall
345,Harrison College House,Claudia Cohen Hall,No preference,90.0,greedy_reward_per_minute,25.6,26.3,2.6616,21.0552,65.0,86.0552,3,True,0.0203,Harrison College House -> Houston Hall -> Van Pelt Library -> Levine Hall -> Claudia Cohen Hall
345,Harrison College House,Claudia Cohen Hall,No preference,90.0,nearest,24.6,26.3,6.4639,13.8833,70.0,83.8833,3,True,0.0119,Harrison College House -> Huntsman Hall -> Van Pelt Library -> Fisher Fine Arts Library -> Claudia Cohen Hall
346,Harrison College House,Annenberg School of Communication,Quiet,45.0,exact_dynamic_programming,11.0,11.0,0.0,10.2232,25.0,35.2232,1,True,0.1477,Harrison College House -> Van Pelt Library -> Annenberg School of Communication
346,Harrison College House,Annenberg School of Communication,Quiet,45.0,greedy_reward_per_minute,11.0,11.0,0.0,10.2232,25.0,35.2232,1,True,0.0125,Harrison College House -> Van Pelt Library -> Annenberg School of Communication
346,Harrison College House,Annenberg School of Communication,Quiet,45.0,nearest,4.8,11.0,56.3636,8.2608,20.0,28.2608,1,True,0.0078,Harrison College House -> Huntsman Hall -> Annenberg School of Communication
347,Harrison College House,Annenberg School of Communication,Quiet,60.0,exact_dynamic_programming,15.8,15.8,0.0,11.903,45.0,56.903,2,True,0.1638,Harrison College House -> Huntsman Hall -> Van Pelt Library -> Annenberg School of Communication
347,Harrison College House,Annenberg School of Communication,Quiet,60.0,greedy_reward_per_minute,11.0,15.8,30.3797,10.2232,25.0,35.2232,1,True,0.0126,Harrison College House -> Van Pelt Library -> Annenberg School of Communication
347,Harrison College House,Annenberg School of Communication,Quiet,60.0,nearest,15.8,15.8,0.0,11.903,45.0,56.903,2,True,0.01,Harrison College House -> Huntsman Hall -> Van Pelt Library -> Annenberg School of Communication
348,Harrison College House,Annenberg School of Communication,Quiet,90.0,exact_dynamic_programming,28.8,28.8,0.0,18.4059,70.0,88.4059,3,True,0.2612,Harrison College House -> Fisher Fine Arts Library -> Levine Hall -> Van Pelt Library -> Annenberg School of Communication
348,Harrison College House,Annenberg School of Communication,Quiet,90.0,greedy_reward_per_minute,28.8,28.8,0.0,19.2517,70.0,89.2517,3,True,0.0192,Harrison College House -> Van Pelt Library -> Fisher Fine Arts Library -> Levine Hall -> Annenberg School of Communication
348,Harrison College House,Annenberg School of Communication,Quiet,90.0,nearest,26.6,28.8,7.6389,15.3238,70.0,85.3238,3,True,0.0114,Harrison College House -> Huntsman Hall -> Van Pelt Library -> Fisher Fine Arts Library -> Annenberg School of Communication
349,Harrison College House,Annenberg School of Communication,Collaborative,45.0,exact_dynamic_programming,10.8,10.8,0.0,8.2608,20.0,28.2608,1,True,0.1525,Harrison College House -> Huntsman Hall -> Annenberg School of Communication
349,Harrison College House,Annenberg School of Communication,Collaborative,45.0,greedy_reward_per_minute,10.8,10.8,0.0,8.2608,20.0,28.2608,1,True,0.0129,Harrison College House -> Huntsman Hall -> Annenberg School of Communication
349,Harrison College House,Annenberg School of Communication,Collaborative,45.0,nearest,10.8,10.8,0.0,8.2608,20.0,28.2608,1,True,0.0081,Harrison College House -> Huntsman Hall -> Annenberg School of Communication
350,Harrison College House,Annenberg School of Communication,Collaborative,60.0,exact_dynamic_programming,21.4,21.4,0.0,15.983,40.0,55.983,2,True,0.1634,Harrison College House -> Huntsman Hall -> Houston Hall -> Annenberg School of Communication
350,Harrison College House,Annenberg School of Communication,Collaborative,60.0,greedy_reward_per_minute,21.4,21.4,0.0,15.983,40.0,55.983,2,True,0.0157,Harrison College House -> Huntsman Hall -> Houston Hall -> Annenberg School of Communication
350,Harrison College House,Annenberg School of Communication,Collaborative,60.0,nearest,17.8,21.4,16.8224,11.903,45.0,56.903,2,True,0.0099,Harrison College House -> Huntsman Hall -> Van Pelt Library -> Annenberg School of Communication
351,Harrison College House,Annenberg School of Communication,Collaborative,90.0,exact_dynamic_programming,30.4,30.4,0.0,21.4178,60.0,81.4178,3,True,0.2623,Harrison College House -> Huntsman Hall -> Levine Hall -> Houston Hall -> Annenberg School of Communication
351,Harrison College House,Annenberg School of Communication,Collaborative,90.0,greedy_reward_per_minute,30.4,30.4,0.0,22.1287,60.0,82.1287,3,True,0.0199,Harrison College House -> Huntsman Hall -> Houston Hall -> Levine Hall -> Annenberg School of Communication
351,Harrison College House,Annenberg School of Communication,Collaborative,90.0,nearest,22.6,30.4,25.6579,15.3238,70.0,85.3238,3,True,0.0117,Harrison College House -> Huntsman Hall -> Van Pelt Library -> Fisher Fine Arts Library -> Annenberg School of Communication
352,Harrison College House,Annenberg School of Communication,Coffee nearby,45.0,exact_dynamic_programming,10.6,10.6,0.0,13.2221,20.0,33.2221,1,True,0.1574,Harrison College House -> Houston Hall -> Annenberg School of Communication
352,Harrison College House,Annenberg School of Communication,Coffee nearby,45.0,greedy_reward_per_minute,8.8,10.6,16.9811,8.2608,20.0,28.2608,1,True,0.0121,Harrison College House -> Huntsman Hall -> Annenberg School of Communication
352,Harrison College House,Annenberg School of Communication,Coffee nearby,45.0,nearest,8.8,10.6,16.9811,8.2608,20.0,28.2608,1,True,0.0093,Harrison College House -> Huntsman Hall -> Annenberg School of Communication
353,Harrison College House,Annenberg School of Communication,Coffee nearby,60.0,exact_dynamic_programming,19.4,19.4,0.0,15.983,40.0,55.983,2,True,0.1793,Harrison College House -> Huntsman Hall -> Houston Hall -> Annenberg School of Communication
353,Harrison College House,Annenberg School of Communication,Coffee nearby,60.0,greedy_reward_per_minute,19.4,19.4,0.0,15.983,40.0,55.983,2,True,0.0162,Harrison College House -> Huntsman Hall -> Houston Hall -> Annenberg School of Communication
353,Harrison College House,Annenberg School of Communication,Coffee nearby,60.0,nearest,15.8,19.4,18.5567,11.903,45.0,56.903,2,True,0.0104,Harrison College House -> Huntsman Hall -> Van Pelt Library -> Annenberg School of Communication
354,Harrison College House,Annenberg School of Communication,Coffee nearby,90.0,exact_dynamic_programming,26.4,26.4,0.0,21.4178,60.0,81.4178,3,True,0.2844,Harrison College House -> Huntsman Hall -> Levine Hall -> Houston Hall -> Annenberg School of Communication
354,Harrison College House,Annenberg School of Communication,Coffee nearby,90.0,greedy_reward_per_minute,26.4,26.4,0.0,16.6284,65.0,81.6284,3,True,0.0203,Harrison College House -> Huntsman Hall -> Houston Hall -> Van Pelt Library -> Annenberg School of Communication
354,Harrison College House,Annenberg School of Communication,Coffee nearby,90.0,nearest,20.6,26.4,21.9697,15.3238,70.0,85.3238,3,True,0.0121,Harrison College House -> Huntsman Hall -> Van Pelt Library -> Fisher Fine Arts Library -> Annenberg School of Communication
355,Harrison College House,Annenberg School of Communication,Power outlets,45.0,exact_dynamic_programming,11.0,11.0,0.0,10.2232,25.0,35.2232,1,True,0.1468,Harrison College House -> Van Pelt Library -> Annenberg School of Communication
355,Harrison College House,Annenberg School of Communication,Power outlets,45.0,greedy_reward_per_minute,8.8,11.0,20.0,8.2608,20.0,28.2608,1,True,0.0126,Harrison College House -> Huntsman Hall -> Annenberg School of Communication
355,Harrison College House,Annenberg School of Communication,Power outlets,45.0,nearest,8.8,11.0,20.0,8.2608,20.0,28.2608,1,True,0.0076,Harrison College House -> Huntsman Hall -> Annenberg School of Communication
356,Harrison College House,Annenberg School of Communication,Power outlets,60.0,exact_dynamic_programming,19.8,19.8,0.0,11.903,45.0,56.903,2,True,0.1647,Harrison College House -> Huntsman Hall -> Van Pelt Library -> Annenberg School of Communication
356,Harrison College House,Annenberg School of Communication,Power outlets,60.0,greedy_reward_per_minute,19.8,19.8,0.0,11.903,45.0,56.903,2,True,0.0156,Harrison College House -> Huntsman Hall -> Van Pelt Library -> Annenberg School of Communication
356,Harrison College House,Annenberg School of Communication,Power outlets,60.0,nearest,19.8,19.8,0.0,11.903,45.0,56.903,2,True,0.0096,Harrison College House -> Huntsman Hall -> Van Pelt Library -> Annenberg School of Communication
357,Harrison College House,Annenberg School of Communication,Power outlets,90.0,exact_dynamic_programming,30.8,30.8,0.0,18.7169,65.0,83.7169,3,True,0.2639,Harrison College House -> Huntsman Hall -> Levine Hall -> Van Pelt Library -> Annenberg School of Communication
357,Harrison College House,Annenberg School of Communication,Power outlets,90.0,greedy_reward_per_minute,30.8,30.8,0.0,19.6246,65.0,84.6246,3,True,0.0198,Harrison College House -> Huntsman Hall -> Van Pelt Library -> Levine Hall -> Annenberg School of Communication
357,Harrison College House,Annenberg School of Communication,Power outlets,90.0,nearest,28.6,30.8,7.1429,15.3238,70.0,85.3238,3,True,0.0117,Harrison College House -> Huntsman Hall -> Van Pelt Library -> Fisher Fine Arts Library -> Annenberg School of Communication
358,Harrison College House,Annenberg School of Communication,No preference,45.0,exact_dynamic_programming,9.0,9.0,0.0,10.2232,25.0,35.2232,1,True,0.1527,Harrison College House -> Van Pelt Library -> Annenberg School of Communication
358,Harrison College House,Annenberg School of Communication,No preference,45.0,greedy_reward_per_minute,8.3,9.0,7.7778,8.2608,20.0,28.2608,1,True,0.0124,Harrison College House -> Huntsman Hall -> Annenberg School of Communication
358,Harrison College House,Annenberg School of Communication,No preference,45.0,nearest,8.3,9.0,7.7778,8.2608,20.0,28.2608,1,True,0.0076,Harrison College House -> Huntsman Hall -> Annenberg School of Communication
359,Harrison College House,Annenberg School of Communication,No preference,60.0,exact_dynamic_programming,17.3,17.3,0.0,11.903,45.0,56.903,2,True,0.179,Harrison College House -> Huntsman Hall -> Van Pelt Library -> Annenberg School of Communication
359,Harrison College House,Annenberg School of Communication,No preference,60.0,greedy_reward_per_minute,17.3,17.3,0.0,11.903,45.0,56.903,2,True,0.0159,Harrison College House -> Huntsman Hall -> Van Pelt Library -> Annenberg School of Communication
359,Harrison College House,Annenberg School of Communication,No preference,60.0,nearest,17.3,17.3,0.0,11.903,45.0,56.903,2,True,0.0099,Harrison College House -> Huntsman Hall -> Van Pelt Library -> Annenberg School of Communication
360,Harrison College House,Annenberg School of Communication,No preference,90.0,exact_dynamic_programming,26.3,26.3,0.0,18.1668,70.0,88.1668,3,True,0.2641,Harrison College House -> Huntsman Hall -> Holman Biotech Commons -> Van Pelt Library -> Annenberg School of Communication
360,Harrison College House,Annenberg School of Communication,No preference,90.0,greedy_reward_per_minute,25.4,26.3,3.4221,16.8252,65.0,81.8252,3,True,0.0205,Harrison College House -> Huntsman Hall -> Van Pelt Library -> Houston Hall -> Annenberg School of Communication
360,Harrison College House,Annenberg School of Communication,No preference,90.0,nearest,24.6,26.3,6.4639,15.3238,70.0,85.3238,3,True,0.0115,Harrison College House -> Huntsman Hall -> Van Pelt Library -> Fisher Fine Arts Library -> Annenberg School of Communication
361,Gutmann College House,Towne Building,Quiet,45.0,exact_dynamic_programming,11.0,11.0,0.0,13.8928,25.0,38.8928,1,True,0.0811,Gutmann College House -> Van Pelt Library -> Towne Building
361,Gutmann College House,Towne Building,Quiet,45.0,greedy_reward_per_minute,11.0,11.0,0.0,13.8928,25.0,38.8928,1,True,0.0118,Gutmann College House -> Van Pelt Library -> Towne Building
361,Gutmann College House,Towne Building,Quiet,45.0,nearest,4.8,11.0,56.3636,15.3412,20.0,35.3412,1,True,0.0079,Gutmann College House -> Huntsman Hall -> Towne Building
362,Gutmann College House,Towne Building,Quiet,60.0,exact_dynamic_programming,11.8,11.8,0.0,16.4713,40.0,56.4713,2,True,0.0856,Gutmann College House -> Huntsman Hall -> Levine Hall -> Towne Building
362,Gutmann College House,Towne Building,Quiet,60.0,greedy_reward_per_minute,11.0,11.8,6.7797,13.8928,25.0,38.8928,1,True,0.0124,Gutmann College House -> Van Pelt Library -> Towne Building
362,Gutmann College House,Towne Building,Quiet,60.0,nearest,9.4,11.8,20.339,17.5833,40.0,57.5833,2,True,0.01,Gutmann College House -> Huntsman Hall -> Houston Hall -> Towne Building
363,Gutmann College House,Towne Building,Quiet,90.0,exact_dynamic_programming,28.8,28.8,0.0,17.3737,70.0,87.3737,3,True,0.1336,Gutmann College House -> Van Pelt Library -> Fisher Fine Arts Library -> Levine Hall -> Towne Building
363,Gutmann College House,Towne Building,Quiet,90.0,greedy_reward_per_minute,28.8,28.8,0.0,17.3737,70.0,87.3737,3,True,0.018,Gutmann College House -> Van Pelt Library -> Fisher Fine Arts Library -> Levine Hall -> Towne Building
363,Gutmann College House,Towne Building,Quiet,90.0,nearest,26.6,28.8,7.6389,16.3861,70.0,86.3861,3,True,0.0106,Gutmann College House -> Huntsman Hall -> Van Pelt Library -> Fisher Fine Arts Library -> Towne Building
364,Gutmann College House,Towne Building,Collaborative,45.0,exact_dynamic_programming,10.8,10.8,0.0,15.3412,20.0,35.3412,1,True,0.0801,Gutmann College House -> Huntsman Hall -> Towne Building
364,Gutmann College House,Towne Building,Collaborative,45.0,greedy_reward_per_minute,10.8,10.8,0.0,15.3412,20.0,35.3412,1,True,0.012,Gutmann College House -> Huntsman Hall -> Towne Building
364,Gutmann College House,Towne Building,Collaborative,45.0,nearest,10.8,10.8,0.0,15.3412,20.0,35.3412,1,True,0.0073,Gutmann College House -> Huntsman Hall -> Towne Building
365,Gutmann College House,Towne Building,Collaborative,60.0,exact_dynamic_programming,21.4,21.4,0.0,17.5833,40.0,57.5833,2,True,0.0837,Gutmann College House -> Huntsman Hall -> Houston Hall -> Towne Building
365,Gutmann College House,Towne Building,Collaborative,60.0,greedy_reward_per_minute,21.4,21.4,0.0,17.5833,40.0,57.5833,2,True,0.0146,Gutmann College House -> Huntsman Hall -> Houston Hall -> Towne Building
365,Gutmann College House,Towne Building,Collaborative,60.0,nearest,21.4,21.4,0.0,17.5833,40.0,57.5833,2,True,0.009,Gutmann College House -> Huntsman Hall -> Houston Hall -> Towne Building
366,Gutmann College House,Towne Building,Collaborative,90.0,exact_dynamic_programming,30.4,30.4,0.0,20.0239,60.0,80.0239,3,True,0.1346,Gutmann College House -> Huntsman Hall -> Houston Hall -> Levine Hall -> Towne Building
366,Gutmann College House,Towne Building,Collaborative,90.0,greedy_reward_per_minute,30.4,30.4,0.0,20.0239,60.0,80.0239,3,True,0.0183,Gutmann College House -> Huntsman Hall -> Houston Hall -> Levine Hall -> Towne Building
366,Gutmann College House,Towne Building,Collaborative,90.0,nearest,22.6,30.4,25.6579,16.3861,70.0,86.3861,3,True,0.0109,Gutmann College House -> Huntsman Hall -> Van Pelt Library -> Fisher Fine Arts Library -> Towne Building
367,Gutmann College House,Towne Building,Coffee nearby,45.0,exact_dynamic_programming,10.6,10.6,0.0,15.0492,20.0,35.0492,1,True,0.0783,Gutmann College House -> Houston Hall -> Towne Building
367,Gutmann College House,Towne Building,Coffee nearby,45.0,greedy_reward_per_minute,10.6,10.6,0.0,15.0492,20.0,35.0492,1,True,0.012,Gutmann College House -> Houston Hall -> Towne Building
367,Gutmann College House,Towne Building,Coffee nearby,45.0,nearest,8.8,10.6,16.9811,15.3412,20.0,35.3412,1,True,0.0077,Gutmann College House -> Huntsman Hall -> Towne Building
368,Gutmann College House,Towne Building,Coffee nearby,60.0,exact_dynamic_programming,19.4,19.4,0.0,17.5833,40.0,57.5833,2,True,0.0838,Gutmann College House -> Huntsman Hall -> Houston Hall -> Towne Building
368,Gutmann College House,Towne Building,Coffee nearby,60.0,greedy_reward_per_minute,17.6,19.4,9.2784,17.4898,40.0,57.4898,2,True,0.014,Gutmann College House -> Houston Hall -> Levine Hall -> Towne Building
368,Gutmann College House,Towne Building,Coffee nearby,60.0,nearest,19.4,19.4,0.0,17.5833,40.0,57.5833,2,True,0.0092,Gutmann College House -> Huntsman Hall -> Houston Hall -> Towne Building
369,Gutmann College House,Towne Building,Coffee nearby,90.0,exact_dynamic_programming,26.4,26.4,0.0,20.0239,60.0,80.0239,3,True,0.1344,Gutmann College House -> Huntsman Hall -> Houston Hall -> Levine Hall -> Towne Building
369,Gutmann College House,Towne Building,Coffee nearby,90.0,greedy_reward_per_minute,24.6,26.4,6.8182,23.1782,65.0,88.1782,3,True,0.0179,Gutmann College House -> Houston Hall -> Levine Hall -> Van Pelt Library -> Towne Building
369,Gutmann College House,Towne Building,Coffee nearby,90.0,nearest,20.6,26.4,21.9697,16.3861,70.0,86.3861,3,True,0.0115,Gutmann College House -> Huntsman Hall -> Van Pelt Library -> Fisher Fine Arts Library -> Towne Building
370,Gutmann College House,Towne Building,Power outlets,45.0,exact_dynamic_programming,11.0,11.0,0.0,15.6126,20.0,35.6126,1,True,0.0766,Gutmann College House -> Levine Hall -> Towne Building
370,Gutmann College House,Towne Building,Power outlets,45.0,greedy_reward_per_minute,11.0,11.0,0.0,15.6126,20.0,35.6126,1,True,0.0111,Gutmann College House -> Levine Hall -> Towne Building
370,Gutmann College House,Towne Building,Power outlets,45.0,nearest,8.8,11.0,20.0,15.3412,20.0,35.3412,1,True,0.007,Gutmann College House -> Huntsman Hall -> Towne Building
371,Gutmann College House,Towne Building,Power outlets,60.0,exact_dynamic_programming,19.8,19.8,0.0,16.4713,40.0,56.4713,2,True,0.0833,Gutmann College House -> Huntsman Hall -> Levine Hall -> Towne Building
371,Gutmann College House,Towne Building,Power outlets,60.0,greedy_reward_per_minute,11.0,19.8,44.4444,15.6126,20.0,35.6126,1,True,0.0119,Gutmann College House -> Levine Hall -> Towne Building
371,Gutmann College House,Towne Building,Power outlets,60.0,nearest,15.4,19.8,22.2222,17.5833,40.0,57.5833,2,True,0.0096,Gutmann College House -> Huntsman Hall -> Houston Hall -> Towne Building
372,Gutmann College House,Towne Building,Power outlets,90.0,exact_dynamic_programming,30.8,30.8,0.0,17.5198,65.0,82.5198,3,True,0.1268,Gutmann College House -> Huntsman Hall -> Van Pelt Library -> Levine Hall -> Towne Building
372,Gutmann College House,Towne Building,Power outlets,90.0,greedy_reward_per_minute,28.6,30.8,7.1429,24.3807,65.0,89.3807,3,True,0.0167,Gutmann College House -> Levine Hall -> Van Pelt Library -> Houston Hall -> Towne Building
372,Gutmann College House,Towne Building,Power outlets,90.0,nearest,28.6,30.8,7.1429,16.3861,70.0,86.3861,3,True,0.0106,Gutmann College House -> Huntsman Hall -> Van Pelt Library -> Fisher Fine Arts Library -> Towne Building
373,Gutmann College House,Towne Building,No preference,45.0,exact_dynamic_programming,9.0,9.0,0.0,13.8928,25.0,38.8928,1,True,0.0783,Gutmann College House -> Van Pelt Library -> Towne Building
373,Gutmann College House,Towne Building,No preference,45.0,greedy_reward_per_minute,8.5,9.0,5.5556,15.6126,20.0,35.6126,1,True,0.0122,Gutmann College House -> Levine Hall -> Towne Building
373,Gutmann College House,Towne Building,No preference,45.0,nearest,8.3,9.0,7.7778,15.3412,20.0,35.3412,1,True,0.0073,Gutmann College House -> Huntsman Hall -> Towne Building
374,Gutmann College House,Towne Building,No preference,60.0,exact_dynamic_programming,16.8,16.8,0.0,16.4713,40.0,56.4713,2,True,0.0821,Gutmann College House -> Huntsman Hall -> Levine Hall -> Towne Building
374,Gutmann College House,Towne Building,No preference,60.0,greedy_reward_per_minute,8.5,16.8,49.4048,15.6126,20.0,35.6126,1,True,0.0122,Gutmann College House -> Levine Hall -> Towne Building
374,Gutmann College House,Towne Building,No preference,60.0,nearest,16.4,16.8,2.381,17.5833,40.0,57.5833,2,True,0.0094,Gutmann College House -> Huntsman Hall -> Houston Hall -> Towne Building
375,Gutmann College House,Towne Building,No preference,90.0,exact_dynamic_programming,25.8,25.8,0.0,17.5198,65.0,82.5198,3,True,0.1322,Gutmann College House -> Huntsman Hall -> Van Pelt Library -> Levine Hall -> Towne Building
375,Gutmann College House,Towne Building,No preference,90.0,greedy_reward_per_minute,25.6,25.8,0.7752,24.6473,65.0,89.6473,3,True,0.0192,Gutmann College House -> Levine Hall -> Houston Hall -> Van Pelt Library -> Towne Building
375,Gutmann College House,Towne Building,No preference,90.0,nearest,24.6,25.8,4.6512,16.3861,70.0,86.3861,3,True,0.0108,Gutmann College House -> Huntsman Hall -> Van Pelt Library -> Fisher Fine Arts Library -> Towne Building
376,Gutmann College House,Moore School Building,Quiet,45.0,exact_dynamic_programming,11.0,11.0,0.0,14.3203,25.0,39.3203,1,True,0.1499,Gutmann College House -> Van Pelt Library -> Moore School Building
376,Gutmann College House,Moore School Building,Quiet,45.0,greedy_reward_per_minute,11.0,11.0,0.0,14.3203,25.0,39.3203,1,True,0.0128,Gutmann College House -> Van Pelt Library -> Moore School Building
376,Gutmann College House,Moore School Building,Quiet,45.0,nearest,4.8,11.0,56.3636,14.7249,20.0,34.7249,1,True,0.0122,Gutmann College House -> Huntsman Hall -> Moore School Building
377,Gutmann College House,Moore School Building,Quiet,60.0,exact_dynamic_programming,13.8,13.8,0.0,17.0081,40.0,57.0081,2,True,0.1546,Gutmann College House -> Towne Building -> Levine Hall -> Moore School Building
377,Gutmann College House,Moore School Building,Quiet,60.0,greedy_reward_per_minute,11.0,13.8,20.2899,14.3203,25.0,39.3203,1,True,0.0135,Gutmann College House -> Van Pelt Library -> Moore School Building
377,Gutmann College House,Moore School Building,Quiet,60.0,nearest,9.4,13.8,31.8841,19.0689,40.0,59.0689,2,True,0.0101,Gutmann College House -> Huntsman Hall -> Houston Hall -> Moore School Building
378,Gutmann College House,Moore School Building,Quiet,90.0,exact_dynamic_programming,28.8,28.8,0.0,16.8757,70.0,86.8757,3,True,0.2572,Gutmann College House -> Van Pelt Library -> Fisher Fine Arts Library -> Levine Hall -> Moore School Building
378,Gutmann College House,Moore School Building,Quiet,90.0,greedy_reward_per_minute,28.8,28.8,0.0,16.8757,70.0,86.8757,3,True,0.0208,Gutmann College House -> Van Pelt Library -> Fisher Fine Arts Library -> Levine Hall -> Moore School Building
378,Gutmann College House,Moore School Building,Quiet,90.0,nearest,26.6,28.8,7.6389,17.5079,70.0,87.5079,3,True,0.0117,Gutmann College House -> Huntsman Hall -> Van Pelt Library -> Fisher Fine Arts Library -> Moore School Building
379,Gutmann College House,Moore School Building,Collaborative,45.0,exact_dynamic_programming,10.8,10.8,0.0,14.7249,20.0,34.7249,1,True,0.1492,Gutmann College House -> Huntsman Hall -> Moore School Building
379,Gutmann College House,Moore School Building,Collaborative,45.0,greedy_reward_per_minute,10.8,10.8,0.0,14.7249,20.0,34.7249,1,True,0.0126,Gutmann College House -> Huntsman Hall -> Moore School Building
379,Gutmann College House,Moore School Building,Collaborative,45.0,nearest,10.8,10.8,0.0,14.7249,20.0,34.7249,1,True,0.0078,Gutmann College House -> Huntsman Hall -> Moore School Building
380,Gutmann College House,Moore School Building,Collaborative,60.0,exact_dynamic_programming,21.4,21.4,0.0,19.0689,40.0,59.0689,2,True,0.1583,Gutmann College House -> Huntsman Hall -> Houston Hall -> Moore School Building
380,Gutmann College House,Moore School Building,Collaborative,60.0,greedy_reward_per_minute,21.4,21.4,0.0,19.0689,40.0,59.0689,2,True,0.0155,Gutmann College House -> Huntsman Hall -> Houston Hall -> Moore School Building
380,Gutmann College House,Moore School Building,Collaborative,60.0,nearest,21.4,21.4,0.0,19.0689,40.0,59.0689,2,True,0.0096,Gutmann College House -> Huntsman Hall -> Houston Hall -> Moore School Building
381,Gutmann College House,Moore School Building,Collaborative,90.0,exact_dynamic_programming,30.4,30.4,0.0,19.5259,60.0,79.5259,3,True,0.2491,Gutmann College House -> Huntsman Hall -> Houston Hall -> Levine Hall -> Moore School Building
381,Gutmann College House,Moore School Building,Collaborative,90.0,greedy_reward_per_minute,30.4,30.4,0.0,19.5259,60.0,79.5259,3,True,0.0201,Gutmann College House -> Huntsman Hall -> Houston Hall -> Levine Hall -> Moore School Building
381,Gutmann College House,Moore School Building,Collaborative,90.0,nearest,22.6,30.4,25.6579,17.5079,70.0,87.5079,3,True,0.0117,Gutmann College House -> Huntsman Hall -> Van Pelt Library -> Fisher Fine Arts Library -> Moore School Building
382,Gutmann College House,Moore School Building,Coffee nearby,45.0,exact_dynamic_programming,10.6,10.6,0.0,16.5348,20.0,36.5348,1,True,0.2314,Gutmann College House -> Houston Hall -> Moore School Building
382,Gutmann College House,Moore School Building,Coffee nearby,45.0,greedy_reward_per_minute,10.6,10.6,0.0,16.5348,20.0,36.5348,1,True,0.0132,Gutmann College House -> Houston Hall -> Moore School Building
382,Gutmann College House,Moore School Building,Coffee nearby,45.0,nearest,8.8,10.6,16.9811,14.7249,20.0,34.7249,1,True,0.0077,Gutmann College House -> Huntsman Hall -> Moore School Building
383,Gutmann College House,Moore School Building,Coffee nearby,60.0,exact_dynamic_programming,19.4,19.4,0.0,19.0689,40.0,59.0689,2,True,0.1587,Gutmann College House -> Huntsman Hall -> Houston Hall -> Moore School Building
383,Gutmann College House,Moore School Building,Coffee nearby,60.0,greedy_reward_per_minute,17.6,19.4,9.2784,16.9918,40.0,56.9918,2,True,0.0151,Gutmann College House -> Houston Hall -> Levine Hall -> Moore School Building
383,Gutmann College House,Moore School Building,Coffee nearby,60.0,nearest,19.4,19.4,0.0,19.0689,40.0,59.0689,2,True,0.0095,Gutmann College House -> Huntsman Hall -> Houston Hall -> Moore School Building
384,Gutmann College House,Moore School Building,Coffee nearby,90.0,exact_dynamic_programming,26.4,26.4,0.0,19.5259,60.0,79.5259,3,True,0.3181,Gutmann College House -> Huntsman Hall -> Houston Hall -> Levine Hall -> Moore School Building
384,Gutmann College House,Moore School Building,Coffee nearby,90.0,greedy_reward_per_minute,24.6,26.4,6.8182,23.6057,65.0,88.6057,3,True,0.0199,Gutmann College House -> Houston Hall -> Levine Hall -> Van Pelt Library -> Moore School Building
384,Gutmann College House,Moore School Building,Coffee nearby,90.0,nearest,20.6,26.4,21.9697,17.5079,70.0,87.5079,3,True,0.0119,Gutmann College House -> Huntsman Hall -> Van Pelt Library -> Fisher Fine Arts Library -> Moore School Building
385,Gutmann College House,Moore School Building,Power outlets,45.0,exact_dynamic_programming,11.0,11.0,0.0,15.1146,20.0,35.1146,1,True,0.1513,Gutmann College House -> Levine Hall -> Moore School Building
385,Gutmann College House,Moore School Building,Power outlets,45.0,greedy_reward_per_minute,11.0,11.0,0.0,15.1146,20.0,35.1146,1,True,0.0127,Gutmann College House -> Levine Hall -> Moore School Building
385,Gutmann College House,Moore School Building,Power outlets,45.0,nearest,8.8,11.0,20.0,14.7249,20.0,34.7249,1,True,0.008,Gutmann College House -> Huntsman Hall -> Moore School Building
386,Gutmann College House,Moore School Building,Power outlets,60.0,exact_dynamic_programming,19.8,19.8,0.0,15.9733,40.0,55.9733,2,True,0.1578,Gutmann College House -> Huntsman Hall -> Levine Hall -> Moore School Building
386,Gutmann College House,Moore School Building,Power outlets,60.0,greedy_reward_per_minute,19.8,19.8,0.0,17.6534,40.0,57.6534,2,True,0.0148,Gutmann College House -> Levine Hall -> Towne Building -> Moore School Building
386,Gutmann College House,Moore School Building,Power outlets,60.0,nearest,15.4,19.8,22.2222,19.0689,40.0,59.0689,2,True,0.0095,Gutmann College House -> Huntsman Hall -> Houston Hall -> Moore School Building
387,Gutmann College House,Moore School Building,Power outlets,90.0,exact_dynamic_programming,30.8,30.8,0.0,17.0218,65.0,82.0218,3,True,0.2557,Gutmann College House -> Huntsman Hall -> Van Pelt Library -> Levine Hall -> Moore School Building
387,Gutmann College House,Moore School Building,Power outlets,90.0,greedy_reward_per_minute,30.8,30.8,0.0,23.8623,65.0,88.8623,3,True,0.0201,Gutmann College House -> Levine Hall -> Towne Building -> Van Pelt Library -> Moore School Building
387,Gutmann College House,Moore School Building,Power outlets,90.0,nearest,28.6,30.8,7.1429,17.5079,70.0,87.5079,3,True,0.0121,Gutmann College House -> Huntsman Hall -> Van Pelt Library -> Fisher Fine Arts Library -> Moore School Building
388,Gutmann College House,Moore School Building,No preference,45.0,exact_dynamic_programming,9.0,9.0,0.0,14.3203,25.0,39.3203,1,True,0.1492,Gutmann College House -> Van Pelt Library -> Moore School Building
388,Gutmann College House,Moore School Building,No preference,45.0,greedy_reward_per_minute,8.5,9.0,5.5556,15.1146,20.0,35.1146,1,True,0.0132,Gutmann College House -> Levine Hall -> Moore School Building
388,Gutmann College House,Moore School Building,No preference,45.0,nearest,8.3,9.0,7.7778,14.7249,20.0,34.7249,1,True,0.0079,Gutmann College House -> Huntsman Hall -> Moore School Building
389,Gutmann College House,Moore School Building,No preference,60.0,exact_dynamic_programming,16.8,16.8,0.0,15.9733,40.0,55.9733,2,True,0.1703,Gutmann College House -> Huntsman Hall -> Levine Hall -> Moore School Building
389,Gutmann College House,Moore School Building,No preference,60.0,greedy_reward_per_minute,15.3,16.8,8.9286,17.6534,40.0,57.6534,2,True,0.0161,Gutmann College House -> Levine Hall -> Towne Building -> Moore School Building
389,Gutmann College House,Moore School Building,No preference,60.0,nearest,16.4,16.8,2.381,19.0689,40.0,59.0689,2,True,0.01,Gutmann College House -> Huntsman Hall -> Houston Hall -> Moore School Building
390,Gutmann College House,Moore School Building,No preference,90.0,exact_dynamic_programming,25.8,25.8,0.0,17.0218,65.0,82.0218,3,True,0.2493,Gutmann College House -> Huntsman Hall -> Van Pelt Library -> Levine Hall -> Moore School Building
390,Gutmann College House,Moore School Building,No preference,90.0,greedy_reward_per_minute,23.4,25.8,9.3023,25.5122,60.0,85.5122,3,True,0.0204,Gutmann College House -> Levine Hall -> Towne Building -> Houston Hall -> Moore School Building
390,Gutmann College House,Moore School Building,No preference,90.0,nearest,24.6,25.8,4.6512,17.5079,70.0,87.5079,3,True,0.0123,Gutmann College House -> Huntsman Hall -> Van Pelt Library -> Fisher Fine Arts Library -> Moore School Building
391,Gutmann College House,Levine Hall,Quiet,45.0,exact_dynamic_programming,11.0,11.0,0.0,13.9129,25.0,38.9129,1,True,0.0813,Gutmann College House -> Van Pelt Library -> Levine Hall
391,Gutmann College House,Levine Hall,Quiet,45.0,greedy_reward_per_minute,11.0,11.0,0.0,13.9129,25.0,38.9129,1,True,0.0125,Gutmann College House -> Van Pelt Library -> Levine Hall
391,Gutmann College House,Levine Hall,Quiet,45.0,nearest,4.8,11.0,56.3636,14.3174,20.0,34.3174,1,True,0.0078,Gutmann College House -> Huntsman Hall -> Levine Hall
392,Gutmann College House,Levine Hall,Quiet,60.0,exact_dynamic_programming,11.6,11.6,0.0,17.4951,40.0,57.4951,2,True,0.0865,Gutmann College House -> Huntsman Hall -> Towne Building -> Levine Hall
392,Gutmann College House,Levine Hall,Quiet,60.0,greedy_reward_per_minute,11.0,11.6,5.1724,13.9129,25.0,38.9129,1,True,0.0126,Gutmann College House -> Van Pelt Library -> Levine Hall
392,Gutmann College House,Levine Hall,Quiet,60.0,nearest,9.4,11.6,18.9655,17.87,40.0,57.87,2,True,0.01,Gutmann College House -> Huntsman Hall -> Houston Hall -> Levine Hall
393,Gutmann College House,Levine Hall,Quiet,90.0,exact_dynamic_programming,28.6,28.6,0.0,17.087,70.0,87.087,3,True,0.1346,Gutmann College House -> Van Pelt Library -> Fisher Fine Arts Library -> Towne Building -> Levine Hall
393,Gutmann College House,Levine Hall,Quiet,90.0,greedy_reward_per_minute,28.6,28.6,0.0,17.087,70.0,87.087,3,True,0.0183,Gutmann College House -> Van Pelt Library -> Fisher Fine Arts Library -> Towne Building -> Levine Hall
393,Gutmann College House,Levine Hall,Quiet,90.0,nearest,26.6,28.6,6.993,16.6728,70.0,86.6728,3,True,0.011,Gutmann College House -> Huntsman Hall -> Van Pelt Library -> Fisher Fine Arts Library -> Levine Hall
394,Gutmann College House,Levine Hall,Collaborative,45.0,exact_dynamic_programming,10.8,10.8,0.0,14.3174,20.0,34.3174,1,True,0.0797,Gutmann College House -> Huntsman Hall -> Levine Hall
394,Gutmann College House,Levine Hall,Collaborative,45.0,greedy_reward_per_minute,10.8,10.8,0.0,14.3174,20.0,34.3174,1,True,0.012,Gutmann College House -> Huntsman Hall -> Levine Hall
394,Gutmann College House,Levine Hall,Collaborative,45.0,nearest,10.8,10.8,0.0,14.3174,20.0,34.3174,1,True,0.0077,Gutmann College House -> Huntsman Hall -> Levine Hall
395,Gutmann College House,Levine Hall,Collaborative,60.0,exact_dynamic_programming,21.4,21.4,0.0,17.87,40.0,57.87,2,True,0.0891,Gutmann College House -> Huntsman Hall -> Houston Hall -> Levine Hall
395,Gutmann College House,Levine Hall,Collaborative,60.0,greedy_reward_per_minute,21.4,21.4,0.0,17.87,40.0,57.87,2,True,0.0144,Gutmann College House -> Huntsman Hall -> Houston Hall -> Levine Hall
395,Gutmann College House,Levine Hall,Collaborative,60.0,nearest,21.4,21.4,0.0,17.87,40.0,57.87,2,True,0.0093,Gutmann College House -> Huntsman Hall -> Houston Hall -> Levine Hall
396,Gutmann College House,Levine Hall,Collaborative,90.0,exact_dynamic_programming,30.4,30.4,0.0,21.9349,65.0,86.9349,3,True,0.1323,Gutmann College House -> Huntsman Hall -> Holman Biotech Commons -> Houston Hall -> Levine Hall
396,Gutmann College House,Levine Hall,Collaborative,90.0,greedy_reward_per_minute,28.2,30.4,7.2368,19.7372,60.0,79.7372,3,True,0.0313,Gutmann College House -> Huntsman Hall -> Houston Hall -> Towne Building -> Levine Hall
396,Gutmann College House,Levine Hall,Collaborative,90.0,nearest,22.6,30.4,25.6579,16.6728,70.0,86.6728,3,True,0.0111,Gutmann College House -> Huntsman Hall -> Van Pelt Library -> Fisher Fine Arts Library -> Levine Hall
397,Gutmann College House,Levine Hall,Coffee nearby,45.0,exact_dynamic_programming,10.6,10.6,0.0,15.3359,20.0,35.3359,1,True,0.0758,Gutmann College House -> Houston Hall -> Levine Hall
397,Gutmann College House,Levine Hall,Coffee nearby,45.0,greedy_reward_per_minute,10.6,10.6,0.0,15.3359,20.0,35.3359,1,True,0.0115,Gutmann College House -> Houston Hall -> Levine Hall
397,Gutmann College House,Levine Hall,Coffee nearby,45.0,nearest,8.8,10.6,16.9811,14.3174,20.0,34.3174,1,True,0.0073,Gutmann College House -> Huntsman Hall -> Levine Hall
398,Gutmann College House,Levine Hall,Coffee nearby,60.0,exact_dynamic_programming,19.4,19.4,0.0,17.87,40.0,57.87,2,True,0.0812,Gutmann College House -> Huntsman Hall -> Houston Hall -> Levine Hall
398,Gutmann College House,Levine Hall,Coffee nearby,60.0,greedy_reward_per_minute,15.4,19.4,20.6186,17.2031,40.0,57.2031,2,True,0.0137,Gutmann College House -> Houston Hall -> Towne Building -> Levine Hall
398,Gutmann College House,Levine Hall,Coffee nearby,60.0,nearest,19.4,19.4,0.0,17.87,40.0,57.87,2,True,0.009,Gutmann College House -> Huntsman Hall -> Houston Hall -> Levine Hall
399,Gutmann College House,Levine Hall,Coffee nearby,90.0,exact_dynamic_programming,26.4,26.4,0.0,18.7122,65.0,83.7122,3,True,0.1295,Gutmann College House -> Huntsman Hall -> Van Pelt Library -> Houston Hall -> Levine Hall
399,Gutmann College House,Levine Hall,Coffee nearby,90.0,greedy_reward_per_minute,24.2,26.4,8.3333,28.4342,60.0,88.4342,3,True,0.0169,Gutmann College House -> Houston Hall -> Huntsman Hall -> Towne Building -> Levine Hall
399,Gutmann College House,Levine Hall,Coffee nearby,90.0,nearest,20.6,26.4,21.9697,16.6728,70.0,86.6728,3,True,0.0107,Gutmann College House -> Huntsman Hall -> Van Pelt Library -> Fisher Fine Arts Library -> Levine Hall
400,Gutmann College House,Levine Hall,Power outlets,45.0,exact_dynamic_programming,11.0,11.0,0.0,13.9129,25.0,38.9129,1,True,0.0803,Gutmann College House -> Van Pelt Library -> Levine Hall
400,Gutmann College House,Levine Hall,Power outlets,45.0,greedy_reward_per_minute,11.0,11.0,0.0,13.9129,25.0,38.9129,1,True,0.0118,Gutmann College House -> Van Pelt Library -> Levine Hall
400,Gutmann College House,Levine Hall,Power outlets,45.0,nearest,8.8,11.0,20.0,14.3174,20.0,34.3174,1,True,0.0075,Gutmann College House -> Huntsman Hall -> Levine Hall
401,Gutmann College House,Levine Hall,Power outlets,60.0,exact_dynamic_programming,17.6,17.6,0.0,17.4951,40.0,57.4951,2,True,0.098,Gutmann College House -> Huntsman Hall -> Towne Building -> Levine Hall
401,Gutmann College House,Levine Hall,Power outlets,60.0,greedy_reward_per_minute,11.0,17.6,37.5,13.9129,25.0,38.9129,1,True,0.0123,Gutmann College House -> Van Pelt Library -> Levine Hall
401,Gutmann College House,Levine Hall,Power outlets,60.0,nearest,15.4,17.6,12.5,17.87,40.0,57.87,2,True,0.014,Gutmann College House -> Huntsman Hall -> Houston Hall -> Levine Hall
402,Gutmann College House,Levine Hall,Power outlets,90.0,exact_dynamic_programming,28.6,28.6,0.0,17.4997,65.0,82.4997,3,True,0.1338,Gutmann College House -> Huntsman Hall -> Van Pelt Library -> Towne Building -> Levine Hall
402,Gutmann College House,Levine Hall,Power outlets,90.0,greedy_reward_per_minute,26.4,28.6,7.6923,22.5935,65.0,87.5935,3,True,0.0178,Gutmann College House -> Van Pelt Library -> Towne Building -> Houston Hall -> Levine Hall
402,Gutmann College House,Levine Hall,Power outlets,90.0,nearest,28.6,28.6,0.0,16.6728,70.0,86.6728,3,True,0.0111,Gutmann College House -> Huntsman Hall -> Van Pelt Library -> Fisher Fine Arts Library -> Levine Hall
403,Gutmann College House,Levine Hall,No preference,45.0,exact_dynamic_programming,9.0,9.0,0.0,13.9129,25.0,38.9129,1,True,0.0822,Gutmann College House -> Van Pelt Library -> Levine Hall
403,Gutmann College House,Levine Hall,No preference,45.0,greedy_reward_per_minute,8.3,9.0,7.7778,14.3174,20.0,34.3174,1,True,0.0125,Gutmann College House -> Huntsman Hall -> Levine Hall
403,Gutmann College House,Levine Hall,No preference,45.0,nearest,8.3,9.0,7.7778,14.3174,20.0,34.3174,1,True,0.0076,Gutmann College House -> Huntsman Hall -> Levine Hall
404,Gutmann College House,Levine Hall,No preference,60.0,exact_dynamic_programming,16.4,16.4,0.0,17.87,40.0,57.87,2,True,0.0835,Gutmann College House -> Huntsman Hall -> Houston Hall -> Levine Hall
404,Gutmann College House,Levine Hall,No preference,60.0,greedy_reward_per_minute,16.4,16.4,0.0,17.87,40.0,57.87,2,True,0.0149,Gutmann College House -> Huntsman Hall -> Houston Hall -> Levine Hall
404,Gutmann College House,Levine Hall,No preference,60.0,nearest,16.4,16.4,0.0,17.87,40.0,57.87,2,True,0.0091,Gutmann College House -> Huntsman Hall -> Houston Hall -> Levine Hall
405,Gutmann College House,Levine Hall,No preference,90.0,exact_dynamic_programming,25.4,25.4,0.0,18.7122,65.0,83.7122,3,True,0.137,Gutmann College House -> Huntsman Hall -> Van Pelt Library -> Houston Hall -> Levine Hall
405,Gutmann College House,Levine Hall,No preference,90.0,greedy_reward_per_minute,25.4,25.4,0.0,18.7122,65.0,83.7122,3,True,0.0198,Gutmann College House -> Huntsman Hall -> Van Pelt Library -> Houston Hall -> Levine Hall
405,Gutmann College House,Levine Hall,No preference,90.0,nearest,24.6,25.4,3.1496,16.6728,70.0,86.6728,3,True,0.0114,Gutmann College House -> Huntsman Hall -> Van Pelt Library -> Fisher Fine Arts Library -> Levine Hall
406,Gutmann College House,David Rittenhouse Laboratory,Quiet,45.0,exact_dynamic_programming,11.0,11.0,0.0,14.6318,25.0,39.6318,1,True,0.1545,Gutmann College House -> Van Pelt Library -> David Rittenhouse Laboratory
406,Gutmann College House,David Rittenhouse Laboratory,Quiet,45.0,greedy_reward_per_minute,11.0,11.0,0.0,14.6318,25.0,39.6318,1,True,0.0133,Gutmann College House -> Van Pelt Library -> David Rittenhouse Laboratory
406,Gutmann College House,David Rittenhouse Laboratory,Quiet,45.0,nearest,4.8,11.0,56.3636,15.0363,20.0,35.0363,1,True,0.0085,Gutmann College House -> Huntsman Hall -> David Rittenhouse Laboratory
407,Gutmann College House,David Rittenhouse Laboratory,Quiet,60.0,exact_dynamic_programming,13.8,13.8,0.0,17.3196,40.0,57.3196,2,True,0.1641,Gutmann College House -> Towne Building -> Levine Hall -> David Rittenhouse Laboratory
407,Gutmann College House,David Rittenhouse Laboratory,Quiet,60.0,greedy_reward_per_minute,11.0,13.8,20.2899,14.6318,25.0,39.6318,1,True,0.0141,Gutmann College House -> Van Pelt Library -> David Rittenhouse Laboratory
407,Gutmann College House,David Rittenhouse Laboratory,Quiet,60.0,nearest,9.4,13.8,31.8841,19.3804,40.0,59.3804,2,True,0.0108,Gutmann College House -> Huntsman Hall -> Houston Hall -> David Rittenhouse Laboratory
408,Gutmann College House,David Rittenhouse Laboratory,Quiet,90.0,exact_dynamic_programming,28.8,28.8,0.0,17.1872,70.0,87.1872,3,True,0.2589,Gutmann College House -> Van Pelt Library -> Fisher Fine Arts Library -> Levine Hall -> David Rittenhouse Laboratory
408,Gutmann College House,David Rittenhouse Laboratory,Quiet,90.0,greedy_reward_per_minute,28.8,28.8,0.0,17.1872,70.0,87.1872,3,True,0.0202,Gutmann College House -> Van Pelt Library -> Fisher Fine Arts Library -> Levine Hall -> David Rittenhouse Laboratory
408,Gutmann College House,David Rittenhouse Laboratory,Quiet,90.0,nearest,26.6,28.8,7.6389,17.8193,70.0,87.8193,3,True,0.0122,Gutmann College House -> Huntsman Hall -> Van Pelt Library -> Fisher Fine Arts Library -> David Rittenhouse Laboratory
409,Gutmann College House,David Rittenhouse Laboratory,Collaborative,45.0,exact_dynamic_programming,10.8,10.8,0.0,15.0363,20.0,35.0363,1,True,0.1533,Gutmann College House -> Huntsman Hall -> David Rittenhouse Laboratory
409,Gutmann College House,David Rittenhouse Laboratory,Collaborative,45.0,greedy_reward_per_minute,10.8,10.8,0.0,15.0363,20.0,35.0363,1,True,0.0128,Gutmann College House -> Huntsman Hall -> David Rittenhouse Laboratory
409,Gutmann College House,David Rittenhouse Laboratory,Collaborative,45.0,nearest,10.8,10.8,0.0,15.0363,20.0,35.0363,1,True,0.0083,Gutmann College House -> Huntsman Hall -> David Rittenhouse Laboratory
410,Gutmann College House,David Rittenhouse Laboratory,Collaborative,60.0,exact_dynamic_programming,21.4,21.4,0.0,19.3804,40.0,59.3804,2,True,0.1629,Gutmann College House -> Huntsman Hall -> Houston Hall -> David Rittenhouse Laboratory
410,Gutmann College House,David Rittenhouse Laboratory,Collaborative,60.0,greedy_reward_per_minute,21.4,21.4,0.0,19.3804,40.0,59.3804,2,True,0.0161,Gutmann College House -> Huntsman Hall -> Houston Hall -> David Rittenhouse Laboratory
410,Gutmann College House,David Rittenhouse Laboratory,Collaborative,60.0,nearest,21.4,21.4,0.0,19.3804,40.0,59.3804,2,True,0.0099,Gutmann College House -> Huntsman Hall -> Houston Hall -> David Rittenhouse Laboratory
411,Gutmann College House,David Rittenhouse Laboratory,Collaborative,90.0,exact_dynamic_programming,30.4,30.4,0.0,19.8374,60.0,79.8374,3,True,0.2453,Gutmann College House -> Huntsman Hall -> Houston Hall -> Levine Hall -> David Rittenhouse Laboratory
411,Gutmann College House,David Rittenhouse Laboratory,Collaborative,90.0,greedy_reward_per_minute,30.4,30.4,0.0,19.8374,60.0,79.8374,3,True,0.02,Gutmann College House -> Huntsman Hall -> Houston Hall -> Levine Hall -> David Rittenhouse Laboratory
411,Gutmann College House,David Rittenhouse Laboratory,Collaborative,90.0,nearest,22.6,30.4,25.6579,17.8193,70.0,87.8193,3,True,0.0118,Gutmann College House -> Huntsman Hall -> Van Pelt Library -> Fisher Fine Arts Library -> David Rittenhouse Laboratory
412,Gutmann College House,David Rittenhouse Laboratory,Coffee nearby,45.0,exact_dynamic_programming,10.6,10.6,0.0,16.8463,20.0,36.8463,1,True,0.1497,Gutmann College House -> Houston Hall -> David Rittenhouse Laboratory
412,Gutmann College House,David Rittenhouse Laboratory,Coffee nearby,45.0,greedy_reward_per_minute,10.6,10.6,0.0,16.8463,20.0,36.8463,1,True,0.0127,Gutmann College House -> Houston Hall -> David Rittenhouse Laboratory
412,Gutmann College House,David Rittenhouse Laboratory,Coffee nearby,45.0,nearest,8.8,10.6,16.9811,15.0363,20.0,35.0363,1,True,0.008,Gutmann College House -> Huntsman Hall -> David Rittenhouse Laboratory
413,Gutmann College House,David Rittenhouse Laboratory,Coffee nearby,60.0,exact_dynamic_programming,19.4,19.4,0.0,19.3804,40.0,59.3804,2,True,0.1539,Gutmann College House -> Huntsman Hall -> Houston Hall -> David Rittenhouse Laboratory
413,Gutmann College House,David Rittenhouse Laboratory,Coffee nearby,60.0,greedy_reward_per_minute,17.6,19.4,9.2784,17.3033,40.0,57.3033,2,True,0.0151,Gutmann College House -> Houston Hall -> Levine Hall -> David Rittenhouse Laboratory
413,Gutmann College House,David Rittenhouse Laboratory,Coffee nearby,60.0,nearest,19.4,19.4,0.0,19.3804,40.0,59.3804,2,True,0.0095,Gutmann College House -> Huntsman Hall -> Houston Hall -> David Rittenhouse Laboratory
414,Gutmann College House,David Rittenhouse Laboratory,Coffee nearby,90.0,exact_dynamic_programming,26.4,26.4,0.0,19.8374,60.0,79.8374,3,True,0.242,Gutmann College House -> Huntsman Hall -> Houston Hall -> Levine Hall -> David Rittenhouse Laboratory
414,Gutmann College House,David Rittenhouse Laboratory,Coffee nearby,90.0,greedy_reward_per_minute,24.6,26.4,6.8182,23.9172,65.0,88.9172,3,True,0.0192,Gutmann College House -> Houston Hall -> Levine Hall -> Van Pelt Library -> David Rittenhouse Laboratory
414,Gutmann College House,David Rittenhouse Laboratory,Coffee nearby,90.0,nearest,20.6,26.4,21.9697,17.8193,70.0,87.8193,3,True,0.0115,Gutmann College House -> Huntsman Hall -> Van Pelt Library -> Fisher Fine Arts Library -> David Rittenhouse Laboratory
415,Gutmann College House,David Rittenhouse Laboratory,Power outlets,45.0,exact_dynamic_programming,11.0,11.0,0.0,15.4261,20.0,35.4261,1,True,0.1463,Gutmann College House -> Levine Hall -> David Rittenhouse Laboratory
415,Gutmann College House,David Rittenhouse Laboratory,Power outlets,45.0,greedy_reward_per_minute,11.0,11.0,0.0,15.4261,20.0,35.4261,1,True,0.0129,Gutmann College House -> Levine Hall -> David Rittenhouse Laboratory
415,Gutmann College House,David Rittenhouse Laboratory,Power outlets,45.0,nearest,8.8,11.0,20.0,15.0363,20.0,35.0363,1,True,0.008,Gutmann College House -> Huntsman Hall -> David Rittenhouse Laboratory
416,Gutmann College House,David Rittenhouse Laboratory,Power outlets,60.0,exact_dynamic_programming,19.8,19.8,0.0,16.2848,40.0,56.2848,2,True,0.1579,Gutmann College House -> Huntsman Hall -> Levine Hall -> David Rittenhouse Laboratory
416,Gutmann College House,David Rittenhouse Laboratory,Power outlets,60.0,greedy_reward_per_minute,19.8,19.8,0.0,17.8737,40.0,57.8737,2,True,0.0153,Gutmann College House -> Levine Hall -> Towne Building -> David Rittenhouse Laboratory
416,Gutmann College House,David Rittenhouse Laboratory,Power outlets,60.0,nearest,15.4,19.8,22.2222,19.3804,40.0,59.3804,2,True,0.0104,Gutmann College House -> Huntsman Hall -> Houston Hall -> David Rittenhouse Laboratory
417,Gutmann College House,David Rittenhouse Laboratory,Power outlets,90.0,exact_dynamic_programming,30.8,30.8,0.0,17.3333,65.0,82.3333,3,True,0.2423,Gutmann College House -> Huntsman Hall -> Van Pelt Library -> Levine Hall -> David Rittenhouse Laboratory
417,Gutmann College House,David Rittenhouse Laboratory,Power outlets,90.0,greedy_reward_per_minute,30.8,30.8,0.0,24.1738,65.0,89.1738,3,True,0.0195,Gutmann College House -> Levine Hall -> Towne Building -> Van Pelt Library -> David Rittenhouse Laboratory
417,Gutmann College House,David Rittenhouse Laboratory,Power outlets,90.0,nearest,28.6,30.8,7.1429,17.8193,70.0,87.8193,3,True,0.012,Gutmann College House -> Huntsman Hall -> Van Pelt Library -> Fisher Fine Arts Library -> David Rittenhouse Laboratory
418,Gutmann College House,David Rittenhouse Laboratory,No preference,45.0,exact_dynamic_programming,9.0,9.0,0.0,14.6318,25.0,39.6318,1,True,0.1606,Gutmann College House -> Van Pelt Library -> David Rittenhouse Laboratory
418,Gutmann College House,David Rittenhouse Laboratory,No preference,45.0,greedy_reward_per_minute,8.5,9.0,5.5556,15.4261,20.0,35.4261,1,True,0.0143,Gutmann College House -> Levine Hall -> David Rittenhouse Laboratory
418,Gutmann College House,David Rittenhouse Laboratory,No preference,45.0,nearest,8.3,9.0,7.7778,15.0363,20.0,35.0363,1,True,0.0087,Gutmann College House -> Huntsman Hall -> David Rittenhouse Laboratory
419,Gutmann College House,David Rittenhouse Laboratory,No preference,60.0,exact_dynamic_programming,16.8,16.8,0.0,16.2848,40.0,56.2848,2,True,0.1709,Gutmann College House -> Huntsman Hall -> Levine Hall -> David Rittenhouse Laboratory
419,Gutmann College House,David Rittenhouse Laboratory,No preference,60.0,greedy_reward_per_minute,15.3,16.8,8.9286,17.8737,40.0,57.8737,2,True,0.015,Gutmann College House -> Levine Hall -> Towne Building -> David Rittenhouse Laboratory
419,Gutmann College House,David Rittenhouse Laboratory,No preference,60.0,nearest,16.4,16.8,2.381,19.3804,40.0,59.3804,2,True,0.01,Gutmann College House -> Huntsman Hall -> Houston Hall -> David Rittenhouse Laboratory
420,Gutmann College House,David Rittenhouse Laboratory,No preference,90.0,exact_dynamic_programming,25.8,25.8,0.0,17.3333,65.0,82.3333,3,True,0.2566,Gutmann College House -> Huntsman Hall -> Van Pelt Library -> Levine Hall -> David Rittenhouse Laboratory
420,Gutmann College House,David Rittenhouse Laboratory,No preference,90.0,greedy_reward_per_minute,23.4,25.8,9.3023,25.8237,60.0,85.8237,3,True,0.0215,Gutmann College House -> Levine Hall -> Towne Building -> Houston Hall -> David Rittenhouse Laboratory
420,Gutmann College House,David Rittenhouse Laboratory,No preference,90.0,nearest,24.6,25.8,4.6512,17.8193,70.0,87.8193,3,True,0.0126,Gutmann College House -> Huntsman Hall -> Van Pelt Library -> Fisher Fine Arts Library -> David Rittenhouse Laboratory
421,Gutmann College House,Huntsman Hall,Quiet,45.0,exact_dynamic_programming,11.0,11.0,0.0,14.7767,25.0,39.7767,1,True,0.0813,Gutmann College House -> Van Pelt Library -> Huntsman Hall
421,Gutmann College House,Huntsman Hall,Quiet,45.0,greedy_reward_per_minute,11.0,11.0,0.0,14.7767,25.0,39.7767,1,True,0.0121,Gutmann College House -> Van Pelt Library -> Huntsman Hall
421,Gutmann College House,Huntsman Hall,Quiet,45.0,nearest,9.0,11.0,18.1818,14.2158,25.0,39.2158,1,True,0.0076,Gutmann College House -> Holman Biotech Commons -> Huntsman Hall
422,Gutmann College House,Huntsman Hall,Quiet,60.0,exact_dynamic_programming,11.0,11.0,0.0,14.7767,25.0,39.7767,1,True,0.0786,Gutmann College House -> Van Pelt Library -> Huntsman Hall
422,Gutmann College House,Huntsman Hall,Quiet,60.0,greedy_reward_per_minute,11.0,11.0,0.0,14.7767,25.0,39.7767,1,True,0.0122,Gutmann College House -> Van Pelt Library -> Huntsman Hall
422,Gutmann College House,Huntsman Hall,Quiet,60.0,nearest,9.0,11.0,18.1818,14.2158,25.0,39.2158,1,True,0.0078,Gutmann College House -> Holman Biotech Commons -> Huntsman Hall
423,Gutmann College House,Huntsman Hall,Quiet,90.0,exact_dynamic_programming,26.4,26.4,0.0,19.0061,70.0,89.0061,3,True,0.1247,Gutmann College House -> Houston Hall -> Fisher Fine Arts Library -> Van Pelt Library -> Huntsman Hall
423,Gutmann College House,Huntsman Hall,Quiet,90.0,greedy_reward_per_minute,21.8,26.4,17.4242,18.1929,50.0,68.1929,2,True,0.0165,Gutmann College House -> Van Pelt Library -> Fisher Fine Arts Library -> Huntsman Hall
423,Gutmann College House,Huntsman Hall,Quiet,90.0,nearest,13.6,26.4,48.4848,20.9031,45.0,65.9031,2,True,0.0099,Gutmann College House -> Holman Biotech Commons -> Houston Hall -> Huntsman Hall
424,Gutmann College House,Huntsman Hall,Collaborative,45.0,exact_dynamic_programming,10.6,10.6,0.0,17.5788,20.0,37.5788,1,True,0.0758,Gutmann College House -> Houston Hall -> Huntsman Hall
424,Gutmann College House,Huntsman Hall,Collaborative,45.0,greedy_reward_per_minute,10.6,10.6,0.0,17.5788,20.0,37.5788,1,True,0.0113,Gutmann College House -> Houston Hall -> Huntsman Hall
424,Gutmann College House,Huntsman Hall,Collaborative,45.0,nearest,9.0,10.6,15.0943,14.2158,25.0,39.2158,1,True,0.0073,Gutmann College House -> Holman Biotech Commons -> Huntsman Hall
425,Gutmann College House,Huntsman Hall,Collaborative,60.0,exact_dynamic_programming,10.6,10.6,0.0,17.5788,20.0,37.5788,1,True,0.0879,Gutmann College House -> Houston Hall -> Huntsman Hall
425,Gutmann College House,Huntsman Hall,Collaborative,60.0,greedy_reward_per_minute,10.6,10.6,0.0,17.5788,20.0,37.5788,1,True,0.0118,Gutmann College House -> Houston Hall -> Huntsman Hall
425,Gutmann College House,Huntsman Hall,Collaborative,60.0,nearest,9.0,10.6,15.0943,14.2158,25.0,39.2158,1,True,0.0074,Gutmann College House -> Holman Biotech Commons -> Huntsman Hall
426,Gutmann College House,Huntsman Hall,Collaborative,90.0,exact_dynamic_programming,26.6,26.6,0.0,24.0621,65.0,89.0621,3,True,0.1183,Gutmann College House -> Houston Hall -> Levine Hall -> Van Pelt Library -> Huntsman Hall
426,Gutmann College House,Huntsman Hall,Collaborative,90.0,greedy_reward_per_minute,26.4,26.6,0.7519,26.1913,60.0,86.1913,3,True,0.0176,Gutmann College House -> Houston Hall -> Levine Hall -> Towne Building -> Huntsman Hall
426,Gutmann College House,Huntsman Hall,Collaborative,90.0,nearest,19.6,26.6,26.3158,20.9031,45.0,65.9031,2,True,0.0094,Gutmann College House -> Holman Biotech Commons -> Houston Hall -> Huntsman Hall
427,Gutmann College House,Huntsman Hall,Coffee nearby,45.0,exact_dynamic_programming,10.6,10.6,0.0,17.5788,20.0,37.5788,1,True,0.0765,Gutmann College House -> Houston Hall -> Huntsman Hall
427,Gutmann College House,Huntsman Hall,Coffee nearby,45.0,greedy_reward_per_minute,10.6,10.6,0.0,17.5788,20.0,37.5788,1,True,0.0116,Gutmann College House -> Houston Hall -> Huntsman Hall
427,Gutmann College House,Huntsman Hall,Coffee nearby,45.0,nearest,7.0,10.6,33.9623,14.2158,25.0,39.2158,1,True,0.0075,Gutmann College House -> Holman Biotech Commons -> Huntsman Hall
428,Gutmann College House,Huntsman Hall,Coffee nearby,60.0,exact_dynamic_programming,10.6,10.6,0.0,17.5788,20.0,37.5788,1,True,0.0769,Gutmann College House -> Houston Hall -> Huntsman Hall
428,Gutmann College House,Huntsman Hall,Coffee nearby,60.0,greedy_reward_per_minute,10.6,10.6,0.0,17.5788,20.0,37.5788,1,True,0.0115,Gutmann College House -> Houston Hall -> Huntsman Hall
428,Gutmann College House,Huntsman Hall,Coffee nearby,60.0,nearest,7.0,10.6,33.9623,14.2158,25.0,39.2158,1,True,0.0075,Gutmann College House -> Holman Biotech Commons -> Huntsman Hall
429,Gutmann College House,Huntsman Hall,Coffee nearby,90.0,exact_dynamic_programming,24.6,24.6,0.0,24.0621,65.0,89.0621,3,True,0.1191,Gutmann College House -> Houston Hall -> Levine Hall -> Van Pelt Library -> Huntsman Hall
429,Gutmann College House,Huntsman Hall,Coffee nearby,90.0,greedy_reward_per_minute,24.6,24.6,0.0,24.0621,65.0,89.0621,3,True,0.0176,Gutmann College House -> Houston Hall -> Levine Hall -> Van Pelt Library -> Huntsman Hall
429,Gutmann College House,Huntsman Hall,Coffee nearby,90.0,nearest,17.6,24.6,28.4553,20.9031,45.0,65.9031,2,True,0.0093,Gutmann College House -> Holman Biotech Commons -> Houston Hall -> Huntsman Hall
430,Gutmann College House,Huntsman Hall,Power outlets,45.0,exact_dynamic_programming,11.0,11.0,0.0,14.2158,25.0,39.2158,1,True,0.077,Gutmann College House -> Holman Biotech Commons -> Huntsman Hall
430,Gutmann College House,Huntsman Hall,Power outlets,45.0,greedy_reward_per_minute,11.0,11.0,0.0,14.2158,25.0,39.2158,1,True,0.0113,Gutmann College House -> Holman Biotech Commons -> Huntsman Hall
430,Gutmann College House,Huntsman Hall,Power outlets,45.0,nearest,11.0,11.0,0.0,14.2158,25.0,39.2158,1,True,0.0068,Gutmann College House -> Holman Biotech Commons -> Huntsman Hall
431,Gutmann College House,Huntsman Hall,Power outlets,60.0,exact_dynamic_programming,11.0,11.0,0.0,14.2158,25.0,39.2158,1,True,0.0751,Gutmann College House -> Holman Biotech Commons -> Huntsman Hall
431,Gutmann College House,Huntsman Hall,Power outlets,60.0,greedy_reward_per_minute,11.0,11.0,0.0,14.2158,25.0,39.2158,1,True,0.0114,Gutmann College House -> Holman Biotech Commons -> Huntsman Hall
431,Gutmann College House,Huntsman Hall,Power outlets,60.0,nearest,11.0,11.0,0.0,14.2158,25.0,39.2158,1,True,0.007,Gutmann College House -> Holman Biotech Commons -> Huntsman Hall
432,Gutmann College House,Huntsman Hall,Power outlets,90.0,exact_dynamic_programming,30.8,30.8,0.0,23.7244,65.0,88.7244,3,True,0.1261,Gutmann College House -> Van Pelt Library -> Towne Building -> Levine Hall -> Huntsman Hall
432,Gutmann College House,Huntsman Hall,Power outlets,90.0,greedy_reward_per_minute,22.0,30.8,28.5714,19.2188,50.0,69.2188,2,True,0.0156,Gutmann College House -> Holman Biotech Commons -> Van Pelt Library -> Huntsman Hall
432,Gutmann College House,Huntsman Hall,Power outlets,90.0,nearest,17.6,30.8,42.8571,20.9031,45.0,65.9031,2,True,0.0096,Gutmann College House -> Holman Biotech Commons -> Houston Hall -> Huntsman Hall
433,Gutmann College House,Huntsman Hall,No preference,45.0,exact_dynamic_programming,9.0,9.0,0.0,14.2158,25.0,39.2158,1,True,0.0814,Gutmann College House -> Holman Biotech Commons -> Huntsman Hall
433,Gutmann College House,Huntsman Hall,No preference,45.0,greedy_reward_per_minute,9.0,9.0,0.0,14.2158,25.0,39.2158,1,True,0.012,Gutmann College House -> Holman Biotech Commons -> Huntsman Hall
433,Gutmann College House,Huntsman Hall,No preference,45.0,nearest,9.0,9.0,0.0,14.2158,25.0,39.2158,1,True,0.0077,Gutmann College House -> Holman Biotech Commons -> Huntsman Hall
434,Gutmann College House,Huntsman Hall,No preference,60.0,exact_dynamic_programming,9.0,9.0,0.0,14.2158,25.0,39.2158,1,True,0.0819,Gutmann College House -> Holman Biotech Commons -> Huntsman Hall
434,Gutmann College House,Huntsman Hall,No preference,60.0,greedy_reward_per_minute,9.0,9.0,0.0,14.2158,25.0,39.2158,1,True,0.0126,Gutmann College House -> Holman Biotech Commons -> Huntsman Hall
434,Gutmann College House,Huntsman Hall,No preference,60.0,nearest,9.0,9.0,0.0,14.2158,25.0,39.2158,1,True,0.0076,Gutmann College House -> Holman Biotech Commons -> Huntsman Hall
435,Gutmann College House,Huntsman Hall,No preference,90.0,exact_dynamic_programming,25.6,25.6,0.0,24.0621,65.0,89.0621,3,True,0.1336,Gutmann College House -> Houston Hall -> Levine Hall -> Van Pelt Library -> Huntsman Hall
435,Gutmann College House,Huntsman Hall,No preference,90.0,greedy_reward_per_minute,17.1,25.6,33.2031,20.9031,45.0,65.9031,2,True,0.0166,Gutmann College House -> Holman Biotech Commons -> Houston Hall -> Huntsman Hall
435,Gutmann College House,Huntsman Hall,No preference,90.0,nearest,17.1,25.6,33.2031,20.9031,45.0,65.9031,2,True,0.0094,Gutmann College House -> Holman Biotech Commons -> Houston Hall -> Huntsman Hall
436,Gutmann College House,Meyerson Hall,Quiet,45.0,exact_dynamic_programming,11.0,11.0,0.0,11.3754,25.0,36.3754,1,True,0.1453,Gutmann College House -> Van Pelt Library -> Meyerson Hall
436,Gutmann College House,Meyerson Hall,Quiet,45.0,greedy_reward_per_minute,11.0,11.0,0.0,11.3754,25.0,36.3754,1,True,0.0265,Gutmann College House -> Van Pelt Library -> Meyerson Hall
436,Gutmann College House,Meyerson Hall,Quiet,45.0,nearest,4.8,11.0,56.3636,12.6928,20.0,32.6928,1,True,0.0081,Gutmann College House -> Huntsman Hall -> Meyerson Hall
437,Gutmann College House,Meyerson Hall,Quiet,60.0,exact_dynamic_programming,15.8,15.8,0.0,12.8284,45.0,57.8284,2,True,0.1819,Gutmann College House -> Huntsman Hall -> Van Pelt Library -> Meyerson Hall
437,Gutmann College House,Meyerson Hall,Quiet,60.0,greedy_reward_per_minute,11.0,15.8,30.3797,11.3754,25.0,36.3754,1,True,0.0136,Gutmann College House -> Van Pelt Library -> Meyerson Hall
437,Gutmann College House,Meyerson Hall,Quiet,60.0,nearest,15.8,15.8,0.0,12.8284,45.0,57.8284,2,True,0.0104,Gutmann College House -> Huntsman Hall -> Van Pelt Library -> Meyerson Hall
438,Gutmann College House,Meyerson Hall,Quiet,90.0,exact_dynamic_programming,28.8,28.8,0.0,17.7572,70.0,87.7572,3,True,0.2887,Gutmann College House -> Van Pelt Library -> Fisher Fine Arts Library -> Levine Hall -> Meyerson Hall
438,Gutmann College House,Meyerson Hall,Quiet,90.0,greedy_reward_per_minute,28.8,28.8,0.0,17.7572,70.0,87.7572,3,True,0.0203,Gutmann College House -> Van Pelt Library -> Fisher Fine Arts Library -> Levine Hall -> Meyerson Hall
438,Gutmann College House,Meyerson Hall,Quiet,90.0,nearest,26.6,28.8,7.6389,14.563,70.0,84.563,3,True,0.0121,Gutmann College House -> Huntsman Hall -> Van Pelt Library -> Fisher Fine Arts Library -> Meyerson Hall
439,Gutmann College House,Meyerson Hall,Collaborative,45.0,exact_dynamic_programming,10.8,10.8,0.0,12.6928,20.0,32.6928,1,True,0.2419,Gutmann College House -> Huntsman Hall -> Meyerson Hall
439,Gutmann College House,Meyerson Hall,Collaborative,45.0,greedy_reward_per_minute,10.8,10.8,0.0,12.6928,20.0,32.6928,1,True,0.0132,Gutmann College House -> Huntsman Hall -> Meyerson Hall
439,Gutmann College House,Meyerson Hall,Collaborative,45.0,nearest,10.8,10.8,0.0,12.6928,20.0,32.6928,1,True,0.008,Gutmann College House -> Huntsman Hall -> Meyerson Hall
440,Gutmann College House,Meyerson Hall,Collaborative,60.0,exact_dynamic_programming,21.4,21.4,0.0,16.124,40.0,56.124,2,True,0.1611,Gutmann College House -> Huntsman Hall -> Houston Hall -> Meyerson Hall
440,Gutmann College House,Meyerson Hall,Collaborative,60.0,greedy_reward_per_minute,21.4,21.4,0.0,16.124,40.0,56.124,2,True,0.0165,Gutmann College House -> Huntsman Hall -> Houston Hall -> Meyerson Hall
440,Gutmann College House,Meyerson Hall,Collaborative,60.0,nearest,17.8,21.4,16.8224,12.8284,45.0,57.8284,2,True,0.0097,Gutmann College House -> Huntsman Hall -> Van Pelt Library -> Meyerson Hall
441,Gutmann College House,Meyerson Hall,Collaborative,90.0,exact_dynamic_programming,30.4,30.4,0.0,20.4074,60.0,80.4074,3,True,0.2602,Gutmann College House -> Huntsman Hall -> Houston Hall -> Levine Hall -> Meyerson Hall
441,Gutmann College House,Meyerson Hall,Collaborative,90.0,greedy_reward_per_minute,30.4,30.4,0.0,20.4074,60.0,80.4074,3,True,0.0197,Gutmann College House -> Huntsman Hall -> Houston Hall -> Levine Hall -> Meyerson Hall
441,Gutmann College House,Meyerson Hall,Collaborative,90.0,nearest,22.6,30.4,25.6579,14.563,70.0,84.563,3,True,0.0118,Gutmann College House -> Huntsman Hall -> Van Pelt Library -> Fisher Fine Arts Library -> Meyerson Hall
442,Gutmann College House,Meyerson Hall,Coffee nearby,45.0,exact_dynamic_programming,10.6,10.6,0.0,13.5899,20.0,33.5899,1,True,0.1523,Gutmann College House -> Houston Hall -> Meyerson Hall
442,Gutmann College House,Meyerson Hall,Coffee nearby,45.0,greedy_reward_per_minute,10.6,10.6,0.0,13.5899,20.0,33.5899,1,True,0.0121,Gutmann College House -> Houston Hall -> Meyerson Hall
442,Gutmann College House,Meyerson Hall,Coffee nearby,45.0,nearest,8.8,10.6,16.9811,12.6928,20.0,32.6928,1,True,0.0076,Gutmann College House -> Huntsman Hall -> Meyerson Hall
443,Gutmann College House,Meyerson Hall,Coffee nearby,60.0,exact_dynamic_programming,19.4,19.4,0.0,16.124,40.0,56.124,2,True,0.1769,Gutmann College House -> Huntsman Hall -> Houston Hall -> Meyerson Hall
443,Gutmann College House,Meyerson Hall,Coffee nearby,60.0,greedy_reward_per_minute,17.6,19.4,9.2784,17.8733,40.0,57.8733,2,True,0.0157,Gutmann College House -> Houston Hall -> Levine Hall -> Meyerson Hall
443,Gutmann College House,Meyerson Hall,Coffee nearby,60.0,nearest,15.8,19.4,18.5567,12.8284,45.0,57.8284,2,True,0.0101,Gutmann College House -> Huntsman Hall -> Van Pelt Library -> Meyerson Hall
444,Gutmann College House,Meyerson Hall,Coffee nearby,90.0,exact_dynamic_programming,26.4,26.4,0.0,20.4074,60.0,80.4074,3,True,0.2722,Gutmann College House -> Huntsman Hall -> Houston Hall -> Levine Hall -> Meyerson Hall
444,Gutmann College House,Meyerson Hall,Coffee nearby,90.0,greedy_reward_per_minute,26.4,26.4,0.0,27.7939,60.0,87.7939,3,True,0.0191,Gutmann College House -> Houston Hall -> Huntsman Hall -> Levine Hall -> Meyerson Hall
444,Gutmann College House,Meyerson Hall,Coffee nearby,90.0,nearest,20.6,26.4,21.9697,14.563,70.0,84.563,3,True,0.0113,Gutmann College House -> Huntsman Hall -> Van Pelt Library -> Fisher Fine Arts Library -> Meyerson Hall
445,Gutmann College House,Meyerson Hall,Power outlets,45.0,exact_dynamic_programming,11.0,11.0,0.0,15.9961,20.0,35.9961,1,True,0.1591,Gutmann College House -> Levine Hall -> Meyerson Hall
445,Gutmann College House,Meyerson Hall,Power outlets,45.0,greedy_reward_per_minute,11.0,11.0,0.0,15.9961,20.0,35.9961,1,True,0.0124,Gutmann College House -> Levine Hall -> Meyerson Hall
445,Gutmann College House,Meyerson Hall,Power outlets,45.0,nearest,8.8,11.0,20.0,12.6928,20.0,32.6928,1,True,0.0112,Gutmann College House -> Huntsman Hall -> Meyerson Hall
446,Gutmann College House,Meyerson Hall,Power outlets,60.0,exact_dynamic_programming,19.8,19.8,0.0,16.8548,40.0,56.8548,2,True,0.1702,Gutmann College House -> Huntsman Hall -> Levine Hall -> Meyerson Hall
446,Gutmann College House,Meyerson Hall,Power outlets,60.0,greedy_reward_per_minute,19.8,19.8,0.0,18.805,40.0,58.805,2,True,0.0142,Gutmann College House -> Levine Hall -> Towne Building -> Meyerson Hall
446,Gutmann College House,Meyerson Hall,Power outlets,60.0,nearest,19.8,19.8,0.0,12.8284,45.0,57.8284,2,True,0.0099,Gutmann College House -> Huntsman Hall -> Van Pelt Library -> Meyerson Hall
447,Gutmann College House,Meyerson Hall,Power outlets,90.0,exact_dynamic_programming,30.8,30.8,0.0,17.9033,65.0,82.9033,3,True,0.2696,Gutmann College House -> Huntsman Hall -> Van Pelt Library -> Levine Hall -> Meyerson Hall
447,Gutmann College House,Meyerson Hall,Power outlets,90.0,greedy_reward_per_minute,30.8,30.8,0.0,24.4934,65.0,89.4934,3,True,0.0194,Gutmann College House -> Levine Hall -> Van Pelt Library -> Towne Building -> Meyerson Hall
447,Gutmann College House,Meyerson Hall,Power outlets,90.0,nearest,28.6,30.8,7.1429,14.563,70.0,84.563,3,True,0.0116,Gutmann College House -> Huntsman Hall -> Van Pelt Library -> Fisher Fine Arts Library -> Meyerson Hall
448,Gutmann College House,Meyerson Hall,No preference,45.0,exact_dynamic_programming,9.0,9.0,0.0,11.3754,25.0,36.3754,1,True,0.1533,Gutmann College House -> Van Pelt Library -> Meyerson Hall
448,Gutmann College House,Meyerson Hall,No preference,45.0,greedy_reward_per_minute,8.3,9.0,7.7778,12.6928,20.0,32.6928,1,True,0.0134,Gutmann College House -> Huntsman Hall -> Meyerson Hall
448,Gutmann College House,Meyerson Hall,No preference,45.0,nearest,8.3,9.0,7.7778,12.6928,20.0,32.6928,1,True,0.008,Gutmann College House -> Huntsman Hall -> Meyerson Hall
449,Gutmann College House,Meyerson Hall,No preference,60.0,exact_dynamic_programming,17.3,17.3,0.0,12.8284,45.0,57.8284,2,True,0.1599,Gutmann College House -> Huntsman Hall -> Van Pelt Library -> Meyerson Hall
449,Gutmann College House,Meyerson Hall,No preference,60.0,greedy_reward_per_minute,17.3,17.3,0.0,12.8284,45.0,57.8284,2,True,0.0164,Gutmann College House -> Huntsman Hall -> Van Pelt Library -> Meyerson Hall
449,Gutmann College House,Meyerson Hall,No preference,60.0,nearest,17.3,17.3,0.0,12.8284,45.0,57.8284,2,True,0.0099,Gutmann College House -> Huntsman Hall -> Van Pelt Library -> Meyerson Hall
450,Gutmann College House,Meyerson Hall,No preference,90.0,exact_dynamic_programming,26.3,26.3,0.0,19.0922,70.0,89.0922,3,True,0.2896,Gutmann College House -> Huntsman Hall -> Holman Biotech Commons -> Van Pelt Library -> Meyerson Hall
450,Gutmann College House,Meyerson Hall,No preference,90.0,greedy_reward_per_minute,25.8,26.3,1.9011,17.9033,65.0,82.9033,3,True,0.0219,Gutmann College House -> Huntsman Hall -> Van Pelt Library -> Levine Hall -> Meyerson Hall
450,Gutmann College House,Meyerson Hall,No preference,90.0,nearest,24.6,26.3,6.4639,14.563,70.0,84.563,3,True,0.0126,Gutmann College House -> Huntsman Hall -> Van Pelt Library -> Fisher Fine Arts Library -> Meyerson Hall
451,Gutmann College House,Claudia Cohen Hall,Quiet,45.0,exact_dynamic_programming,11.0,11.0,0.0,11.9638,25.0,36.9638,1,True,0.1488,Gutmann College House -> Van Pelt Library -> Claudia Cohen Hall
451,Gutmann College House,Claudia Cohen Hall,Quiet,45.0,greedy_reward_per_minute,11.0,11.0,0.0,11.9638,25.0,36.9638,1,True,0.013,Gutmann College House -> Van Pelt Library -> Claudia Cohen Hall
451,Gutmann College House,Claudia Cohen Hall,Quiet,45.0,nearest,4.8,11.0,56.3636,12.5747,20.0,32.5747,1,True,0.008,Gutmann College House -> Huntsman Hall -> Claudia Cohen Hall
452,Gutmann College House,Claudia Cohen Hall,Quiet,60.0,exact_dynamic_programming,15.8,15.8,0.0,13.4168,45.0,58.4168,2,True,0.1649,Gutmann College House -> Huntsman Hall -> Van Pelt Library -> Claudia Cohen Hall
452,Gutmann College House,Claudia Cohen Hall,Quiet,60.0,greedy_reward_per_minute,15.6,15.8,1.2658,13.774,45.0,58.774,2,True,0.0155,Gutmann College House -> Van Pelt Library -> Houston Hall -> Claudia Cohen Hall
452,Gutmann College House,Claudia Cohen Hall,Quiet,60.0,nearest,15.8,15.8,0.0,13.4168,45.0,58.4168,2,True,0.0093,Gutmann College House -> Huntsman Hall -> Van Pelt Library -> Claudia Cohen Hall
453,Gutmann College House,Claudia Cohen Hall,Quiet,90.0,exact_dynamic_programming,28.8,28.8,0.0,19.5324,70.0,89.5324,3,True,0.2559,Gutmann College House -> Van Pelt Library -> Levine Hall -> Fisher Fine Arts Library -> Claudia Cohen Hall
453,Gutmann College House,Claudia Cohen Hall,Quiet,90.0,greedy_reward_per_minute,28.6,28.8,0.6944,19.7511,70.0,89.7511,3,True,0.0192,Gutmann College House -> Van Pelt Library -> Fisher Fine Arts Library -> Towne Building -> Claudia Cohen Hall
453,Gutmann College House,Claudia Cohen Hall,Quiet,90.0,nearest,26.6,28.8,7.6389,15.2369,70.0,85.2369,3,True,0.0113,Gutmann College House -> Huntsman Hall -> Van Pelt Library -> Fisher Fine Arts Library -> Claudia Cohen Hall
454,Gutmann College House,Claudia Cohen Hall,Collaborative,45.0,exact_dynamic_programming,10.8,10.8,0.0,12.5747,20.0,32.5747,1,True,0.1492,Gutmann College House -> Huntsman Hall -> Claudia Cohen Hall
454,Gutmann College House,Claudia Cohen Hall,Collaborative,45.0,greedy_reward_per_minute,10.6,10.8,1.8519,11.8507,20.0,31.8507,1,True,0.0123,Gutmann College House -> Houston Hall -> Claudia Cohen Hall
454,Gutmann College House,Claudia Cohen Hall,Collaborative,45.0,nearest,10.8,10.8,0.0,12.5747,20.0,32.5747,1,True,0.0077,Gutmann College House -> Huntsman Hall -> Claudia Cohen Hall
455,Gutmann College House,Claudia Cohen Hall,Collaborative,60.0,exact_dynamic_programming,21.4,21.4,0.0,14.3848,40.0,54.3848,2,True,0.1625,Gutmann College House -> Huntsman Hall -> Houston Hall -> Claudia Cohen Hall
455,Gutmann College House,Claudia Cohen Hall,Collaborative,60.0,greedy_reward_per_minute,17.4,21.4,18.6916,19.8672,40.0,59.8672,2,True,0.0149,Gutmann College House -> Houston Hall -> Towne Building -> Claudia Cohen Hall
455,Gutmann College House,Claudia Cohen Hall,Collaborative,60.0,nearest,17.8,21.4,16.8224,13.4168,45.0,58.4168,2,True,0.0097,Gutmann College House -> Huntsman Hall -> Van Pelt Library -> Claudia Cohen Hall
456,Gutmann College House,Claudia Cohen Hall,Collaborative,90.0,exact_dynamic_programming,30.4,30.4,0.0,19.8196,60.0,79.8196,3,True,0.2685,Gutmann College House -> Huntsman Hall -> Levine Hall -> Houston Hall -> Claudia Cohen Hall
456,Gutmann College House,Claudia Cohen Hall,Collaborative,90.0,greedy_reward_per_minute,28.4,30.4,6.5789,24.3559,65.0,89.3559,3,True,0.019,Gutmann College House -> Houston Hall -> Huntsman Hall -> Van Pelt Library -> Claudia Cohen Hall
456,Gutmann College House,Claudia Cohen Hall,Collaborative,90.0,nearest,22.6,30.4,25.6579,15.2369,70.0,85.2369,3,True,0.0116,Gutmann College House -> Huntsman Hall -> Van Pelt Library -> Fisher Fine Arts Library -> Claudia Cohen Hall
457,Gutmann College House,Claudia Cohen Hall,Coffee nearby,45.0,exact_dynamic_programming,10.6,10.6,0.0,11.8507,20.0,31.8507,1,True,0.1546,Gutmann College House -> Houston Hall -> Claudia Cohen Hall
457,Gutmann College House,Claudia Cohen Hall,Coffee nearby,45.0,greedy_reward_per_minute,10.6,10.6,0.0,11.8507,20.0,31.8507,1,True,0.0122,Gutmann College House -> Houston Hall -> Claudia Cohen Hall
457,Gutmann College House,Claudia Cohen Hall,Coffee nearby,45.0,nearest,8.8,10.6,16.9811,12.5747,20.0,32.5747,1,True,0.0078,Gutmann College House -> Huntsman Hall -> Claudia Cohen Hall
458,Gutmann College House,Claudia Cohen Hall,Coffee nearby,60.0,exact_dynamic_programming,19.4,19.4,0.0,14.3848,40.0,54.3848,2,True,0.1685,Gutmann College House -> Huntsman Hall -> Houston Hall -> Claudia Cohen Hall
458,Gutmann College House,Claudia Cohen Hall,Coffee nearby,60.0,greedy_reward_per_minute,15.4,19.4,20.6186,14.5925,45.0,59.5925,2,True,0.0152,Gutmann College House -> Houston Hall -> Fisher Fine Arts Library -> Claudia Cohen Hall
458,Gutmann College House,Claudia Cohen Hall,Coffee nearby,60.0,nearest,15.8,19.4,18.5567,13.4168,45.0,58.4168,2,True,0.0131,Gutmann College House -> Huntsman Hall -> Van Pelt Library -> Claudia Cohen Hall
459,Gutmann College House,Claudia Cohen Hall,Coffee nearby,90.0,exact_dynamic_programming,26.4,26.4,0.0,19.8196,60.0,79.8196,3,True,0.2694,Gutmann College House -> Huntsman Hall -> Levine Hall -> Houston Hall -> Claudia Cohen Hall
459,Gutmann College House,Claudia Cohen Hall,Coffee nearby,90.0,greedy_reward_per_minute,26.4,26.4,0.0,24.3559,65.0,89.3559,3,True,0.0185,Gutmann College House -> Houston Hall -> Huntsman Hall -> Van Pelt Library -> Claudia Cohen Hall
459,Gutmann College House,Claudia Cohen Hall,Coffee nearby,90.0,nearest,20.6,26.4,21.9697,15.2369,70.0,85.2369,3,True,0.0119,Gutmann College House -> Huntsman Hall -> Van Pelt Library -> Fisher Fine Arts Library -> Claudia Cohen Hall
460,Gutmann College House,Claudia Cohen Hall,Power outlets,45.0,exact_dynamic_programming,11.0,11.0,0.0,11.9638,25.0,36.9638,1,True,0.1609,Gutmann College House -> Van Pelt Library -> Claudia Cohen Hall
460,Gutmann College House,Claudia Cohen Hall,Power outlets,45.0,greedy_reward_per_minute,11.0,11.0,0.0,11.9638,25.0,36.9638,1,True,0.0125,Gutmann College House -> Van Pelt Library -> Claudia Cohen Hall
460,Gutmann College House,Claudia Cohen Hall,Power outlets,45.0,nearest,8.8,11.0,20.0,12.5747,20.0,32.5747,1,True,0.0077,Gutmann College House -> Huntsman Hall -> Claudia Cohen Hall
461,Gutmann College House,Claudia Cohen Hall,Power outlets,60.0,exact_dynamic_programming,19.8,19.8,0.0,13.4168,45.0,58.4168,2,True,0.1734,Gutmann College House -> Huntsman Hall -> Van Pelt Library -> Claudia Cohen Hall
461,Gutmann College House,Claudia Cohen Hall,Power outlets,60.0,greedy_reward_per_minute,17.6,19.8,11.1111,13.774,45.0,58.774,2,True,0.0152,Gutmann College House -> Van Pelt Library -> Houston Hall -> Claudia Cohen Hall
461,Gutmann College House,Claudia Cohen Hall,Power outlets,60.0,nearest,19.8,19.8,0.0,13.4168,45.0,58.4168,2,True,0.0097,Gutmann College House -> Huntsman Hall -> Van Pelt Library -> Claudia Cohen Hall
462,Gutmann College House,Claudia Cohen Hall,Power outlets,90.0,exact_dynamic_programming,30.8,30.8,0.0,20.2307,65.0,85.2307,3,True,0.2732,Gutmann College House -> Huntsman Hall -> Levine Hall -> Van Pelt Library -> Claudia Cohen Hall
462,Gutmann College House,Claudia Cohen Hall,Power outlets,90.0,greedy_reward_per_minute,30.8,30.8,0.0,20.8848,65.0,85.8848,3,True,0.0236,Gutmann College House -> Van Pelt Library -> Levine Hall -> Towne Building -> Claudia Cohen Hall
462,Gutmann College House,Claudia Cohen Hall,Power outlets,90.0,nearest,28.6,30.8,7.1429,15.2369,70.0,85.2369,3,True,0.0121,Gutmann College House -> Huntsman Hall -> Van Pelt Library -> Fisher Fine Arts Library -> Claudia Cohen Hall
463,Gutmann College House,Claudia Cohen Hall,No preference,45.0,exact_dynamic_programming,9.0,9.0,0.0,11.9638,25.0,36.9638,1,True,0.1478,Gutmann College House -> Van Pelt Library -> Claudia Cohen Hall
463,Gutmann College House,Claudia Cohen Hall,No preference,45.0,greedy_reward_per_minute,8.1,9.0,10.0,11.8507,20.0,31.8507,1,True,0.0132,Gutmann College House -> Houston Hall -> Claudia Cohen Hall
463,Gutmann College House,Claudia Cohen Hall,No preference,45.0,nearest,8.3,9.0,7.7778,12.5747,20.0,32.5747,1,True,0.0079,Gutmann College House -> Huntsman Hall -> Claudia Cohen Hall
464,Gutmann College House,Claudia Cohen Hall,No preference,60.0,exact_dynamic_programming,17.3,17.3,0.0,13.4168,45.0,58.4168,2,True,0.1654,Gutmann College House -> Huntsman Hall -> Van Pelt Library -> Claudia Cohen Hall
464,Gutmann College House,Claudia Cohen Hall,No preference,60.0,greedy_reward_per_minute,15.4,17.3,10.9827,14.5925,45.0,59.5925,2,True,0.0164,Gutmann College House -> Houston Hall -> Fisher Fine Arts Library -> Claudia Cohen Hall
464,Gutmann College House,Claudia Cohen Hall,No preference,60.0,nearest,17.3,17.3,0.0,13.4168,45.0,58.4168,2,True,0.0103,Gutmann College House -> Huntsman Hall -> Van Pelt Library -> Claudia Cohen Hall
465,Gutmann College House,Claudia Cohen Hall,No preference,90.0,exact_dynamic_programming,26.3,26.3,0.0,19.6806,70.0,89.6806,3,True,0.296,Gutmann College House -> Huntsman Hall -> Holman Biotech Commons -> Van Pelt Library -> Claudia Cohen Hall
465,Gutmann College House,Claudia Cohen Hall,No preference,90.0,greedy_reward_per_minute,25.6,26.3,2.6616,22.6356,65.0,87.6356,3,True,0.0215,Gutmann College House -> Houston Hall -> Van Pelt Library -> Levine Hall -> Claudia Cohen Hall
465,Gutmann College House,Claudia Cohen Hall,No preference,90.0,nearest,24.6,26.3,6.4639,15.2369,70.0,85.2369,3,True,0.0122,Gutmann College House -> Huntsman Hall -> Van Pelt Library -> Fisher Fine Arts Library -> Claudia Cohen Hall
466,Gutmann College House,Annenberg School of Communication,Quiet,45.0,exact_dynamic_programming,11.0,11.0,0.0,11.8036,25.0,36.8036,1,True,0.1567,Gutmann College House -> Van Pelt Library -> Annenberg School of Communication
466,Gutmann College House,Annenberg School of Communication,Quiet,45.0,greedy_reward_per_minute,11.0,11.0,0.0,11.8036,25.0,36.8036,1,True,0.0133,Gutmann College House -> Van Pelt Library -> Annenberg School of Communication
466,Gutmann College House,Annenberg School of Communication,Quiet,45.0,nearest,4.8,11.0,56.3636,9.6144,20.0,29.6144,1,True,0.0084,Gutmann College House -> Huntsman Hall -> Annenberg School of Communication
467,Gutmann College House,Annenberg School of Communication,Quiet,60.0,exact_dynamic_programming,15.8,15.8,0.0,13.2566,45.0,58.2566,2,True,0.1605,Gutmann College House -> Huntsman Hall -> Van Pelt Library -> Annenberg School of Communication
467,Gutmann College House,Annenberg School of Communication,Quiet,60.0,greedy_reward_per_minute,11.0,15.8,30.3797,11.8036,25.0,36.8036,1,True,0.0135,Gutmann College House -> Van Pelt Library -> Annenberg School of Communication
467,Gutmann College House,Annenberg School of Communication,Quiet,60.0,nearest,15.8,15.8,0.0,13.2566,45.0,58.2566,2,True,0.0103,Gutmann College House -> Huntsman Hall -> Van Pelt Library -> Annenberg School of Communication
468,Gutmann College House,Annenberg School of Communication,Quiet,90.0,exact_dynamic_programming,28.8,28.8,0.0,19.9863,70.0,89.9863,3,True,0.2599,Gutmann College House -> Fisher Fine Arts Library -> Levine Hall -> Van Pelt Library -> Annenberg School of Communication
468,Gutmann College House,Annenberg School of Communication,Quiet,90.0,greedy_reward_per_minute,26.4,28.8,8.3333,17.3109,70.0,87.3109,3,True,0.0193,Gutmann College House -> Van Pelt Library -> Fisher Fine Arts Library -> Houston Hall -> Annenberg School of Communication
468,Gutmann College House,Annenberg School of Communication,Quiet,90.0,nearest,26.6,28.8,7.6389,16.6774,70.0,86.6774,3,True,0.0118,Gutmann College House -> Huntsman Hall -> Van Pelt Library -> Fisher Fine Arts Library -> Annenberg School of Communication
469,Gutmann College House,Annenberg School of Communication,Collaborative,45.0,exact_dynamic_programming,10.8,10.8,0.0,9.6144,20.0,29.6144,1,True,0.1468,Gutmann College House -> Huntsman Hall -> Annenberg School of Communication
469,Gutmann College House,Annenberg School of Communication,Collaborative,45.0,greedy_reward_per_minute,10.8,10.8,0.0,9.6144,20.0,29.6144,1,True,0.0121,Gutmann College House -> Huntsman Hall -> Annenberg School of Communication
469,Gutmann College House,Annenberg School of Communication,Collaborative,45.0,nearest,10.8,10.8,0.0,9.6144,20.0,29.6144,1,True,0.0076,Gutmann College House -> Huntsman Hall -> Annenberg School of Communication
470,Gutmann College House,Annenberg School of Communication,Collaborative,60.0,exact_dynamic_programming,21.4,21.4,0.0,17.3366,40.0,57.3366,2,True,0.1543,Gutmann College House -> Huntsman Hall -> Houston Hall -> Annenberg School of Communication
470,Gutmann College House,Annenberg School of Communication,Collaborative,60.0,greedy_reward_per_minute,21.4,21.4,0.0,17.3366,40.0,57.3366,2,True,0.0155,Gutmann College House -> Huntsman Hall -> Houston Hall -> Annenberg School of Communication
470,Gutmann College House,Annenberg School of Communication,Collaborative,60.0,nearest,17.8,21.4,16.8224,13.2566,45.0,58.2566,2,True,0.0096,Gutmann College House -> Huntsman Hall -> Van Pelt Library -> Annenberg School of Communication
471,Gutmann College House,Annenberg School of Communication,Collaborative,90.0,exact_dynamic_programming,30.4,30.4,0.0,22.7714,60.0,82.7714,3,True,0.2517,Gutmann College House -> Huntsman Hall -> Levine Hall -> Houston Hall -> Annenberg School of Communication
471,Gutmann College House,Annenberg School of Communication,Collaborative,90.0,greedy_reward_per_minute,30.4,30.4,0.0,23.4823,60.0,83.4823,3,True,0.0206,Gutmann College House -> Huntsman Hall -> Houston Hall -> Levine Hall -> Annenberg School of Communication
471,Gutmann College House,Annenberg School of Communication,Collaborative,90.0,nearest,22.6,30.4,25.6579,16.6774,70.0,86.6774,3,True,0.0117,Gutmann College House -> Huntsman Hall -> Van Pelt Library -> Fisher Fine Arts Library -> Annenberg School of Communication
472,Gutmann College House,Annenberg School of Communication,Coffee nearby,45.0,exact_dynamic_programming,10.6,10.6,0.0,14.8025,20.0,34.8025,1,True,0.1451,Gutmann College House -> Houston Hall -> Annenberg School of Communication
472,Gutmann College House,Annenberg School of Communication,Coffee nearby,45.0,greedy_reward_per_minute,8.8,10.6,16.9811,9.6144,20.0,29.6144,1,True,0.0127,Gutmann College House -> Huntsman Hall -> Annenberg School of Communication
472,Gutmann College House,Annenberg School of Communication,Coffee nearby,45.0,nearest,8.8,10.6,16.9811,9.6144,20.0,29.6144,1,True,0.0076,Gutmann College House -> Huntsman Hall -> Annenberg School of Communication
473,Gutmann College House,Annenberg School of Communication,Coffee nearby,60.0,exact_dynamic_programming,19.4,19.4,0.0,17.3366,40.0,57.3366,2,True,0.1537,Gutmann College House -> Huntsman Hall -> Houston Hall -> Annenberg School of Communication
473,Gutmann College House,Annenberg School of Communication,Coffee nearby,60.0,greedy_reward_per_minute,19.4,19.4,0.0,17.3366,40.0,57.3366,2,True,0.0153,Gutmann College House -> Huntsman Hall -> Houston Hall -> Annenberg School of Communication
473,Gutmann College House,Annenberg School of Communication,Coffee nearby,60.0,nearest,15.8,19.4,18.5567,13.2566,45.0,58.2566,2,True,0.0097,Gutmann College House -> Huntsman Hall -> Van Pelt Library -> Annenberg School of Communication
474,Gutmann College House,Annenberg School of Communication,Coffee nearby,90.0,exact_dynamic_programming,26.4,26.4,0.0,22.7714,60.0,82.7714,3,True,0.2479,Gutmann College House -> Huntsman Hall -> Levine Hall -> Houston Hall -> Annenberg School of Communication
474,Gutmann College House,Annenberg School of Communication,Coffee nearby,90.0,greedy_reward_per_minute,26.4,26.4,0.0,17.982,65.0,82.982,3,True,0.0201,Gutmann College House -> Huntsman Hall -> Houston Hall -> Van Pelt Library -> Annenberg School of Communication
474,Gutmann College House,Annenberg School of Communication,Coffee nearby,90.0,nearest,20.6,26.4,21.9697,16.6774,70.0,86.6774,3,True,0.0115,Gutmann College House -> Huntsman Hall -> Van Pelt Library -> Fisher Fine Arts Library -> Annenberg School of Communication
475,Gutmann College House,Annenberg School of Communication,Power outlets,45.0,exact_dynamic_programming,11.0,11.0,0.0,11.8036,25.0,36.8036,1,True,0.1452,Gutmann College House -> Van Pelt Library -> Annenberg School of Communication
475,Gutmann College House,Annenberg School of Communication,Power outlets,45.0,greedy_reward_per_minute,8.8,11.0,20.0,9.6144,20.0,29.6144,1,True,0.0129,Gutmann College House -> Huntsman Hall -> Annenberg School of Communication
475,Gutmann College House,Annenberg School of Communication,Power outlets,45.0,nearest,8.8,11.0,20.0,9.6144,20.0,29.6144,1,True,0.0079,Gutmann College House -> Huntsman Hall -> Annenberg School of Communication
476,Gutmann College House,Annenberg School of Communication,Power outlets,60.0,exact_dynamic_programming,19.8,19.8,0.0,13.2566,45.0,58.2566,2,True,0.157,Gutmann College House -> Huntsman Hall -> Van Pelt Library -> Annenberg School of Communication
476,Gutmann College House,Annenberg School of Communication,Power outlets,60.0,greedy_reward_per_minute,19.8,19.8,0.0,13.2566,45.0,58.2566,2,True,0.0164,Gutmann College House -> Huntsman Hall -> Van Pelt Library -> Annenberg School of Communication
476,Gutmann College House,Annenberg School of Communication,Power outlets,60.0,nearest,19.8,19.8,0.0,13.2566,45.0,58.2566,2,True,0.0099,Gutmann College House -> Huntsman Hall -> Van Pelt Library -> Annenberg School of Communication
477,Gutmann College House,Annenberg School of Communication,Power outlets,90.0,exact_dynamic_programming,30.8,30.8,0.0,20.0705,65.0,85.0705,3,True,0.2475,Gutmann College House -> Huntsman Hall -> Levine Hall -> Van Pelt Library -> Annenberg School of Communication
477,Gutmann College House,Annenberg School of Communication,Power outlets,90.0,greedy_reward_per_minute,30.8,30.8,0.0,20.9782,65.0,85.9782,3,True,0.0199,Gutmann College House -> Huntsman Hall -> Van Pelt Library -> Levine Hall -> Annenberg School of Communication
477,Gutmann College House,Annenberg School of Communication,Power outlets,90.0,nearest,28.6,30.8,7.1429,16.6774,70.0,86.6774,3,True,0.0115,Gutmann College House -> Huntsman Hall -> Van Pelt Library -> Fisher Fine Arts Library -> Annenberg School of Communication
478,Gutmann College House,Annenberg School of Communication,No preference,45.0,exact_dynamic_programming,9.0,9.0,0.0,11.8036,25.0,36.8036,1,True,0.1538,Gutmann College House -> Van Pelt Library -> Annenberg School of Communication
478,Gutmann College House,Annenberg School of Communication,No preference,45.0,greedy_reward_per_minute,8.3,9.0,7.7778,9.6144,20.0,29.6144,1,True,0.0138,Gutmann College House -> Huntsman Hall -> Annenberg School of Communication
478,Gutmann College House,Annenberg School of Communication,No preference,45.0,nearest,8.3,9.0,7.7778,9.6144,20.0,29.6144,1,True,0.0083,Gutmann College House -> Huntsman Hall -> Annenberg School of Communication
479,Gutmann College House,Annenberg School of Communication,No preference,60.0,exact_dynamic_programming,17.3,17.3,0.0,13.2566,45.0,58.2566,2,True,0.1631,Gutmann College House -> Huntsman Hall -> Van Pelt Library -> Annenberg School of Communication
479,Gutmann College House,Annenberg School of Communication,No preference,60.0,greedy_reward_per_minute,17.3,17.3,0.0,13.2566,45.0,58.2566,2,True,0.0171,Gutmann College House -> Huntsman Hall -> Van Pelt Library -> Annenberg School of Communication
479,Gutmann College House,Annenberg School of Communication,No preference,60.0,nearest,17.3,17.3,0.0,13.2566,45.0,58.2566,2,True,0.0102,Gutmann College House -> Huntsman Hall -> Van Pelt Library -> Annenberg School of Communication
480,Gutmann College House,Annenberg School of Communication,No preference,90.0,exact_dynamic_programming,26.3,26.3,0.0,19.5204,70.0,89.5204,3,True,0.2616,Gutmann College House -> Huntsman Hall -> Holman Biotech Commons -> Van Pelt Library -> Annenberg School of Communication
480,Gutmann College House,Annenberg School of Communication,No preference,90.0,greedy_reward_per_minute,25.4,26.3,3.4221,18.1788,65.0,83.1788,3,True,0.0202,Gutmann College House -> Huntsman Hall -> Van Pelt Library -> Houston Hall -> Annenberg School of Communication
480,Gutmann College House,Annenberg School of Communication,No preference,90.0,nearest,24.6,26.3,6.4639,16.6774,70.0,86.6774,3,True,0.0117,Gutmann College House -> Huntsman Hall -> Van Pelt Library -> Fisher Fine Arts Library -> Annenberg School of Communication
481,Hill College House,Towne Building,Quiet,45.0,exact_dynamic_programming,11.0,11.0,0.0,8.0448,25.0,33.0448,1,True,0.0759,Hill College House -> Van Pelt Library -> Towne Building
481,Hill College House,Towne Building,Quiet,45.0,greedy_reward_per_minute,10.8,11.0,1.8182,7.3988,25.0,32.3988,1,True,0.0118,Hill College House -> Fisher Fine Arts Library -> Towne Building
481,Hill College House,Towne Building,Quiet,45.0,nearest,7.0,11.0,36.3636,4.6824,20.0,24.6824,1,True,0.0072,Hill College House -> Levine Hall -> Towne Building
482,Hill College House,Towne Building,Quiet,60.0,exact_dynamic_programming,21.8,21.8,0.0,9.0851,50.0,59.0851,2,True,0.0974,Hill College House -> Van Pelt Library -> Fisher Fine Arts Library -> Towne Building
482,Hill College House,Towne Building,Quiet,60.0,greedy_reward_per_minute,21.8,21.8,0.0,9.7793,50.0,59.7793,2,True,0.0156,Hill College House -> Fisher Fine Arts Library -> Van Pelt Library -> Towne Building
482,Hill College House,Towne Building,Quiet,60.0,nearest,17.8,21.8,18.3486,9.2972,45.0,54.2972,2,True,0.0098,Hill College House -> Levine Hall -> Fisher Fine Arts Library -> Towne Building
483,Hill College House,Towne Building,Quiet,90.0,exact_dynamic_programming,28.8,28.8,0.0,11.4111,70.0,81.4111,3,True,0.1463,Hill College House -> Levine Hall -> Van Pelt Library -> Fisher Fine Arts Library -> Towne Building
483,Hill College House,Towne Building,Quiet,90.0,greedy_reward_per_minute,28.8,28.8,0.0,11.9533,70.0,81.9533,3,True,0.0181,Hill College House -> Fisher Fine Arts Library -> Van Pelt Library -> Levine Hall -> Towne Building
483,Hill College House,Towne Building,Quiet,90.0,nearest,22.4,28.8,22.2222,11.9217,65.0,76.9217,3,True,0.0108,Hill College House -> Levine Hall -> Fisher Fine Arts Library -> Houston Hall -> Towne Building
484,Hill College House,Towne Building,Collaborative,45.0,exact_dynamic_programming,10.8,10.8,0.0,16.3262,20.0,36.3262,1,True,0.0776,Hill College House -> Huntsman Hall -> Towne Building
484,Hill College House,Towne Building,Collaborative,45.0,greedy_reward_per_minute,9.0,10.8,16.6667,4.6824,20.0,24.6824,1,True,0.0118,Hill College House -> Levine Hall -> Towne Building
484,Hill College House,Towne Building,Collaborative,45.0,nearest,9.0,10.8,16.6667,4.6824,20.0,24.6824,1,True,0.0069,Hill College House -> Levine Hall -> Towne Building
485,Hill College House,Towne Building,Collaborative,60.0,exact_dynamic_programming,21.4,21.4,0.0,18.5683,40.0,58.5683,2,True,0.0922,Hill College House -> Huntsman Hall -> Houston Hall -> Towne Building
485,Hill College House,Towne Building,Collaborative,60.0,greedy_reward_per_minute,19.6,21.4,8.4112,11.2292,40.0,51.2292,2,True,0.0151,Hill College House -> Levine Hall -> Houston Hall -> Towne Building
485,Hill College House,Towne Building,Collaborative,60.0,nearest,13.8,21.4,35.514,9.2972,45.0,54.2972,2,True,0.0091,Hill College House -> Levine Hall -> Fisher Fine Arts Library -> Towne Building
486,Hill College House,Towne Building,Collaborative,90.0,exact_dynamic_programming,30.4,30.4,0.0,21.0089,60.0,81.0089,3,True,0.1453,Hill College House -> Huntsman Hall -> Houston Hall -> Levine Hall -> Towne Building
486,Hill College House,Towne Building,Collaborative,90.0,greedy_reward_per_minute,30.4,30.4,0.0,22.4603,60.0,82.4603,3,True,0.0181,Hill College House -> Levine Hall -> Houston Hall -> Huntsman Hall -> Towne Building
486,Hill College House,Towne Building,Collaborative,90.0,nearest,24.4,30.4,19.7368,11.9217,65.0,76.9217,3,True,0.0108,Hill College House -> Levine Hall -> Fisher Fine Arts Library -> Houston Hall -> Towne Building
487,Hill College House,Towne Building,Coffee nearby,45.0,exact_dynamic_programming,10.6,10.6,0.0,9.6946,20.0,29.6946,1,True,0.0758,Hill College House -> Houston Hall -> Towne Building
487,Hill College House,Towne Building,Coffee nearby,45.0,greedy_reward_per_minute,10.6,10.6,0.0,9.6946,20.0,29.6946,1,True,0.0113,Hill College House -> Houston Hall -> Towne Building
487,Hill College House,Towne Building,Coffee nearby,45.0,nearest,7.0,10.6,33.9623,4.6824,20.0,24.6824,1,True,0.0073,Hill College House -> Levine Hall -> Towne Building
488,Hill College House,Towne Building,Coffee nearby,60.0,exact_dynamic_programming,19.4,19.4,0.0,18.5683,40.0,58.5683,2,True,0.0961,Hill College House -> Huntsman Hall -> Houston Hall -> Towne Building
488,Hill College House,Towne Building,Coffee nearby,60.0,greedy_reward_per_minute,17.6,19.4,9.2784,12.1352,40.0,52.1352,2,True,0.0143,Hill College House -> Houston Hall -> Levine Hall -> Towne Building
488,Hill College House,Towne Building,Coffee nearby,60.0,nearest,11.8,19.4,39.1753,9.2972,45.0,54.2972,2,True,0.0092,Hill College House -> Levine Hall -> Fisher Fine Arts Library -> Towne Building
489,Hill College House,Towne Building,Coffee nearby,90.0,exact_dynamic_programming,26.4,26.4,0.0,21.0089,60.0,81.0089,3,True,0.143,Hill College House -> Huntsman Hall -> Houston Hall -> Levine Hall -> Towne Building
489,Hill College House,Towne Building,Coffee nearby,90.0,greedy_reward_per_minute,26.4,26.4,0.0,26.3605,60.0,86.3605,3,True,0.0177,Hill College House -> Houston Hall -> Levine Hall -> Huntsman Hall -> Towne Building
489,Hill College House,Towne Building,Coffee nearby,90.0,nearest,22.4,26.4,15.1515,11.9217,65.0,76.9217,3,True,0.0108,Hill College House -> Levine Hall -> Fisher Fine Arts Library -> Houston Hall -> Towne Building
490,Hill College House,Towne Building,Power outlets,45.0,exact_dynamic_programming,11.0,11.0,0.0,4.6824,20.0,24.6824,1,True,0.0891,Hill College House -> Levine Hall -> Towne Building
490,Hill College House,Towne Building,Power outlets,45.0,greedy_reward_per_minute,11.0,11.0,0.0,4.6824,20.0,24.6824,1,True,0.0115,Hill College House -> Levine Hall -> Towne Building
490,Hill College House,Towne Building,Power outlets,45.0,nearest,11.0,11.0,0.0,4.6824,20.0,24.6824,1,True,0.0071,Hill College House -> Levine Hall -> Towne Building
491,Hill College House,Towne Building,Power outlets,60.0,exact_dynamic_programming,22.0,22.0,0.0,10.2188,45.0,55.2188,2,True,0.0928,Hill College House -> Van Pelt Library -> Levine Hall -> Towne Building
491,Hill College House,Towne Building,Power outlets,60.0,greedy_reward_per_minute,22.0,22.0,0.0,10.3708,45.0,55.3708,2,True,0.0146,Hill College House -> Levine Hall -> Van Pelt Library -> Towne Building
491,Hill College House,Towne Building,Power outlets,60.0,nearest,19.8,22.0,10.0,9.2972,45.0,54.2972,2,True,0.0095,Hill College House -> Levine Hall -> Fisher Fine Arts Library -> Towne Building
492,Hill College House,Towne Building,Power outlets,90.0,exact_dynamic_programming,30.8,30.8,0.0,11.4111,70.0,81.4111,3,True,0.1427,Hill College House -> Levine Hall -> Van Pelt Library -> Fisher Fine Arts Library -> Towne Building
492,Hill College House,Towne Building,Power outlets,90.0,greedy_reward_per_minute,30.8,30.8,0.0,11.4111,70.0,81.4111,3,True,0.0173,Hill College House -> Levine Hall -> Van Pelt Library -> Fisher Fine Arts Library -> Towne Building
492,Hill College House,Towne Building,Power outlets,90.0,nearest,26.4,30.8,14.2857,11.9217,65.0,76.9217,3,True,0.0107,Hill College House -> Levine Hall -> Fisher Fine Arts Library -> Houston Hall -> Towne Building
493,Hill College House,Towne Building,No preference,45.0,exact_dynamic_programming,9.0,9.0,0.0,8.0448,25.0,33.0448,1,True,0.0808,Hill College House -> Van Pelt Library -> Towne Building
493,Hill College House,Towne Building,No preference,45.0,greedy_reward_per_minute,8.5,9.0,5.5556,4.6824,20.0,24.6824,1,True,0.013,Hill College House -> Levine Hall -> Towne Building
493,Hill College House,Towne Building,No preference,45.0,nearest,8.5,9.0,5.5556,4.6824,20.0,24.6824,1,True,0.0076,Hill College House -> Levine Hall -> Towne Building
494,Hill College House,Towne Building,No preference,60.0,exact_dynamic_programming,17.5,17.5,0.0,10.2188,45.0,55.2188,2,True,0.097,Hill College House -> Van Pelt Library -> Levine Hall -> Towne Building
494,Hill College House,Towne Building,No preference,60.0,greedy_reward_per_minute,16.6,17.5,5.1429,11.2292,40.0,51.2292,2,True,0.0167,Hill College House -> Levine Hall -> Houston Hall -> Towne Building
494,Hill College House,Towne Building,No preference,60.0,nearest,15.8,17.5,9.7143,9.2972,45.0,54.2972,2,True,0.0099,Hill College House -> Levine Hall -> Fisher Fine Arts Library -> Towne Building
495,Hill College House,Towne Building,No preference,90.0,exact_dynamic_programming,26.1,26.1,0.0,19.3502,70.0,89.3502,3,True,0.1516,Hill College House -> Van Pelt Library -> Holman Biotech Commons -> Houston Hall -> Towne Building
495,Hill College House,Towne Building,No preference,90.0,greedy_reward_per_minute,25.6,26.1,1.9157,13.7171,65.0,78.7171,3,True,0.0198,Hill College House -> Levine Hall -> Houston Hall -> Van Pelt Library -> Towne Building
495,Hill College House,Towne Building,No preference,90.0,nearest,23.9,26.1,8.4291,11.9217,65.0,76.9217,3,True,0.0148,Hill College House -> Levine Hall -> Fisher Fine Arts Library -> Houston Hall -> Towne Building
496,Hill College House,Moore School Building,Quiet,45.0,exact_dynamic_programming,11.0,11.0,0.0,8.4723,25.0,33.4723,1,True,0.1841,Hill College House -> Van Pelt Library -> Moore School Building
496,Hill College House,Moore School Building,Quiet,45.0,greedy_reward_per_minute,11.0,11.0,0.0,8.4723,25.0,33.4723,1,True,0.0132,Hill College House -> Van Pelt Library -> Moore School Building
496,Hill College House,Moore School Building,Quiet,45.0,nearest,7.0,11.0,36.3636,4.1844,20.0,24.1844,1,True,0.0097,Hill College House -> Levine Hall -> Moore School Building
497,Hill College House,Moore School Building,Quiet,60.0,exact_dynamic_programming,18.0,18.0,0.0,9.7208,45.0,54.7208,2,True,0.1731,Hill College House -> Van Pelt Library -> Levine Hall -> Moore School Building
497,Hill College House,Moore School Building,Quiet,60.0,greedy_reward_per_minute,18.0,18.0,0.0,9.7208,45.0,54.7208,2,True,0.016,Hill College House -> Van Pelt Library -> Levine Hall -> Moore School Building
497,Hill College House,Moore School Building,Quiet,60.0,nearest,13.8,18.0,23.3333,6.7232,40.0,46.7232,2,True,0.0098,Hill College House -> Levine Hall -> Towne Building -> Moore School Building
498,Hill College House,Moore School Building,Quiet,90.0,exact_dynamic_programming,28.8,28.8,0.0,11.0277,70.0,81.0277,3,True,0.2747,Hill College House -> Van Pelt Library -> Fisher Fine Arts Library -> Levine Hall -> Moore School Building
498,Hill College House,Moore School Building,Quiet,90.0,greedy_reward_per_minute,28.8,28.8,0.0,11.0277,70.0,81.0277,3,True,0.019,Hill College House -> Van Pelt Library -> Fisher Fine Arts Library -> Levine Hall -> Moore School Building
498,Hill College House,Moore School Building,Quiet,90.0,nearest,24.6,28.8,14.5833,12.2862,65.0,77.2862,3,True,0.0118,Hill College House -> Levine Hall -> Towne Building -> Fisher Fine Arts Library -> Moore School Building
499,Hill College House,Moore School Building,Collaborative,45.0,exact_dynamic_programming,10.8,10.8,0.0,15.7099,20.0,35.7099,1,True,0.1466,Hill College House -> Huntsman Hall -> Moore School Building
499,Hill College House,Moore School Building,Collaborative,45.0,greedy_reward_per_minute,9.0,10.8,16.6667,4.1844,20.0,24.1844,1,True,0.0125,Hill College House -> Levine Hall -> Moore School Building
499,Hill College House,Moore School Building,Collaborative,45.0,nearest,9.0,10.8,16.6667,4.1844,20.0,24.1844,1,True,0.0085,Hill College House -> Levine Hall -> Moore School Building
500,Hill College House,Moore School Building,Collaborative,60.0,exact_dynamic_programming,19.8,19.8,0.0,16.9583,40.0,56.9583,2,True,0.1707,Hill College House -> Huntsman Hall -> Levine Hall -> Moore School Building
500,Hill College House,Moore School Building,Collaborative,60.0,greedy_reward_per_minute,19.6,19.8,1.0101,12.7148,40.0,52.7148,2,True,0.0163,Hill College House -> Levine Hall -> Houston Hall -> Moore School Building
500,Hill College House,Moore School Building,Collaborative,60.0,nearest,15.8,19.8,20.202,6.7232,40.0,46.7232,2,True,0.01,Hill College House -> Levine Hall -> Towne Building -> Moore School Building
501,Hill College House,Moore School Building,Collaborative,90.0,exact_dynamic_programming,30.4,30.4,0.0,20.5109,60.0,80.5109,3,True,0.27,Hill College House -> Huntsman Hall -> Houston Hall -> Levine Hall -> Moore School Building
501,Hill College House,Moore School Building,Collaborative,90.0,greedy_reward_per_minute,30.4,30.4,0.0,21.844,60.0,81.844,3,True,0.0199,Hill College House -> Levine Hall -> Houston Hall -> Huntsman Hall -> Moore School Building
501,Hill College House,Moore School Building,Collaborative,90.0,nearest,20.6,30.4,32.2368,12.2862,65.0,77.2862,3,True,0.0118,Hill College House -> Levine Hall -> Towne Building -> Fisher Fine Arts Library -> Moore School Building
502,Hill College House,Moore School Building,Coffee nearby,45.0,exact_dynamic_programming,10.6,10.6,0.0,11.1802,20.0,31.1802,1,True,0.1468,Hill College House -> Houston Hall -> Moore School Building
502,Hill College House,Moore School Building,Coffee nearby,45.0,greedy_reward_per_minute,10.6,10.6,0.0,11.1802,20.0,31.1802,1,True,0.0122,Hill College House -> Houston Hall -> Moore School Building
502,Hill College House,Moore School Building,Coffee nearby,45.0,nearest,7.0,10.6,33.9623,4.1844,20.0,24.1844,1,True,0.0083,Hill College House -> Levine Hall -> Moore School Building
503,Hill College House,Moore School Building,Coffee nearby,60.0,exact_dynamic_programming,17.6,17.6,0.0,11.6372,40.0,51.6372,2,True,0.1696,Hill College House -> Houston Hall -> Levine Hall -> Moore School Building
503,Hill College House,Moore School Building,Coffee nearby,60.0,greedy_reward_per_minute,17.6,17.6,0.0,11.6372,40.0,51.6372,2,True,0.0155,Hill College House -> Houston Hall -> Levine Hall -> Moore School Building
503,Hill College House,Moore School Building,Coffee nearby,60.0,nearest,11.8,17.6,32.9545,6.7232,40.0,46.7232,2,True,0.0098,Hill College House -> Levine Hall -> Towne Building -> Moore School Building
504,Hill College House,Moore School Building,Coffee nearby,90.0,exact_dynamic_programming,26.4,26.4,0.0,20.5109,60.0,80.5109,3,True,0.2668,Hill College House -> Huntsman Hall -> Houston Hall -> Levine Hall -> Moore School Building
504,Hill College House,Moore School Building,Coffee nearby,90.0,greedy_reward_per_minute,26.4,26.4,0.0,25.7442,60.0,85.7442,3,True,0.0193,Hill College House -> Houston Hall -> Levine Hall -> Huntsman Hall -> Moore School Building
504,Hill College House,Moore School Building,Coffee nearby,90.0,nearest,16.6,26.4,37.1212,12.2862,65.0,77.2862,3,True,0.0118,Hill College House -> Levine Hall -> Towne Building -> Fisher Fine Arts Library -> Moore School Building
505,Hill College House,Moore School Building,Power outlets,45.0,exact_dynamic_programming,11.0,11.0,0.0,4.1844,20.0,24.1844,1,True,0.1483,Hill College House -> Levine Hall -> Moore School Building
505,Hill College House,Moore School Building,Power outlets,45.0,greedy_reward_per_minute,11.0,11.0,0.0,4.1844,20.0,24.1844,1,True,0.0122,Hill College House -> Levine Hall -> Moore School Building
505,Hill College House,Moore School Building,Power outlets,45.0,nearest,11.0,11.0,0.0,4.1844,20.0,24.1844,1,True,0.0077,Hill College House -> Levine Hall -> Moore School Building
506,Hill College House,Moore School Building,Power outlets,60.0,exact_dynamic_programming,22.0,22.0,0.0,9.7208,45.0,54.7208,2,True,0.1697,Hill College House -> Van Pelt Library -> Levine Hall -> Moore School Building
506,Hill College House,Moore School Building,Power outlets,60.0,greedy_reward_per_minute,19.8,22.0,10.0,6.7232,40.0,46.7232,2,True,0.0158,Hill College House -> Levine Hall -> Towne Building -> Moore School Building
506,Hill College House,Moore School Building,Power outlets,60.0,nearest,19.8,22.0,10.0,6.7232,40.0,46.7232,2,True,0.0096,Hill College House -> Levine Hall -> Towne Building -> Moore School Building
507,Hill College House,Moore School Building,Power outlets,90.0,exact_dynamic_programming,30.8,30.8,0.0,11.8546,65.0,76.8546,3,True,0.2895,Hill College House -> Van Pelt Library -> Towne Building -> Levine Hall -> Moore School Building
507,Hill College House,Moore School Building,Power outlets,90.0,greedy_reward_per_minute,30.8,30.8,0.0,12.9321,65.0,77.9321,3,True,0.0211,Hill College House -> Levine Hall -> Towne Building -> Van Pelt Library -> Moore School Building
507,Hill College House,Moore School Building,Power outlets,90.0,nearest,28.6,30.8,7.1429,12.2862,65.0,77.2862,3,True,0.0121,Hill College House -> Levine Hall -> Towne Building -> Fisher Fine Arts Library -> Moore School Building
508,Hill College House,Moore School Building,No preference,45.0,exact_dynamic_programming,9.0,9.0,0.0,8.4723,25.0,33.4723,1,True,0.1569,Hill College House -> Van Pelt Library -> Moore School Building
508,Hill College House,Moore School Building,No preference,45.0,greedy_reward_per_minute,8.5,9.0,5.5556,4.1844,20.0,24.1844,1,True,0.0133,Hill College House -> Levine Hall -> Moore School Building
508,Hill College House,Moore School Building,No preference,45.0,nearest,8.5,9.0,5.5556,4.1844,20.0,24.1844,1,True,0.008,Hill College House -> Levine Hall -> Moore School Building
509,Hill College House,Moore School Building,No preference,60.0,exact_dynamic_programming,17.5,17.5,0.0,9.7208,45.0,54.7208,2,True,0.1915,Hill College House -> Van Pelt Library -> Levine Hall -> Moore School Building
509,Hill College House,Moore School Building,No preference,60.0,greedy_reward_per_minute,15.3,17.5,12.5714,6.7232,40.0,46.7232,2,True,0.0174,Hill College House -> Levine Hall -> Towne Building -> Moore School Building
509,Hill College House,Moore School Building,No preference,60.0,nearest,15.3,17.5,12.5714,6.7232,40.0,46.7232,2,True,0.0099,Hill College House -> Levine Hall -> Towne Building -> Moore School Building
510,Hill College House,Moore School Building,No preference,90.0,exact_dynamic_programming,25.8,25.8,0.0,18.0068,65.0,83.0068,3,True,0.2676,Hill College House -> Huntsman Hall -> Van Pelt Library -> Levine Hall -> Moore School Building
510,Hill College House,Moore School Building,No preference,90.0,greedy_reward_per_minute,23.4,25.8,9.3023,14.582,60.0,74.582,3,True,0.0346,Hill College House -> Levine Hall -> Towne Building -> Houston Hall -> Moore School Building
510,Hill College House,Moore School Building,No preference,90.0,nearest,22.6,25.8,12.4031,12.2862,65.0,77.2862,3,True,0.0125,Hill College House -> Levine Hall -> Towne Building -> Fisher Fine Arts Library -> Moore School Building
511,Hill College House,Levine Hall,Quiet,45.0,exact_dynamic_programming,11.0,11.0,0.0,8.0649,25.0,33.0649,1,True,0.0782,Hill College House -> Van Pelt Library -> Levine Hall
511,Hill College House,Levine Hall,Quiet,45.0,greedy_reward_per_minute,11.0,11.0,0.0,8.0649,25.0,33.0649,1,True,0.0118,Hill College House -> Van Pelt Library -> Levine Hall
511,Hill College House,Levine Hall,Quiet,45.0,nearest,6.8,11.0,38.1818,5.0673,20.0,25.0673,1,True,0.008,Hill College House -> Towne Building -> Levine Hall
512,Hill College House,Levine Hall,Quiet,60.0,exact_dynamic_programming,21.8,21.8,0.0,9.3718,50.0,59.3718,2,True,0.0958,Hill College House -> Van Pelt Library -> Fisher Fine Arts Library -> Levine Hall
512,Hill College House,Levine Hall,Quiet,60.0,greedy_reward_per_minute,21.8,21.8,0.0,9.3718,50.0,59.3718,2,True,0.0146,Hill College House -> Van Pelt Library -> Fisher Fine Arts Library -> Levine Hall
512,Hill College House,Levine Hall,Quiet,60.0,nearest,17.6,21.8,19.2661,9.6821,45.0,54.6821,2,True,0.0096,Hill College House -> Towne Building -> Fisher Fine Arts Library -> Levine Hall
513,Hill College House,Levine Hall,Quiet,90.0,exact_dynamic_programming,28.6,28.6,0.0,11.239,70.0,81.239,3,True,0.1428,Hill College House -> Van Pelt Library -> Fisher Fine Arts Library -> Towne Building -> Levine Hall
513,Hill College House,Levine Hall,Quiet,90.0,greedy_reward_per_minute,28.6,28.6,0.0,11.239,70.0,81.239,3,True,0.0174,Hill College House -> Van Pelt Library -> Fisher Fine Arts Library -> Towne Building -> Levine Hall
513,Hill College House,Levine Hall,Quiet,90.0,nearest,22.2,28.6,22.3776,12.3066,65.0,77.3066,3,True,0.0108,Hill College House -> Towne Building -> Fisher Fine Arts Library -> Houston Hall -> Levine Hall
514,Hill College House,Levine Hall,Collaborative,45.0,exact_dynamic_programming,10.8,10.8,0.0,15.3024,20.0,35.3024,1,True,0.0774,Hill College House -> Huntsman Hall -> Levine Hall
514,Hill College House,Levine Hall,Collaborative,45.0,greedy_reward_per_minute,10.6,10.8,1.8519,9.9813,20.0,29.9813,1,True,0.0153,Hill College House -> Houston Hall -> Levine Hall
514,Hill College House,Levine Hall,Collaborative,45.0,nearest,6.8,10.8,37.037,5.0673,20.0,25.0673,1,True,0.0076,Hill College House -> Towne Building -> Levine Hall
515,Hill College House,Levine Hall,Collaborative,60.0,exact_dynamic_programming,21.4,21.4,0.0,18.855,40.0,58.855,2,True,0.0926,Hill College House -> Huntsman Hall -> Houston Hall -> Levine Hall
515,Hill College House,Levine Hall,Collaborative,60.0,greedy_reward_per_minute,21.4,21.4,0.0,19.9019,40.0,59.9019,2,True,0.015,Hill College House -> Houston Hall -> Huntsman Hall -> Levine Hall
515,Hill College House,Levine Hall,Collaborative,60.0,nearest,11.6,21.4,45.7944,9.6821,45.0,54.6821,2,True,0.0089,Hill College House -> Towne Building -> Fisher Fine Arts Library -> Levine Hall
516,Hill College House,Levine Hall,Collaborative,90.0,exact_dynamic_programming,30.4,30.4,0.0,22.9199,65.0,87.9199,3,True,0.1527,Hill College House -> Huntsman Hall -> Holman Biotech Commons -> Houston Hall -> Levine Hall
516,Hill College House,Levine Hall,Collaborative,90.0,greedy_reward_per_minute,28.2,30.4,7.2368,23.0796,60.0,83.0796,3,True,0.0183,Hill College House -> Houston Hall -> Huntsman Hall -> Towne Building -> Levine Hall
516,Hill College House,Levine Hall,Collaborative,90.0,nearest,22.2,30.4,26.9737,12.3066,65.0,77.3066,3,True,0.0105,Hill College House -> Towne Building -> Fisher Fine Arts Library -> Houston Hall -> Levine Hall
517,Hill College House,Levine Hall,Coffee nearby,45.0,exact_dynamic_programming,10.6,10.6,0.0,9.9813,20.0,29.9813,1,True,0.0764,Hill College House -> Houston Hall -> Levine Hall
517,Hill College House,Levine Hall,Coffee nearby,45.0,greedy_reward_per_minute,10.6,10.6,0.0,9.9813,20.0,29.9813,1,True,0.0115,Hill College House -> Houston Hall -> Levine Hall
517,Hill College House,Levine Hall,Coffee nearby,45.0,nearest,4.8,10.6,54.717,5.0673,20.0,25.0673,1,True,0.0073,Hill College House -> Towne Building -> Levine Hall
518,Hill College House,Levine Hall,Coffee nearby,60.0,exact_dynamic_programming,19.4,19.4,0.0,18.855,40.0,58.855,2,True,0.0927,Hill College House -> Huntsman Hall -> Houston Hall -> Levine Hall
518,Hill College House,Levine Hall,Coffee nearby,60.0,greedy_reward_per_minute,19.4,19.4,0.0,19.9019,40.0,59.9019,2,True,0.0148,Hill College House -> Houston Hall -> Huntsman Hall -> Levine Hall
518,Hill College House,Levine Hall,Coffee nearby,60.0,nearest,9.6,19.4,50.5155,9.6821,45.0,54.6821,2,True,0.009,Hill College House -> Towne Building -> Fisher Fine Arts Library -> Levine Hall
519,Hill College House,Levine Hall,Coffee nearby,90.0,exact_dynamic_programming,26.4,26.4,0.0,19.6972,65.0,84.6972,3,True,0.1408,Hill College House -> Huntsman Hall -> Van Pelt Library -> Houston Hall -> Levine Hall
519,Hill College House,Levine Hall,Coffee nearby,90.0,greedy_reward_per_minute,26.4,26.4,0.0,20.9504,65.0,85.9504,3,True,0.0181,Hill College House -> Houston Hall -> Huntsman Hall -> Van Pelt Library -> Levine Hall
519,Hill College House,Levine Hall,Coffee nearby,90.0,nearest,20.2,26.4,23.4848,12.3066,65.0,77.3066,3,True,0.0108,Hill College House -> Towne Building -> Fisher Fine Arts Library -> Houston Hall -> Levine Hall
520,Hill College House,Levine Hall,Power outlets,45.0,exact_dynamic_programming,11.0,11.0,0.0,8.0649,25.0,33.0649,1,True,0.0767,Hill College House -> Van Pelt Library -> Levine Hall
520,Hill College House,Levine Hall,Power outlets,45.0,greedy_reward_per_minute,8.8,11.0,20.0,5.0673,20.0,25.0673,1,True,0.0114,Hill College House -> Towne Building -> Levine Hall
520,Hill College House,Levine Hall,Power outlets,45.0,nearest,8.8,11.0,20.0,5.0673,20.0,25.0673,1,True,0.0109,Hill College House -> Towne Building -> Levine Hall
521,Hill College House,Levine Hall,Power outlets,60.0,exact_dynamic_programming,19.8,19.8,0.0,10.1987,45.0,55.1987,2,True,0.0922,Hill College House -> Van Pelt Library -> Towne Building -> Levine Hall
521,Hill College House,Levine Hall,Power outlets,60.0,greedy_reward_per_minute,19.8,19.8,0.0,10.7557,45.0,55.7557,2,True,0.0151,Hill College House -> Towne Building -> Van Pelt Library -> Levine Hall
521,Hill College House,Levine Hall,Power outlets,60.0,nearest,17.6,19.8,11.1111,9.6821,45.0,54.6821,2,True,0.0093,Hill College House -> Towne Building -> Fisher Fine Arts Library -> Levine Hall
522,Hill College House,Levine Hall,Power outlets,90.0,exact_dynamic_programming,28.6,28.6,0.0,11.239,70.0,81.239,3,True,0.1452,Hill College House -> Van Pelt Library -> Fisher Fine Arts Library -> Towne Building -> Levine Hall
522,Hill College House,Levine Hall,Power outlets,90.0,greedy_reward_per_minute,28.6,28.6,0.0,12.0626,70.0,82.0626,3,True,0.0195,Hill College House -> Towne Building -> Van Pelt Library -> Fisher Fine Arts Library -> Levine Hall
522,Hill College House,Levine Hall,Power outlets,90.0,nearest,24.2,28.6,15.3846,12.3066,65.0,77.3066,3,True,0.0116,Hill College House -> Towne Building -> Fisher Fine Arts Library -> Houston Hall -> Levine Hall
523,Hill College House,Levine Hall,No preference,45.0,exact_dynamic_programming,9.0,9.0,0.0,8.0649,25.0,33.0649,1,True,0.0802,Hill College House -> Van Pelt Library -> Levine Hall
523,Hill College House,Levine Hall,No preference,45.0,greedy_reward_per_minute,6.8,9.0,24.4444,5.0673,20.0,25.0673,1,True,0.0128,Hill College House -> Towne Building -> Levine Hall
523,Hill College House,Levine Hall,No preference,45.0,nearest,6.8,9.0,24.4444,5.0673,20.0,25.0673,1,True,0.0075,Hill College House -> Towne Building -> Levine Hall
524,Hill College House,Levine Hall,No preference,60.0,exact_dynamic_programming,17.1,17.1,0.0,11.4112,45.0,56.4112,2,True,0.0984,Hill College House -> Van Pelt Library -> Houston Hall -> Levine Hall
524,Hill College House,Levine Hall,No preference,60.0,greedy_reward_per_minute,14.9,17.1,12.8655,11.6141,40.0,51.6141,2,True,0.0161,Hill College House -> Towne Building -> Houston Hall -> Levine Hall
524,Hill College House,Levine Hall,No preference,60.0,nearest,14.1,17.1,17.5439,9.6821,45.0,54.6821,2,True,0.0097,Hill College House -> Towne Building -> Fisher Fine Arts Library -> Levine Hall
525,Hill College House,Levine Hall,No preference,90.0,exact_dynamic_programming,26.1,26.1,0.0,19.6369,70.0,89.6369,3,True,0.148,Hill College House -> Van Pelt Library -> Holman Biotech Commons -> Houston Hall -> Levine Hall
525,Hill College House,Levine Hall,No preference,90.0,greedy_reward_per_minute,23.9,26.1,8.4291,13.8354,65.0,78.8354,3,True,0.0194,Hill College House -> Towne Building -> Houston Hall -> Van Pelt Library -> Levine Hall
525,Hill College House,Levine Hall,No preference,90.0,nearest,22.2,26.1,14.9425,12.3066,65.0,77.3066,3,True,0.0109,Hill College House -> Towne Building -> Fisher Fine Arts Library -> Houston Hall -> Levine Hall
526,Hill College House,David Rittenhouse Laboratory,Quiet,45.0,exact_dynamic_programming,11.0,11.0,0.0,8.7838,25.0,33.7838,1,True,0.1467,Hill College House -> Van Pelt Library -> David Rittenhouse Laboratory
526,Hill College House,David Rittenhouse Laboratory,Quiet,45.0,greedy_reward_per_minute,11.0,11.0,0.0,8.7838,25.0,33.7838,1,True,0.0131,Hill College House -> Van Pelt Library -> David Rittenhouse Laboratory
526,Hill College House,David Rittenhouse Laboratory,Quiet,45.0,nearest,7.0,11.0,36.3636,4.4959,20.0,24.4959,1,True,0.0084,Hill College House -> Levine Hall -> David Rittenhouse Laboratory
527,Hill College House,David Rittenhouse Laboratory,Quiet,60.0,exact_dynamic_programming,18.0,18.0,0.0,10.0323,45.0,55.0323,2,True,0.1712,Hill College House -> Van Pelt Library -> Levine Hall -> David Rittenhouse Laboratory
527,Hill College House,David Rittenhouse Laboratory,Quiet,60.0,greedy_reward_per_minute,18.0,18.0,0.0,10.0323,45.0,55.0323,2,True,0.0157,Hill College House -> Van Pelt Library -> Levine Hall -> David Rittenhouse Laboratory
527,Hill College House,David Rittenhouse Laboratory,Quiet,60.0,nearest,13.8,18.0,23.3333,6.9435,40.0,46.9435,2,True,0.0103,Hill College House -> Levine Hall -> Towne Building -> David Rittenhouse Laboratory
528,Hill College House,David Rittenhouse Laboratory,Quiet,90.0,exact_dynamic_programming,28.8,28.8,0.0,11.3392,70.0,81.3392,3,True,0.2684,Hill College House -> Van Pelt Library -> Fisher Fine Arts Library -> Levine Hall -> David Rittenhouse Laboratory
528,Hill College House,David Rittenhouse Laboratory,Quiet,90.0,greedy_reward_per_minute,28.8,28.8,0.0,11.3392,70.0,81.3392,3,True,0.0196,Hill College House -> Van Pelt Library -> Fisher Fine Arts Library -> Levine Hall -> David Rittenhouse Laboratory
528,Hill College House,David Rittenhouse Laboratory,Quiet,90.0,nearest,24.6,28.8,14.5833,12.5976,65.0,77.5976,3,True,0.0121,Hill College House -> Levine Hall -> Towne Building -> Fisher Fine Arts Library -> David Rittenhouse Laboratory
529,Hill College House,David Rittenhouse Laboratory,Collaborative,45.0,exact_dynamic_programming,10.8,10.8,0.0,16.0213,20.0,36.0213,1,True,0.146,Hill College House -> Huntsman Hall -> David Rittenhouse Laboratory
529,Hill College House,David Rittenhouse Laboratory,Collaborative,45.0,greedy_reward_per_minute,9.0,10.8,16.6667,4.4959,20.0,24.4959,1,True,0.0122,Hill College House -> Levine Hall -> David Rittenhouse Laboratory
529,Hill College House,David Rittenhouse Laboratory,Collaborative,45.0,nearest,9.0,10.8,16.6667,4.4959,20.0,24.4959,1,True,0.0077,Hill College House -> Levine Hall -> David Rittenhouse Laboratory
530,Hill College House,David Rittenhouse Laboratory,Collaborative,60.0,exact_dynamic_programming,19.8,19.8,0.0,17.2698,40.0,57.2698,2,True,0.1724,Hill College House -> Huntsman Hall -> Levine Hall -> David Rittenhouse Laboratory
530,Hill College House,David Rittenhouse Laboratory,Collaborative,60.0,greedy_reward_per_minute,19.6,19.8,1.0101,13.0263,40.0,53.0263,2,True,0.0165,Hill College House -> Levine Hall -> Houston Hall -> David Rittenhouse Laboratory
530,Hill College House,David Rittenhouse Laboratory,Collaborative,60.0,nearest,15.8,19.8,20.202,6.9435,40.0,46.9435,2,True,0.01,Hill College House -> Levine Hall -> Towne Building -> David Rittenhouse Laboratory
531,Hill College House,David Rittenhouse Laboratory,Collaborative,90.0,exact_dynamic_programming,30.4,30.4,0.0,20.8224,60.0,80.8224,3,True,0.2693,Hill College House -> Huntsman Hall -> Houston Hall -> Levine Hall -> David Rittenhouse Laboratory
531,Hill College House,David Rittenhouse Laboratory,Collaborative,90.0,greedy_reward_per_minute,30.4,30.4,0.0,22.1554,60.0,82.1554,3,True,0.0205,Hill College House -> Levine Hall -> Houston Hall -> Huntsman Hall -> David Rittenhouse Laboratory
531,Hill College House,David Rittenhouse Laboratory,Collaborative,90.0,nearest,20.6,30.4,32.2368,12.5976,65.0,77.5976,3,True,0.0117,Hill College House -> Levine Hall -> Towne Building -> Fisher Fine Arts Library -> David Rittenhouse Laboratory
532,Hill College House,David Rittenhouse Laboratory,Coffee nearby,45.0,exact_dynamic_programming,10.6,10.6,0.0,11.4917,20.0,31.4917,1,True,0.1466,Hill College House -> Houston Hall -> David Rittenhouse Laboratory
532,Hill College House,David Rittenhouse Laboratory,Coffee nearby,45.0,greedy_reward_per_minute,10.6,10.6,0.0,11.4917,20.0,31.4917,1,True,0.0128,Hill College House -> Houston Hall -> David Rittenhouse Laboratory
532,Hill College House,David Rittenhouse Laboratory,Coffee nearby,45.0,nearest,7.0,10.6,33.9623,4.4959,20.0,24.4959,1,True,0.008,Hill College House -> Levine Hall -> David Rittenhouse Laboratory
533,Hill College House,David Rittenhouse Laboratory,Coffee nearby,60.0,exact_dynamic_programming,17.6,17.6,0.0,11.9487,40.0,51.9487,2,True,0.1687,Hill College House -> Houston Hall -> Levine Hall -> David Rittenhouse Laboratory
533,Hill College House,David Rittenhouse Laboratory,Coffee nearby,60.0,greedy_reward_per_minute,17.6,17.6,0.0,11.9487,40.0,51.9487,2,True,0.0158,Hill College House -> Houston Hall -> Levine Hall -> David Rittenhouse Laboratory
533,Hill College House,David Rittenhouse Laboratory,Coffee nearby,60.0,nearest,11.8,17.6,32.9545,6.9435,40.0,46.9435,2,True,0.01,Hill College House -> Levine Hall -> Towne Building -> David Rittenhouse Laboratory
534,Hill College House,David Rittenhouse Laboratory,Coffee nearby,90.0,exact_dynamic_programming,26.4,26.4,0.0,20.8224,60.0,80.8224,3,True,0.2619,Hill College House -> Huntsman Hall -> Houston Hall -> Levine Hall -> David Rittenhouse Laboratory
534,Hill College House,David Rittenhouse Laboratory,Coffee nearby,90.0,greedy_reward_per_minute,26.4,26.4,0.0,26.0556,60.0,86.0556,3,True,0.0196,Hill College House -> Houston Hall -> Levine Hall -> Huntsman Hall -> David Rittenhouse Laboratory
534,Hill College House,David Rittenhouse Laboratory,Coffee nearby,90.0,nearest,16.6,26.4,37.1212,12.5976,65.0,77.5976,3,True,0.0118,Hill College House -> Levine Hall -> Towne Building -> Fisher Fine Arts Library -> David Rittenhouse Laboratory
535,Hill College House,David Rittenhouse Laboratory,Power outlets,45.0,exact_dynamic_programming,11.0,11.0,0.0,4.4959,20.0,24.4959,1,True,0.1474,Hill College House -> Levine Hall -> David Rittenhouse Laboratory
535,Hill College House,David Rittenhouse Laboratory,Power outlets,45.0,greedy_reward_per_minute,11.0,11.0,0.0,4.4959,20.0,24.4959,1,True,0.0126,Hill College House -> Levine Hall -> David Rittenhouse Laboratory
535,Hill College House,David Rittenhouse Laboratory,Power outlets,45.0,nearest,11.0,11.0,0.0,4.4959,20.0,24.4959,1,True,0.0078,Hill College House -> Levine Hall -> David Rittenhouse Laboratory
536,Hill College House,David Rittenhouse Laboratory,Power outlets,60.0,exact_dynamic_programming,22.0,22.0,0.0,10.0323,45.0,55.0323,2,True,0.1729,Hill College House -> Van Pelt Library -> Levine Hall -> David Rittenhouse Laboratory
536,Hill College House,David Rittenhouse Laboratory,Power outlets,60.0,greedy_reward_per_minute,19.8,22.0,10.0,6.9435,40.0,46.9435,2,True,0.017,Hill College House -> Levine Hall -> Towne Building -> David Rittenhouse Laboratory
536,Hill College House,David Rittenhouse Laboratory,Power outlets,60.0,nearest,19.8,22.0,10.0,6.9435,40.0,46.9435,2,True,0.0101,Hill College House -> Levine Hall -> Towne Building -> David Rittenhouse Laboratory
537,Hill College House,David Rittenhouse Laboratory,Power outlets,90.0,exact_dynamic_programming,30.8,30.8,0.0,12.1661,65.0,77.1661,3,True,0.2622,Hill College House -> Van Pelt Library -> Towne Building -> Levine Hall -> David Rittenhouse Laboratory
537,Hill College House,David Rittenhouse Laboratory,Power outlets,90.0,greedy_reward_per_minute,30.8,30.8,0.0,13.2436,65.0,78.2436,3,True,0.0204,Hill College House -> Levine Hall -> Towne Building -> Van Pelt Library -> David Rittenhouse Laboratory
537,Hill College House,David Rittenhouse Laboratory,Power outlets,90.0,nearest,28.6,30.8,7.1429,12.5976,65.0,77.5976,3,True,0.0115,Hill College House -> Levine Hall -> Towne Building -> Fisher Fine Arts Library -> David Rittenhouse Laboratory
538,Hill College House,David Rittenhouse Laboratory,No preference,45.0,exact_dynamic_programming,9.0,9.0,0.0,8.7838,25.0,33.7838,1,True,0.1529,Hill College House -> Van Pelt Library -> David Rittenhouse Laboratory
538,Hill College House,David Rittenhouse Laboratory,No preference,45.0,greedy_reward_per_minute,8.5,9.0,5.5556,4.4959,20.0,24.4959,1,True,0.0136,Hill College House -> Levine Hall -> David Rittenhouse Laboratory
538,Hill College House,David Rittenhouse Laboratory,No preference,45.0,nearest,8.5,9.0,5.5556,4.4959,20.0,24.4959,1,True,0.0083,Hill College House -> Levine Hall -> David Rittenhouse Laboratory
539,Hill College House,David Rittenhouse Laboratory,No preference,60.0,exact_dynamic_programming,17.5,17.5,0.0,10.0323,45.0,55.0323,2,True,0.1737,Hill College House -> Van Pelt Library -> Levine Hall -> David Rittenhouse Laboratory
539,Hill College House,David Rittenhouse Laboratory,No preference,60.0,greedy_reward_per_minute,15.3,17.5,12.5714,6.9435,40.0,46.9435,2,True,0.0173,Hill College House -> Levine Hall -> Towne Building -> David Rittenhouse Laboratory
539,Hill College House,David Rittenhouse Laboratory,No preference,60.0,nearest,15.3,17.5,12.5714,6.9435,40.0,46.9435,2,True,0.0098,Hill College House -> Levine Hall -> Towne Building -> David Rittenhouse Laboratory
540,Hill College House,David Rittenhouse Laboratory,No preference,90.0,exact_dynamic_programming,25.8,25.8,0.0,18.3183,65.0,83.3183,3,True,0.28,Hill College House -> Huntsman Hall -> Van Pelt Library -> Levine Hall -> David Rittenhouse Laboratory
540,Hill College House,David Rittenhouse Laboratory,No preference,90.0,greedy_reward_per_minute,23.4,25.8,9.3023,14.8935,60.0,74.8935,3,True,0.0204,Hill College House -> Levine Hall -> Towne Building -> Houston Hall -> David Rittenhouse Laboratory
540,Hill College House,David Rittenhouse Laboratory,No preference,90.0,nearest,22.6,25.8,12.4031,12.5976,65.0,77.5976,3,True,0.0119,Hill College House -> Levine Hall -> Towne Building -> Fisher Fine Arts Library -> David Rittenhouse Laboratory
541,Hill College House,Huntsman Hall,Quiet,45.0,exact_dynamic_programming,11.0,11.0,0.0,8.9287,25.0,33.9287,1,True,0.0774,Hill College House -> Van Pelt Library -> Huntsman Hall
541,Hill College House,Huntsman Hall,Quiet,45.0,greedy_reward_per_minute,11.0,11.0,0.0,8.9287,25.0,33.9287,1,True,0.0117,Hill College House -> Van Pelt Library -> Huntsman Hall
541,Hill College House,Huntsman Hall,Quiet,45.0,nearest,7.0,11.0,36.3636,10.2062,20.0,30.2062,1,True,0.0074,Hill College House -> Levine Hall -> Huntsman Hall
542,Hill College House,Huntsman Hall,Quiet,60.0,exact_dynamic_programming,18.0,18.0,0.0,11.2547,45.0,56.2547,2,True,0.0909,Hill College House -> Levine Hall -> Van Pelt Library -> Huntsman Hall
542,Hill College House,Huntsman Hall,Quiet,60.0,greedy_reward_per_minute,15.6,18.0,13.3333,13.6541,45.0,58.6541,2,True,0.0133,Hill College House -> Van Pelt Library -> Houston Hall -> Huntsman Hall
542,Hill College House,Huntsman Hall,Quiet,60.0,nearest,13.8,18.0,23.3333,13.3839,40.0,53.3839,2,True,0.0095,Hill College House -> Levine Hall -> Towne Building -> Huntsman Hall
543,Hill College House,Huntsman Hall,Quiet,90.0,exact_dynamic_programming,28.8,28.8,0.0,12.5616,70.0,82.5616,3,True,0.1412,Hill College House -> Levine Hall -> Fisher Fine Arts Library -> Van Pelt Library -> Huntsman Hall
543,Hill College House,Huntsman Hall,Quiet,90.0,greedy_reward_per_minute,28.8,28.8,0.0,17.0495,70.0,87.0495,3,True,0.0178,Hill College House -> Van Pelt Library -> Fisher Fine Arts Library -> Levine Hall -> Huntsman Hall
543,Hill College House,Huntsman Hall,Quiet,90.0,nearest,24.6,28.8,14.5833,14.4242,65.0,79.4242,3,True,0.011,Hill College House -> Levine Hall -> Towne Building -> Fisher Fine Arts Library -> Huntsman Hall
544,Hill College House,Huntsman Hall,Collaborative,45.0,exact_dynamic_programming,10.6,10.6,0.0,12.2242,20.0,32.2242,1,True,0.0807,Hill College House -> Houston Hall -> Huntsman Hall
544,Hill College House,Huntsman Hall,Collaborative,45.0,greedy_reward_per_minute,10.6,10.6,0.0,12.2242,20.0,32.2242,1,True,0.0116,Hill College House -> Houston Hall -> Huntsman Hall
544,Hill College House,Huntsman Hall,Collaborative,45.0,nearest,9.0,10.6,15.0943,10.2062,20.0,30.2062,1,True,0.0073,Hill College House -> Levine Hall -> Huntsman Hall
545,Hill College House,Huntsman Hall,Collaborative,60.0,exact_dynamic_programming,19.6,19.6,0.0,13.7588,40.0,53.7588,2,True,0.092,Hill College House -> Levine Hall -> Houston Hall -> Huntsman Hall
545,Hill College House,Huntsman Hall,Collaborative,60.0,greedy_reward_per_minute,19.6,19.6,0.0,17.659,40.0,57.659,2,True,0.015,Hill College House -> Houston Hall -> Levine Hall -> Huntsman Hall
545,Hill College House,Huntsman Hall,Collaborative,60.0,nearest,15.8,19.6,19.3878,13.3839,40.0,53.3839,2,True,0.0088,Hill College House -> Levine Hall -> Towne Building -> Huntsman Hall
546,Hill College House,Huntsman Hall,Collaborative,90.0,exact_dynamic_programming,28.6,28.6,0.0,17.8237,65.0,82.8237,3,True,0.1559,Hill College House -> Levine Hall -> Houston Hall -> Holman Biotech Commons -> Huntsman Hall
546,Hill College House,Huntsman Hall,Collaborative,90.0,greedy_reward_per_minute,26.4,28.6,7.6923,20.8367,60.0,80.8367,3,True,0.0183,Hill College House -> Houston Hall -> Levine Hall -> Towne Building -> Huntsman Hall
546,Hill College House,Huntsman Hall,Collaborative,90.0,nearest,20.6,28.6,27.972,14.4242,65.0,79.4242,3,True,0.0106,Hill College House -> Levine Hall -> Towne Building -> Fisher Fine Arts Library -> Huntsman Hall
547,Hill College House,Huntsman Hall,Coffee nearby,45.0,exact_dynamic_programming,10.6,10.6,0.0,12.2242,20.0,32.2242,1,True,0.0763,Hill College House -> Houston Hall -> Huntsman Hall
547,Hill College House,Huntsman Hall,Coffee nearby,45.0,greedy_reward_per_minute,10.6,10.6,0.0,12.2242,20.0,32.2242,1,True,0.0114,Hill College House -> Houston Hall -> Huntsman Hall
547,Hill College House,Huntsman Hall,Coffee nearby,45.0,nearest,7.0,10.6,33.9623,10.2062,20.0,30.2062,1,True,0.0074,Hill College House -> Levine Hall -> Huntsman Hall
548,Hill College House,Huntsman Hall,Coffee nearby,60.0,exact_dynamic_programming,17.6,17.6,0.0,13.7588,40.0,53.7588,2,True,0.0905,Hill College House -> Levine Hall -> Houston Hall -> Huntsman Hall
548,Hill College House,Huntsman Hall,Coffee nearby,60.0,greedy_reward_per_minute,17.6,17.6,0.0,17.659,40.0,57.659,2,True,0.0145,Hill College House -> Houston Hall -> Levine Hall -> Huntsman Hall
548,Hill College House,Huntsman Hall,Coffee nearby,60.0,nearest,11.8,17.6,32.9545,13.3839,40.0,53.3839,2,True,0.0092,Hill College House -> Levine Hall -> Towne Building -> Huntsman Hall
549,Hill College House,Huntsman Hall,Coffee nearby,90.0,exact_dynamic_programming,24.6,24.6,0.0,14.601,65.0,79.601,3,True,0.2078,Hill College House -> Levine Hall -> Houston Hall -> Van Pelt Library -> Huntsman Hall
549,Hill College House,Huntsman Hall,Coffee nearby,90.0,greedy_reward_per_minute,24.6,24.6,0.0,18.7075,65.0,83.7075,3,True,0.0188,Hill College House -> Houston Hall -> Levine Hall -> Van Pelt Library -> Huntsman Hall
549,Hill College House,Huntsman Hall,Coffee nearby,90.0,nearest,16.6,24.6,32.5203,14.4242,65.0,79.4242,3,True,0.0108,Hill College House -> Levine Hall -> Towne Building -> Fisher Fine Arts Library -> Huntsman Hall
550,Hill College House,Huntsman Hall,Power outlets,45.0,exact_dynamic_programming,11.0,11.0,0.0,10.2062,20.0,30.2062,1,True,0.0804,Hill College House -> Levine Hall -> Huntsman Hall
550,Hill College House,Huntsman Hall,Power outlets,45.0,greedy_reward_per_minute,11.0,11.0,0.0,10.2062,20.0,30.2062,1,True,0.0113,Hill College House -> Levine Hall -> Huntsman Hall
550,Hill College House,Huntsman Hall,Power outlets,45.0,nearest,11.0,11.0,0.0,10.2062,20.0,30.2062,1,True,0.007,Hill College House -> Levine Hall -> Huntsman Hall
551,Hill College House,Huntsman Hall,Power outlets,60.0,exact_dynamic_programming,22.0,22.0,0.0,11.2547,45.0,56.2547,2,True,0.0917,Hill College House -> Levine Hall -> Van Pelt Library -> Huntsman Hall
551,Hill College House,Huntsman Hall,Power outlets,60.0,greedy_reward_per_minute,22.0,22.0,0.0,11.2547,45.0,56.2547,2,True,0.0148,Hill College House -> Levine Hall -> Van Pelt Library -> Huntsman Hall
551,Hill College House,Huntsman Hall,Power outlets,60.0,nearest,19.8,22.0,10.0,13.3839,40.0,53.3839,2,True,0.0092,Hill College House -> Levine Hall -> Towne Building -> Huntsman Hall
552,Hill College House,Huntsman Hall,Power outlets,90.0,exact_dynamic_programming,33.0,33.0,0.0,17.5185,70.0,87.5185,3,True,0.163,Hill College House -> Levine Hall -> Van Pelt Library -> Holman Biotech Commons -> Huntsman Hall
552,Hill College House,Huntsman Hall,Power outlets,90.0,greedy_reward_per_minute,33.0,33.0,0.0,17.5185,70.0,87.5185,3,True,0.0188,Hill College House -> Levine Hall -> Van Pelt Library -> Holman Biotech Commons -> Huntsman Hall
552,Hill College House,Huntsman Hall,Power outlets,90.0,nearest,28.6,33.0,13.3333,14.4242,65.0,79.4242,3,True,0.0112,Hill College House -> Levine Hall -> Towne Building -> Fisher Fine Arts Library -> Huntsman Hall
553,Hill College House,Huntsman Hall,No preference,45.0,exact_dynamic_programming,9.0,9.0,0.0,8.9287,25.0,33.9287,1,True,0.0808,Hill College House -> Van Pelt Library -> Huntsman Hall
553,Hill College House,Huntsman Hall,No preference,45.0,greedy_reward_per_minute,8.5,9.0,5.5556,10.2062,20.0,30.2062,1,True,0.013,Hill College House -> Levine Hall -> Huntsman Hall
553,Hill College House,Huntsman Hall,No preference,45.0,nearest,8.5,9.0,5.5556,10.2062,20.0,30.2062,1,True,0.0076,Hill College House -> Levine Hall -> Huntsman Hall
554,Hill College House,Huntsman Hall,No preference,60.0,exact_dynamic_programming,17.5,17.5,0.0,11.2547,45.0,56.2547,2,True,0.0966,Hill College House -> Levine Hall -> Van Pelt Library -> Huntsman Hall
554,Hill College House,Huntsman Hall,No preference,60.0,greedy_reward_per_minute,17.5,17.5,0.0,11.2547,45.0,56.2547,2,True,0.0305,Hill College House -> Levine Hall -> Van Pelt Library -> Huntsman Hall
554,Hill College House,Huntsman Hall,No preference,60.0,nearest,15.3,17.5,12.5714,13.3839,40.0,53.3839,2,True,0.0094,Hill College House -> Levine Hall -> Towne Building -> Huntsman Hall
555,Hill College House,Huntsman Hall,No preference,90.0,exact_dynamic_programming,26.5,26.5,0.0,17.5185,70.0,87.5185,3,True,0.1501,Hill College House -> Levine Hall -> Van Pelt Library -> Holman Biotech Commons -> Huntsman Hall
555,Hill College House,Huntsman Hall,No preference,90.0,greedy_reward_per_minute,25.6,26.5,3.3962,15.9801,65.0,80.9801,3,True,0.0195,Hill College House -> Levine Hall -> Van Pelt Library -> Houston Hall -> Huntsman Hall
555,Hill College House,Huntsman Hall,No preference,90.0,nearest,22.6,26.5,14.717,14.4242,65.0,79.4242,3,True,0.0115,Hill College House -> Levine Hall -> Towne Building -> Fisher Fine Arts Library -> Huntsman Hall
556,Hill College House,Meyerson Hall,Quiet,45.0,exact_dynamic_programming,11.0,11.0,0.0,5.5274,25.0,30.5274,1,True,0.1569,Hill College House -> Van Pelt Library -> Meyerson Hall
556,Hill College House,Meyerson Hall,Quiet,45.0,greedy_reward_per_minute,11.0,11.0,0.0,5.5274,25.0,30.5274,1,True,0.0133,Hill College House -> Van Pelt Library -> Meyerson Hall
556,Hill College House,Meyerson Hall,Quiet,45.0,nearest,7.0,11.0,36.3636,5.0659,20.0,25.0659,1,True,0.0081,Hill College House -> Levine Hall -> Meyerson Hall
557,Hill College House,Meyerson Hall,Quiet,60.0,exact_dynamic_programming,21.8,21.8,0.0,7.2619,50.0,57.2619,2,True,0.1842,Hill College House -> Fisher Fine Arts Library -> Van Pelt Library -> Meyerson Hall
557,Hill College House,Meyerson Hall,Quiet,60.0,greedy_reward_per_minute,21.8,21.8,0.0,7.262,50.0,57.262,2,True,0.0167,Hill College House -> Van Pelt Library -> Fisher Fine Arts Library -> Meyerson Hall
557,Hill College House,Meyerson Hall,Quiet,60.0,nearest,13.8,21.8,36.6972,7.8748,40.0,47.8748,2,True,0.0099,Hill College House -> Levine Hall -> Towne Building -> Meyerson Hall
558,Hill College House,Meyerson Hall,Quiet,90.0,exact_dynamic_programming,28.8,28.8,0.0,9.1603,70.0,79.1603,3,True,0.2933,Hill College House -> Levine Hall -> Fisher Fine Arts Library -> Van Pelt Library -> Meyerson Hall
558,Hill College House,Meyerson Hall,Quiet,90.0,greedy_reward_per_minute,28.8,28.8,0.0,11.9092,70.0,81.9092,3,True,0.0198,Hill College House -> Van Pelt Library -> Fisher Fine Arts Library -> Levine Hall -> Meyerson Hall
558,Hill College House,Meyerson Hall,Quiet,90.0,nearest,24.6,28.8,14.5833,9.3413,65.0,74.3413,3,True,0.0117,Hill College House -> Levine Hall -> Towne Building -> Fisher Fine Arts Library -> Meyerson Hall
559,Hill College House,Meyerson Hall,Collaborative,45.0,exact_dynamic_programming,10.8,10.8,0.0,13.6778,20.0,33.6778,1,True,0.145,Hill College House -> Huntsman Hall -> Meyerson Hall
559,Hill College House,Meyerson Hall,Collaborative,45.0,greedy_reward_per_minute,10.6,10.8,1.8519,8.2353,20.0,28.2353,1,True,0.0123,Hill College House -> Houston Hall -> Meyerson Hall
559,Hill College House,Meyerson Hall,Collaborative,45.0,nearest,9.0,10.8,16.6667,5.0659,20.0,25.0659,1,True,0.0078,Hill College House -> Levine Hall -> Meyerson Hall
560,Hill College House,Meyerson Hall,Collaborative,60.0,exact_dynamic_programming,21.4,21.4,0.0,17.109,40.0,57.109,2,True,0.1768,Hill College House -> Huntsman Hall -> Houston Hall -> Meyerson Hall
560,Hill College House,Meyerson Hall,Collaborative,60.0,greedy_reward_per_minute,19.6,21.4,8.4112,12.5187,40.0,52.5187,2,True,0.0161,Hill College House -> Houston Hall -> Levine Hall -> Meyerson Hall
560,Hill College House,Meyerson Hall,Collaborative,60.0,nearest,15.8,21.4,26.1682,7.8748,40.0,47.8748,2,True,0.0097,Hill College House -> Levine Hall -> Towne Building -> Meyerson Hall
561,Hill College House,Meyerson Hall,Collaborative,90.0,exact_dynamic_programming,30.4,30.4,0.0,19.6905,60.0,79.6905,3,True,0.2818,Hill College House -> Levine Hall -> Huntsman Hall -> Houston Hall -> Meyerson Hall
561,Hill College House,Meyerson Hall,Collaborative,90.0,greedy_reward_per_minute,30.4,30.4,0.0,23.7121,60.0,83.7121,3,True,0.0199,Hill College House -> Houston Hall -> Levine Hall -> Huntsman Hall -> Meyerson Hall
561,Hill College House,Meyerson Hall,Collaborative,90.0,nearest,20.6,30.4,32.2368,9.3413,65.0,74.3413,3,True,0.0118,Hill College House -> Levine Hall -> Towne Building -> Fisher Fine Arts Library -> Meyerson Hall
562,Hill College House,Meyerson Hall,Coffee nearby,45.0,exact_dynamic_programming,10.6,10.6,0.0,8.2353,20.0,28.2353,1,True,0.1461,Hill College House -> Houston Hall -> Meyerson Hall
562,Hill College House,Meyerson Hall,Coffee nearby,45.0,greedy_reward_per_minute,10.6,10.6,0.0,8.2353,20.0,28.2353,1,True,0.012,Hill College House -> Houston Hall -> Meyerson Hall
562,Hill College House,Meyerson Hall,Coffee nearby,45.0,nearest,7.0,10.6,33.9623,5.0659,20.0,25.0659,1,True,0.0078,Hill College House -> Levine Hall -> Meyerson Hall
563,Hill College House,Meyerson Hall,Coffee nearby,60.0,exact_dynamic_programming,19.4,19.4,0.0,17.109,40.0,57.109,2,True,0.1948,Hill College House -> Huntsman Hall -> Houston Hall -> Meyerson Hall
563,Hill College House,Meyerson Hall,Coffee nearby,60.0,greedy_reward_per_minute,19.4,19.4,0.0,18.2773,40.0,58.2773,2,True,0.0163,Hill College House -> Houston Hall -> Huntsman Hall -> Meyerson Hall
563,Hill College House,Meyerson Hall,Coffee nearby,60.0,nearest,11.8,19.4,39.1753,7.8748,40.0,47.8748,2,True,0.0102,Hill College House -> Levine Hall -> Towne Building -> Meyerson Hall
564,Hill College House,Meyerson Hall,Coffee nearby,90.0,exact_dynamic_programming,26.4,26.4,0.0,19.6905,60.0,79.6905,3,True,0.2848,Hill College House -> Levine Hall -> Huntsman Hall -> Houston Hall -> Meyerson Hall
564,Hill College House,Meyerson Hall,Coffee nearby,90.0,greedy_reward_per_minute,26.4,26.4,0.0,22.4393,60.0,82.4393,3,True,0.0197,Hill College House -> Houston Hall -> Huntsman Hall -> Levine Hall -> Meyerson Hall
564,Hill College House,Meyerson Hall,Coffee nearby,90.0,nearest,16.6,26.4,37.1212,9.3413,65.0,74.3413,3,True,0.0118,Hill College House -> Levine Hall -> Towne Building -> Fisher Fine Arts Library -> Meyerson Hall
565,Hill College House,Meyerson Hall,Power outlets,45.0,exact_dynamic_programming,11.0,11.0,0.0,5.0659,20.0,25.0659,1,True,0.1493,Hill College House -> Levine Hall -> Meyerson Hall
565,Hill College House,Meyerson Hall,Power outlets,45.0,greedy_reward_per_minute,11.0,11.0,0.0,5.0659,20.0,25.0659,1,True,0.0125,Hill College House -> Levine Hall -> Meyerson Hall
565,Hill College House,Meyerson Hall,Power outlets,45.0,nearest,11.0,11.0,0.0,5.0659,20.0,25.0659,1,True,0.0074,Hill College House -> Levine Hall -> Meyerson Hall
566,Hill College House,Meyerson Hall,Power outlets,60.0,exact_dynamic_programming,22.0,22.0,0.0,7.8534,45.0,52.8534,2,True,0.1774,Hill College House -> Levine Hall -> Van Pelt Library -> Meyerson Hall
566,Hill College House,Meyerson Hall,Power outlets,60.0,greedy_reward_per_minute,22.0,22.0,0.0,7.8534,45.0,52.8534,2,True,0.0162,Hill College House -> Levine Hall -> Van Pelt Library -> Meyerson Hall
566,Hill College House,Meyerson Hall,Power outlets,60.0,nearest,19.8,22.0,10.0,7.8748,40.0,47.8748,2,True,0.0101,Hill College House -> Levine Hall -> Towne Building -> Meyerson Hall
567,Hill College House,Meyerson Hall,Power outlets,90.0,exact_dynamic_programming,33.0,33.0,0.0,18.4494,70.0,88.4494,3,True,0.2837,Hill College House -> Levine Hall -> Holman Biotech Commons -> Van Pelt Library -> Meyerson Hall
567,Hill College House,Meyerson Hall,Power outlets,90.0,greedy_reward_per_minute,30.8,33.0,6.6667,13.5632,65.0,78.5632,3,True,0.0197,Hill College House -> Levine Hall -> Van Pelt Library -> Towne Building -> Meyerson Hall
567,Hill College House,Meyerson Hall,Power outlets,90.0,nearest,28.6,33.0,13.3333,9.3413,65.0,74.3413,3,True,0.0115,Hill College House -> Levine Hall -> Towne Building -> Fisher Fine Arts Library -> Meyerson Hall
568,Hill College House,Meyerson Hall,No preference,45.0,exact_dynamic_programming,9.0,9.0,0.0,5.5274,25.0,30.5274,1,True,0.1559,Hill College House -> Van Pelt Library -> Meyerson Hall
568,Hill College House,Meyerson Hall,No preference,45.0,greedy_reward_per_minute,8.5,9.0,5.5556,5.0659,20.0,25.0659,1,True,0.013,Hill College House -> Levine Hall -> Meyerson Hall
568,Hill College House,Meyerson Hall,No preference,45.0,nearest,8.5,9.0,5.5556,5.0659,20.0,25.0659,1,True,0.0078,Hill College House -> Levine Hall -> Meyerson Hall
569,Hill College House,Meyerson Hall,No preference,60.0,exact_dynamic_programming,17.5,17.5,0.0,7.8534,45.0,52.8534,2,True,0.1796,Hill College House -> Levine Hall -> Van Pelt Library -> Meyerson Hall
569,Hill College House,Meyerson Hall,No preference,60.0,greedy_reward_per_minute,16.6,17.5,5.1429,9.7699,40.0,49.7699,2,True,0.0172,Hill College House -> Levine Hall -> Houston Hall -> Meyerson Hall
569,Hill College House,Meyerson Hall,No preference,60.0,nearest,15.3,17.5,12.5714,7.8748,40.0,47.8748,2,True,0.0101,Hill College House -> Levine Hall -> Towne Building -> Meyerson Hall
570,Hill College House,Meyerson Hall,No preference,90.0,exact_dynamic_programming,26.5,26.5,0.0,18.4494,70.0,88.4494,3,True,0.297,Hill College House -> Levine Hall -> Holman Biotech Commons -> Van Pelt Library -> Meyerson Hall
570,Hill College House,Meyerson Hall,No preference,90.0,greedy_reward_per_minute,25.6,26.5,3.3962,11.1997,65.0,76.1997,3,True,0.021,Hill College House -> Levine Hall -> Houston Hall -> Van Pelt Library -> Meyerson Hall
570,Hill College House,Meyerson Hall,No preference,90.0,nearest,22.6,26.5,14.717,9.3413,65.0,74.3413,3,True,0.0122,Hill College House -> Levine Hall -> Towne Building -> Fisher Fine Arts Library -> Meyerson Hall
571,Hill College House,Claudia Cohen Hall,Quiet,45.0,exact_dynamic_programming,11.0,11.0,0.0,6.1158,25.0,31.1158,1,True,0.1602,Hill College House -> Van Pelt Library -> Claudia Cohen Hall
571,Hill College House,Claudia Cohen Hall,Quiet,45.0,greedy_reward_per_minute,11.0,11.0,0.0,6.1158,25.0,31.1158,1,True,0.0124,Hill College House -> Van Pelt Library -> Claudia Cohen Hall
571,Hill College House,Claudia Cohen Hall,Quiet,45.0,nearest,7.0,11.0,36.3636,7.6069,20.0,27.6069,1,True,0.0078,Hill College House -> Levine Hall -> Claudia Cohen Hall
572,Hill College House,Claudia Cohen Hall,Quiet,60.0,exact_dynamic_programming,21.8,21.8,0.0,7.8503,50.0,57.8503,2,True,0.1892,Hill College House -> Fisher Fine Arts Library -> Van Pelt Library -> Claudia Cohen Hall
572,Hill College House,Claudia Cohen Hall,Quiet,60.0,greedy_reward_per_minute,21.8,21.8,0.0,7.9359,50.0,57.9359,2,True,0.0166,Hill College House -> Van Pelt Library -> Fisher Fine Arts Library -> Claudia Cohen Hall
572,Hill College House,Claudia Cohen Hall,Quiet,60.0,nearest,13.8,21.8,36.6972,9.5004,40.0,49.5004,2,True,0.0099,Hill College House -> Levine Hall -> Towne Building -> Claudia Cohen Hall
573,Hill College House,Claudia Cohen Hall,Quiet,90.0,exact_dynamic_programming,28.8,28.8,0.0,9.7487,70.0,79.7487,3,True,0.2986,Hill College House -> Levine Hall -> Fisher Fine Arts Library -> Van Pelt Library -> Claudia Cohen Hall
573,Hill College House,Claudia Cohen Hall,Quiet,90.0,greedy_reward_per_minute,28.8,28.8,0.0,14.4502,70.0,84.4502,3,True,0.0197,Hill College House -> Van Pelt Library -> Fisher Fine Arts Library -> Levine Hall -> Claudia Cohen Hall
573,Hill College House,Claudia Cohen Hall,Quiet,90.0,nearest,24.6,28.8,14.5833,10.0152,65.0,75.0152,3,True,0.0115,Hill College House -> Levine Hall -> Towne Building -> Fisher Fine Arts Library -> Claudia Cohen Hall
574,Hill College House,Claudia Cohen Hall,Collaborative,45.0,exact_dynamic_programming,10.8,10.8,0.0,13.5597,20.0,33.5597,1,True,0.158,Hill College House -> Huntsman Hall -> Claudia Cohen Hall
574,Hill College House,Claudia Cohen Hall,Collaborative,45.0,greedy_reward_per_minute,10.6,10.8,1.8519,6.4961,20.0,26.4961,1,True,0.0124,Hill College House -> Houston Hall -> Claudia Cohen Hall
574,Hill College House,Claudia Cohen Hall,Collaborative,45.0,nearest,9.0,10.8,16.6667,7.6069,20.0,27.6069,1,True,0.0078,Hill College House -> Levine Hall -> Claudia Cohen Hall
575,Hill College House,Claudia Cohen Hall,Collaborative,60.0,exact_dynamic_programming,21.4,21.4,0.0,15.3698,40.0,55.3698,2,True,0.1908,Hill College House -> Huntsman Hall -> Houston Hall -> Claudia Cohen Hall
575,Hill College House,Claudia Cohen Hall,Collaborative,60.0,greedy_reward_per_minute,21.4,21.4,0.0,18.1592,40.0,58.1592,2,True,0.0163,Hill College House -> Houston Hall -> Huntsman Hall -> Claudia Cohen Hall
575,Hill College House,Claudia Cohen Hall,Collaborative,60.0,nearest,15.8,21.4,26.1682,9.5004,40.0,49.5004,2,True,0.0098,Hill College House -> Levine Hall -> Towne Building -> Claudia Cohen Hall
576,Hill College House,Claudia Cohen Hall,Collaborative,90.0,exact_dynamic_programming,30.4,30.4,0.0,17.9513,60.0,77.9513,3,True,0.3768,Hill College House -> Levine Hall -> Huntsman Hall -> Houston Hall -> Claudia Cohen Hall
576,Hill College House,Claudia Cohen Hall,Collaborative,90.0,greedy_reward_per_minute,30.4,30.4,0.0,24.9803,60.0,84.9803,3,True,0.0206,Hill College House -> Houston Hall -> Huntsman Hall -> Levine Hall -> Claudia Cohen Hall
576,Hill College House,Claudia Cohen Hall,Collaborative,90.0,nearest,20.6,30.4,32.2368,10.0152,65.0,75.0152,3,True,0.0122,Hill College House -> Levine Hall -> Towne Building -> Fisher Fine Arts Library -> Claudia Cohen Hall
577,Hill College House,Claudia Cohen Hall,Coffee nearby,45.0,exact_dynamic_programming,10.6,10.6,0.0,6.4961,20.0,26.4961,1,True,0.1582,Hill College House -> Houston Hall -> Claudia Cohen Hall
577,Hill College House,Claudia Cohen Hall,Coffee nearby,45.0,greedy_reward_per_minute,10.6,10.6,0.0,6.4961,20.0,26.4961,1,True,0.0121,Hill College House -> Houston Hall -> Claudia Cohen Hall
577,Hill College House,Claudia Cohen Hall,Coffee nearby,45.0,nearest,7.0,10.6,33.9623,7.6069,20.0,27.6069,1,True,0.0079,Hill College House -> Levine Hall -> Claudia Cohen Hall
578,Hill College House,Claudia Cohen Hall,Coffee nearby,60.0,exact_dynamic_programming,19.4,19.4,0.0,15.3698,40.0,55.3698,2,True,0.1943,Hill College House -> Huntsman Hall -> Houston Hall -> Claudia Cohen Hall
578,Hill College House,Claudia Cohen Hall,Coffee nearby,60.0,greedy_reward_per_minute,19.4,19.4,0.0,18.1592,40.0,58.1592,2,True,0.0171,Hill College House -> Houston Hall -> Huntsman Hall -> Claudia Cohen Hall
578,Hill College House,Claudia Cohen Hall,Coffee nearby,60.0,nearest,11.8,19.4,39.1753,9.5004,40.0,49.5004,2,True,0.0101,Hill College House -> Levine Hall -> Towne Building -> Claudia Cohen Hall
579,Hill College House,Claudia Cohen Hall,Coffee nearby,90.0,exact_dynamic_programming,26.4,26.4,0.0,17.9513,60.0,77.9513,3,True,0.3084,Hill College House -> Levine Hall -> Huntsman Hall -> Houston Hall -> Claudia Cohen Hall
579,Hill College House,Claudia Cohen Hall,Coffee nearby,90.0,greedy_reward_per_minute,26.4,26.4,0.0,19.0013,65.0,84.0013,3,True,0.021,Hill College House -> Houston Hall -> Huntsman Hall -> Van Pelt Library -> Claudia Cohen Hall
579,Hill College House,Claudia Cohen Hall,Coffee nearby,90.0,nearest,16.6,26.4,37.1212,10.0152,65.0,75.0152,3,True,0.012,Hill College House -> Levine Hall -> Towne Building -> Fisher Fine Arts Library -> Claudia Cohen Hall
580,Hill College House,Claudia Cohen Hall,Power outlets,45.0,exact_dynamic_programming,11.0,11.0,0.0,7.6069,20.0,27.6069,1,True,0.1515,Hill College House -> Levine Hall -> Claudia Cohen Hall
580,Hill College House,Claudia Cohen Hall,Power outlets,45.0,greedy_reward_per_minute,11.0,11.0,0.0,7.6069,20.0,27.6069,1,True,0.0126,Hill College House -> Levine Hall -> Claudia Cohen Hall
580,Hill College House,Claudia Cohen Hall,Power outlets,45.0,nearest,11.0,11.0,0.0,7.6069,20.0,27.6069,1,True,0.0077,Hill College House -> Levine Hall -> Claudia Cohen Hall
581,Hill College House,Claudia Cohen Hall,Power outlets,60.0,exact_dynamic_programming,22.0,22.0,0.0,8.4418,45.0,53.4418,2,True,0.1829,Hill College House -> Levine Hall -> Van Pelt Library -> Claudia Cohen Hall
581,Hill College House,Claudia Cohen Hall,Power outlets,60.0,greedy_reward_per_minute,22.0,22.0,0.0,8.4418,45.0,53.4418,2,True,0.0163,Hill College House -> Levine Hall -> Van Pelt Library -> Claudia Cohen Hall
581,Hill College House,Claudia Cohen Hall,Power outlets,60.0,nearest,19.8,22.0,10.0,9.5004,40.0,49.5004,2,True,0.0099,Hill College House -> Levine Hall -> Towne Building -> Claudia Cohen Hall
582,Hill College House,Claudia Cohen Hall,Power outlets,90.0,exact_dynamic_programming,33.0,33.0,0.0,16.6883,70.0,86.6883,3,True,0.2845,Hill College House -> Levine Hall -> Van Pelt Library -> Holman Biotech Commons -> Claudia Cohen Hall
582,Hill College House,Claudia Cohen Hall,Power outlets,90.0,greedy_reward_per_minute,33.0,33.0,0.0,16.6883,70.0,86.6883,3,True,0.0201,Hill College House -> Levine Hall -> Van Pelt Library -> Holman Biotech Commons -> Claudia Cohen Hall
582,Hill College House,Claudia Cohen Hall,Power outlets,90.0,nearest,28.6,33.0,13.3333,10.0152,65.0,75.0152,3,True,0.0116,Hill College House -> Levine Hall -> Towne Building -> Fisher Fine Arts Library -> Claudia Cohen Hall
583,Hill College House,Claudia Cohen Hall,No preference,45.0,exact_dynamic_programming,9.0,9.0,0.0,6.1158,25.0,31.1158,1,True,0.1855,Hill College House -> Van Pelt Library -> Claudia Cohen Hall
583,Hill College House,Claudia Cohen Hall,No preference,45.0,greedy_reward_per_minute,8.1,9.0,10.0,6.4961,20.0,26.4961,1,True,0.014,Hill College House -> Houston Hall -> Claudia Cohen Hall
583,Hill College House,Claudia Cohen Hall,No preference,45.0,nearest,8.5,9.0,5.5556,7.6069,20.0,27.6069,1,True,0.0085,Hill College House -> Levine Hall -> Claudia Cohen Hall
584,Hill College House,Claudia Cohen Hall,No preference,60.0,exact_dynamic_programming,17.5,17.5,0.0,8.4418,45.0,53.4418,2,True,0.182,Hill College House -> Levine Hall -> Van Pelt Library -> Claudia Cohen Hall
584,Hill College House,Claudia Cohen Hall,No preference,60.0,greedy_reward_per_minute,17.1,17.5,2.2857,10.2535,45.0,55.2535,2,True,0.0171,Hill College House -> Houston Hall -> Van Pelt Library -> Claudia Cohen Hall
584,Hill College House,Claudia Cohen Hall,No preference,60.0,nearest,15.3,17.5,12.5714,9.5004,40.0,49.5004,2,True,0.0105,Hill College House -> Levine Hall -> Towne Building -> Claudia Cohen Hall
585,Hill College House,Claudia Cohen Hall,No preference,90.0,exact_dynamic_programming,26.5,26.5,0.0,16.6883,70.0,86.6883,3,True,0.2838,Hill College House -> Levine Hall -> Van Pelt Library -> Holman Biotech Commons -> Claudia Cohen Hall
585,Hill College House,Claudia Cohen Hall,No preference,90.0,greedy_reward_per_minute,25.6,26.5,3.3962,17.281,65.0,82.281,3,True,0.0216,Hill College House -> Houston Hall -> Van Pelt Library -> Levine Hall -> Claudia Cohen Hall
585,Hill College House,Claudia Cohen Hall,No preference,90.0,nearest,22.6,26.5,14.717,10.0152,65.0,75.0152,3,True,0.0117,Hill College House -> Levine Hall -> Towne Building -> Fisher Fine Arts Library -> Claudia Cohen Hall
586,Hill College House,Annenberg School of Communication,Quiet,45.0,exact_dynamic_programming,11.0,11.0,0.0,5.9556,25.0,30.9556,1,True,0.1488,Hill College House -> Van Pelt Library -> Annenberg School of Communication
586,Hill College House,Annenberg School of Communication,Quiet,45.0,greedy_reward_per_minute,11.0,11.0,0.0,5.9556,25.0,30.9556,1,True,0.0125,Hill College House -> Van Pelt Library -> Annenberg School of Communication
586,Hill College House,Annenberg School of Communication,Quiet,45.0,nearest,7.0,11.0,36.3636,8.1408,20.0,28.1408,1,True,0.0077,Hill College House -> Levine Hall -> Annenberg School of Communication
587,Hill College House,Annenberg School of Communication,Quiet,60.0,exact_dynamic_programming,21.8,21.8,0.0,7.6901,50.0,57.6901,2,True,0.1815,Hill College House -> Fisher Fine Arts Library -> Van Pelt Library -> Annenberg School of Communication
587,Hill College House,Annenberg School of Communication,Quiet,60.0,greedy_reward_per_minute,21.8,21.8,0.0,9.3764,50.0,59.3764,2,True,0.0168,Hill College House -> Van Pelt Library -> Fisher Fine Arts Library -> Annenberg School of Communication
587,Hill College House,Annenberg School of Communication,Quiet,60.0,nearest,13.8,21.8,36.6972,10.4154,40.0,50.4154,2,True,0.0098,Hill College House -> Levine Hall -> Towne Building -> Annenberg School of Communication
588,Hill College House,Annenberg School of Communication,Quiet,90.0,exact_dynamic_programming,28.8,28.8,0.0,9.5885,70.0,79.5885,3,True,0.2806,Hill College House -> Levine Hall -> Fisher Fine Arts Library -> Van Pelt Library -> Annenberg School of Communication
588,Hill College House,Annenberg School of Communication,Quiet,90.0,greedy_reward_per_minute,28.8,28.8,0.0,14.9841,70.0,84.9841,3,True,0.0202,Hill College House -> Van Pelt Library -> Fisher Fine Arts Library -> Levine Hall -> Annenberg School of Communication
588,Hill College House,Annenberg School of Communication,Quiet,90.0,nearest,24.6,28.8,14.5833,11.4557,65.0,76.4557,3,True,0.012,Hill College House -> Levine Hall -> Towne Building -> Fisher Fine Arts Library -> Annenberg School of Communication
589,Hill College House,Annenberg School of Communication,Collaborative,45.0,exact_dynamic_programming,10.8,10.8,0.0,10.5994,20.0,30.5994,1,True,0.146,Hill College House -> Huntsman Hall -> Annenberg School of Communication
589,Hill College House,Annenberg School of Communication,Collaborative,45.0,greedy_reward_per_minute,10.6,10.8,1.8519,9.4479,20.0,29.4479,1,True,0.0126,Hill College House -> Houston Hall -> Annenberg School of Communication
589,Hill College House,Annenberg School of Communication,Collaborative,45.0,nearest,9.0,10.8,16.6667,8.1408,20.0,28.1408,1,True,0.0083,Hill College House -> Levine Hall -> Annenberg School of Communication
590,Hill College House,Annenberg School of Communication,Collaborative,60.0,exact_dynamic_programming,21.4,21.4,0.0,15.1989,40.0,55.1989,2,True,0.1924,Hill College House -> Houston Hall -> Huntsman Hall -> Annenberg School of Communication
590,Hill College House,Annenberg School of Communication,Collaborative,60.0,greedy_reward_per_minute,21.4,21.4,0.0,15.1989,40.0,55.1989,2,True,0.0163,Hill College House -> Houston Hall -> Huntsman Hall -> Annenberg School of Communication
590,Hill College House,Annenberg School of Communication,Collaborative,60.0,nearest,15.8,21.4,26.1682,10.4154,40.0,50.4154,2,True,0.0116,Hill College House -> Levine Hall -> Towne Building -> Annenberg School of Communication
591,Hill College House,Annenberg School of Communication,Collaborative,90.0,exact_dynamic_programming,30.4,30.4,0.0,16.7335,60.0,76.7335,3,True,0.2807,Hill College House -> Levine Hall -> Houston Hall -> Huntsman Hall -> Annenberg School of Communication
591,Hill College House,Annenberg School of Communication,Collaborative,90.0,greedy_reward_per_minute,30.4,30.4,0.0,25.5142,60.0,85.5142,3,True,0.0204,Hill College House -> Houston Hall -> Huntsman Hall -> Levine Hall -> Annenberg School of Communication
591,Hill College House,Annenberg School of Communication,Collaborative,90.0,nearest,20.6,30.4,32.2368,11.4557,65.0,76.4557,3,True,0.0121,Hill College House -> Levine Hall -> Towne Building -> Fisher Fine Arts Library -> Annenberg School of Communication
592,Hill College House,Annenberg School of Communication,Coffee nearby,45.0,exact_dynamic_programming,10.6,10.6,0.0,9.4479,20.0,29.4479,1,True,0.1471,Hill College House -> Houston Hall -> Annenberg School of Communication
592,Hill College House,Annenberg School of Communication,Coffee nearby,45.0,greedy_reward_per_minute,10.6,10.6,0.0,9.4479,20.0,29.4479,1,True,0.0126,Hill College House -> Houston Hall -> Annenberg School of Communication
592,Hill College House,Annenberg School of Communication,Coffee nearby,45.0,nearest,7.0,10.6,33.9623,8.1408,20.0,28.1408,1,True,0.0079,Hill College House -> Levine Hall -> Annenberg School of Communication
593,Hill College House,Annenberg School of Communication,Coffee nearby,60.0,exact_dynamic_programming,19.4,19.4,0.0,15.1989,40.0,55.1989,2,True,0.1733,Hill College House -> Houston Hall -> Huntsman Hall -> Annenberg School of Communication
593,Hill College House,Annenberg School of Communication,Coffee nearby,60.0,greedy_reward_per_minute,19.4,19.4,0.0,15.1989,40.0,55.1989,2,True,0.0159,Hill College House -> Houston Hall -> Huntsman Hall -> Annenberg School of Communication
593,Hill College House,Annenberg School of Communication,Coffee nearby,60.0,nearest,11.8,19.4,39.1753,10.4154,40.0,50.4154,2,True,0.0098,Hill College House -> Levine Hall -> Towne Building -> Annenberg School of Communication
594,Hill College House,Annenberg School of Communication,Coffee nearby,90.0,exact_dynamic_programming,26.4,26.4,0.0,16.7335,60.0,76.7335,3,True,0.2848,Hill College House -> Levine Hall -> Houston Hall -> Huntsman Hall -> Annenberg School of Communication
594,Hill College House,Annenberg School of Communication,Coffee nearby,90.0,greedy_reward_per_minute,26.4,26.4,0.0,18.8411,65.0,83.8411,3,True,0.0203,Hill College House -> Houston Hall -> Huntsman Hall -> Van Pelt Library -> Annenberg School of Communication
594,Hill College House,Annenberg School of Communication,Coffee nearby,90.0,nearest,16.6,26.4,37.1212,11.4557,65.0,76.4557,3,True,0.0115,Hill College House -> Levine Hall -> Towne Building -> Fisher Fine Arts Library -> Annenberg School of Communication
595,Hill College House,Annenberg School of Communication,Power outlets,45.0,exact_dynamic_programming,11.0,11.0,0.0,8.1408,20.0,28.1408,1,True,0.1507,Hill College House -> Levine Hall -> Annenberg School of Communication
595,Hill College House,Annenberg School of Communication,Power outlets,45.0,greedy_reward_per_minute,11.0,11.0,0.0,8.1408,20.0,28.1408,1,True,0.0123,Hill College House -> Levine Hall -> Annenberg School of Communication
595,Hill College House,Annenberg School of Communication,Power outlets,45.0,nearest,11.0,11.0,0.0,8.1408,20.0,28.1408,1,True,0.0078,Hill College House -> Levine Hall -> Annenberg School of Communication
596,Hill College House,Annenberg School of Communication,Power outlets,60.0,exact_dynamic_programming,22.0,22.0,0.0,8.2816,45.0,53.2816,2,True,0.174,Hill College House -> Levine Hall -> Van Pelt Library -> Annenberg School of Communication
596,Hill College House,Annenberg School of Communication,Power outlets,60.0,greedy_reward_per_minute,22.0,22.0,0.0,8.2816,45.0,53.2816,2,True,0.0159,Hill College House -> Levine Hall -> Van Pelt Library -> Annenberg School of Communication
596,Hill College House,Annenberg School of Communication,Power outlets,60.0,nearest,19.8,22.0,10.0,10.4154,40.0,50.4154,2,True,0.0098,Hill College House -> Levine Hall -> Towne Building -> Annenberg School of Communication
597,Hill College House,Annenberg School of Communication,Power outlets,90.0,exact_dynamic_programming,33.0,33.0,0.0,17.1057,70.0,87.1057,3,True,0.284,Hill College House -> Levine Hall -> Van Pelt Library -> Holman Biotech Commons -> Annenberg School of Communication
597,Hill College House,Annenberg School of Communication,Power outlets,90.0,greedy_reward_per_minute,30.8,33.0,6.6667,14.2294,65.0,79.2294,3,True,0.0202,Hill College House -> Levine Hall -> Van Pelt Library -> Huntsman Hall -> Annenberg School of Communication
597,Hill College House,Annenberg School of Communication,Power outlets,90.0,nearest,28.6,33.0,13.3333,11.4557,65.0,76.4557,3,True,0.0116,Hill College House -> Levine Hall -> Towne Building -> Fisher Fine Arts Library -> Annenberg School of Communication
598,Hill College House,Annenberg School of Communication,No preference,45.0,exact_dynamic_programming,9.0,9.0,0.0,5.9556,25.0,30.9556,1,True,0.1501,Hill College House -> Van Pelt Library -> Annenberg School of Communication
598,Hill College House,Annenberg School of Communication,No preference,45.0,greedy_reward_per_minute,8.5,9.0,5.5556,8.1408,20.0,28.1408,1,True,0.0126,Hill College House -> Levine Hall -> Annenberg School of Communication
598,Hill College House,Annenberg School of Communication,No preference,45.0,nearest,8.5,9.0,5.5556,8.1408,20.0,28.1408,1,True,0.0076,Hill College House -> Levine Hall -> Annenberg School of Communication
599,Hill College House,Annenberg School of Communication,No preference,60.0,exact_dynamic_programming,17.5,17.5,0.0,8.2816,45.0,53.2816,2,True,0.1764,Hill College House -> Levine Hall -> Van Pelt Library -> Annenberg School of Communication
599,Hill College House,Annenberg School of Communication,No preference,60.0,greedy_reward_per_minute,17.5,17.5,0.0,8.2816,45.0,53.2816,2,True,0.016,Hill College House -> Levine Hall -> Van Pelt Library -> Annenberg School of Communication
599,Hill College House,Annenberg School of Communication,No preference,60.0,nearest,15.3,17.5,12.5714,10.4154,40.0,50.4154,2,True,0.0098,Hill College House -> Levine Hall -> Towne Building -> Annenberg School of Communication
600,Hill College House,Annenberg School of Communication,No preference,90.0,exact_dynamic_programming,26.5,26.5,0.0,17.1057,70.0,87.1057,3,True,0.2977,Hill College House -> Levine Hall -> Van Pelt Library -> Holman Biotech Commons -> Annenberg School of Communication
600,Hill College House,Annenberg School of Communication,No preference,90.0,greedy_reward_per_minute,25.6,26.5,3.3962,13.2038,65.0,78.2038,3,True,0.0211,Hill College House -> Levine Hall -> Van Pelt Library -> Houston Hall -> Annenberg School of Communication
600,Hill College House,Annenberg School of Communication,No preference,90.0,nearest,22.6,26.5,14.717,11.4557,65.0,76.4557,3,True,0.0115,Hill College House -> Levine Hall -> Towne Building -> Fisher Fine Arts Library -> Annenberg School of Communication
601,Gregory College House,Towne Building,Quiet,45.0,exact_dynamic_programming,11.0,11.0,0.0,13.7741,25.0,38.7741,1,True,0.1583,Gregory College House -> Van Pelt Library -> Towne Building
601,Gregory College House,Towne Building,Quiet,45.0,greedy_reward_per_minute,11.0,11.0,0.0,13.7741,25.0,38.7741,1,True,0.0129,Gregory College House -> Van Pelt Library -> Towne Building
601,Gregory College House,Towne Building,Quiet,45.0,nearest,4.8,11.0,56.3636,15.4493,20.0,35.4493,1,True,0.0082,Gregory College House -> Huntsman Hall -> Towne Building
602,Gregory College House,Towne Building,Quiet,60.0,exact_dynamic_programming,11.8,11.8,0.0,16.5794,40.0,56.5794,2,True,0.0823,Gregory College House -> Huntsman Hall -> Levine Hall -> Towne Building
602,Gregory College House,Towne Building,Quiet,60.0,greedy_reward_per_minute,11.0,11.8,6.7797,13.7741,25.0,38.7741,1,True,0.0117,Gregory College House -> Van Pelt Library -> Towne Building
602,Gregory College House,Towne Building,Quiet,60.0,nearest,9.4,11.8,20.339,17.6914,40.0,57.6914,2,True,0.0092,Gregory College House -> Huntsman Hall -> Houston Hall -> Towne Building
603,Gregory College House,Towne Building,Quiet,90.0,exact_dynamic_programming,28.8,28.8,0.0,17.255,70.0,87.255,3,True,0.134,Gregory College House -> Van Pelt Library -> Fisher Fine Arts Library -> Levine Hall -> Towne Building
603,Gregory College House,Towne Building,Quiet,90.0,greedy_reward_per_minute,28.8,28.8,0.0,17.255,70.0,87.255,3,True,0.0175,Gregory College House -> Van Pelt Library -> Fisher Fine Arts Library -> Levine Hall -> Towne Building
603,Gregory College House,Towne Building,Quiet,90.0,nearest,26.6,28.8,7.6389,16.4942,70.0,86.4942,3,True,0.0108,Gregory College House -> Huntsman Hall -> Van Pelt Library -> Fisher Fine Arts Library -> Towne Building
604,Gregory College House,Towne Building,Collaborative,45.0,exact_dynamic_programming,10.8,10.8,0.0,15.4493,20.0,35.4493,1,True,0.0772,Gregory College House -> Huntsman Hall -> Towne Building
604,Gregory College House,Towne Building,Collaborative,45.0,greedy_reward_per_minute,10.6,10.8,1.8519,14.5995,20.0,34.5995,1,True,0.0118,Gregory College House -> Houston Hall -> Towne Building
604,Gregory College House,Towne Building,Collaborative,45.0,nearest,10.8,10.8,0.0,15.4493,20.0,35.4493,1,True,0.007,Gregory College House -> Huntsman Hall -> Towne Building
605,Gregory College House,Towne Building,Collaborative,60.0,exact_dynamic_programming,21.4,21.4,0.0,17.6914,40.0,57.6914,2,True,0.0838,Gregory College House -> Huntsman Hall -> Houston Hall -> Towne Building
605,Gregory College House,Towne Building,Collaborative,60.0,greedy_reward_per_minute,19.6,21.4,8.4112,17.0401,40.0,57.0401,2,True,0.0138,Gregory College House -> Houston Hall -> Levine Hall -> Towne Building
605,Gregory College House,Towne Building,Collaborative,60.0,nearest,21.4,21.4,0.0,17.6914,40.0,57.6914,2,True,0.0091,Gregory College House -> Huntsman Hall -> Houston Hall -> Towne Building
606,Gregory College House,Towne Building,Collaborative,90.0,exact_dynamic_programming,30.4,30.4,0.0,20.132,60.0,80.132,3,True,0.14,Gregory College House -> Huntsman Hall -> Houston Hall -> Levine Hall -> Towne Building
606,Gregory College House,Towne Building,Collaborative,90.0,greedy_reward_per_minute,26.6,30.4,12.5,22.7285,65.0,87.7285,3,True,0.0194,Gregory College House -> Houston Hall -> Levine Hall -> Van Pelt Library -> Towne Building
606,Gregory College House,Towne Building,Collaborative,90.0,nearest,22.6,30.4,25.6579,16.4942,70.0,86.4942,3,True,0.0115,Gregory College House -> Huntsman Hall -> Van Pelt Library -> Fisher Fine Arts Library -> Towne Building
607,Gregory College House,Towne Building,Coffee nearby,45.0,exact_dynamic_programming,10.6,10.6,0.0,14.5995,20.0,34.5995,1,True,0.0898,Gregory College House -> Houston Hall -> Towne Building
607,Gregory College House,Towne Building,Coffee nearby,45.0,greedy_reward_per_minute,10.6,10.6,0.0,14.5995,20.0,34.5995,1,True,0.0118,Gregory College House -> Houston Hall -> Towne Building
607,Gregory College House,Towne Building,Coffee nearby,45.0,nearest,8.8,10.6,16.9811,15.4493,20.0,35.4493,1,True,0.0074,Gregory College House -> Huntsman Hall -> Towne Building
608,Gregory College House,Towne Building,Coffee nearby,60.0,exact_dynamic_programming,19.4,19.4,0.0,17.6914,40.0,57.6914,2,True,0.0804,Gregory College House -> Huntsman Hall -> Houston Hall -> Towne Building
608,Gregory College House,Towne Building,Coffee nearby,60.0,greedy_reward_per_minute,17.6,19.4,9.2784,17.0401,40.0,57.0401,2,True,0.0136,Gregory College House -> Houston Hall -> Levine Hall -> Towne Building
608,Gregory College House,Towne Building,Coffee nearby,60.0,nearest,19.4,19.4,0.0,17.6914,40.0,57.6914,2,True,0.009,Gregory College House -> Huntsman Hall -> Houston Hall -> Towne Building
609,Gregory College House,Towne Building,Coffee nearby,90.0,exact_dynamic_programming,26.4,26.4,0.0,20.132,60.0,80.132,3,True,0.1334,Gregory College House -> Huntsman Hall -> Houston Hall -> Levine Hall -> Towne Building
609,Gregory College House,Towne Building,Coffee nearby,90.0,greedy_reward_per_minute,24.6,26.4,6.8182,22.7285,65.0,87.7285,3,True,0.0175,Gregory College House -> Houston Hall -> Levine Hall -> Van Pelt Library -> Towne Building
609,Gregory College House,Towne Building,Coffee nearby,90.0,nearest,20.6,26.4,21.9697,16.4942,70.0,86.4942,3,True,0.0108,Gregory College House -> Huntsman Hall -> Van Pelt Library -> Fisher Fine Arts Library -> Towne Building
610,Gregory College House,Towne Building,Power outlets,45.0,exact_dynamic_programming,11.0,11.0,0.0,15.4939,20.0,35.4939,1,True,0.0764,Gregory College House -> Levine Hall -> Towne Building
610,Gregory College House,Towne Building,Power outlets,45.0,greedy_reward_per_minute,11.0,11.0,0.0,15.4939,20.0,35.4939,1,True,0.0117,Gregory College House -> Levine Hall -> Towne Building
610,Gregory College House,Towne Building,Power outlets,45.0,nearest,8.8,11.0,20.0,15.4493,20.0,35.4493,1,True,0.0076,Gregory College House -> Huntsman Hall -> Towne Building
611,Gregory College House,Towne Building,Power outlets,60.0,exact_dynamic_programming,19.8,19.8,0.0,16.5794,40.0,56.5794,2,True,0.0807,Gregory College House -> Huntsman Hall -> Levine Hall -> Towne Building
611,Gregory College House,Towne Building,Power outlets,60.0,greedy_reward_per_minute,11.0,19.8,44.4444,15.4939,20.0,35.4939,1,True,0.0121,Gregory College House -> Levine Hall -> Towne Building
611,Gregory College House,Towne Building,Power outlets,60.0,nearest,15.4,19.8,22.2222,17.6914,40.0,57.6914,2,True,0.0092,Gregory College House -> Huntsman Hall -> Houston Hall -> Towne Building
612,Gregory College House,Towne Building,Power outlets,90.0,exact_dynamic_programming,33.0,33.0,0.0,18.9745,70.0,88.9745,3,True,0.144,Gregory College House -> Holman Biotech Commons -> Van Pelt Library -> Levine Hall -> Towne Building
612,Gregory College House,Towne Building,Power outlets,90.0,greedy_reward_per_minute,28.6,33.0,13.3333,24.262,65.0,89.262,3,True,0.0168,Gregory College House -> Levine Hall -> Van Pelt Library -> Houston Hall -> Towne Building
612,Gregory College House,Towne Building,Power outlets,90.0,nearest,28.6,33.0,13.3333,16.4942,70.0,86.4942,3,True,0.0105,Gregory College House -> Huntsman Hall -> Van Pelt Library -> Fisher Fine Arts Library -> Towne Building
613,Gregory College House,Towne Building,No preference,45.0,exact_dynamic_programming,9.0,9.0,0.0,13.7741,25.0,38.7741,1,True,0.0793,Gregory College House -> Van Pelt Library -> Towne Building
613,Gregory College House,Towne Building,No preference,45.0,greedy_reward_per_minute,8.5,9.0,5.5556,15.4939,20.0,35.4939,1,True,0.0125,Gregory College House -> Levine Hall -> Towne Building
613,Gregory College House,Towne Building,No preference,45.0,nearest,8.3,9.0,7.7778,15.4493,20.0,35.4493,1,True,0.0076,Gregory College House -> Huntsman Hall -> Towne Building
614,Gregory College House,Towne Building,No preference,60.0,exact_dynamic_programming,16.8,16.8,0.0,16.5794,40.0,56.5794,2,True,0.084,Gregory College House -> Huntsman Hall -> Levine Hall -> Towne Building
614,Gregory College House,Towne Building,No preference,60.0,greedy_reward_per_minute,8.5,16.8,49.4048,15.4939,20.0,35.4939,1,True,0.0126,Gregory College House -> Levine Hall -> Towne Building
614,Gregory College House,Towne Building,No preference,60.0,nearest,16.4,16.8,2.381,17.6914,40.0,57.6914,2,True,0.0094,Gregory College House -> Huntsman Hall -> Houston Hall -> Towne Building
615,Gregory College House,Towne Building,No preference,90.0,exact_dynamic_programming,26.5,26.5,0.0,18.9745,70.0,88.9745,3,True,0.1362,Gregory College House -> Holman Biotech Commons -> Van Pelt Library -> Levine Hall -> Towne Building
615,Gregory College House,Towne Building,No preference,90.0,greedy_reward_per_minute,25.6,26.5,3.3962,24.5286,65.0,89.5286,3,True,0.018,Gregory College House -> Levine Hall -> Houston Hall -> Van Pelt Library -> Towne Building
615,Gregory College House,Towne Building,No preference,90.0,nearest,24.6,26.5,7.1698,16.4942,70.0,86.4942,3,True,0.0107,Gregory College House -> Huntsman Hall -> Van Pelt Library -> Fisher Fine Arts Library -> Towne Building
616,Gregory College House,Moore School Building,Quiet,45.0,exact_dynamic_programming,11.0,11.0,0.0,14.2016,25.0,39.2016,1,True,0.1472,Gregory College House -> Van Pelt Library -> Moore School Building
616,Gregory College House,Moore School Building,Quiet,45.0,greedy_reward_per_minute,11.0,11.0,0.0,14.2016,25.0,39.2016,1,True,0.0125,Gregory College House -> Van Pelt Library -> Moore School Building
616,Gregory College House,Moore School Building,Quiet,45.0,nearest,4.8,11.0,56.3636,14.833,20.0,34.833,1,True,0.0081,Gregory College House -> Huntsman Hall -> Moore School Building
617,Gregory College House,Moore School Building,Quiet,60.0,exact_dynamic_programming,13.8,13.8,0.0,16.8894,40.0,56.8894,2,True,0.1549,Gregory College House -> Towne Building -> Levine Hall -> Moore School Building
617,Gregory College House,Moore School Building,Quiet,60.0,greedy_reward_per_minute,11.0,13.8,20.2899,14.2016,25.0,39.2016,1,True,0.0128,Gregory College House -> Van Pelt Library -> Moore School Building
617,Gregory College House,Moore School Building,Quiet,60.0,nearest,9.4,13.8,31.8841,19.177,40.0,59.177,2,True,0.0102,Gregory College House -> Huntsman Hall -> Houston Hall -> Moore School Building
618,Gregory College House,Moore School Building,Quiet,90.0,exact_dynamic_programming,28.8,28.8,0.0,16.757,70.0,86.757,3,True,0.253,Gregory College House -> Van Pelt Library -> Fisher Fine Arts Library -> Levine Hall -> Moore School Building
618,Gregory College House,Moore School Building,Quiet,90.0,greedy_reward_per_minute,28.8,28.8,0.0,16.757,70.0,86.757,3,True,0.0197,Gregory College House -> Van Pelt Library -> Fisher Fine Arts Library -> Levine Hall -> Moore School Building
618,Gregory College House,Moore School Building,Quiet,90.0,nearest,26.6,28.8,7.6389,17.616,70.0,87.616,3,True,0.0116,Gregory College House -> Huntsman Hall -> Van Pelt Library -> Fisher Fine Arts Library -> Moore School Building
619,Gregory College House,Moore School Building,Collaborative,45.0,exact_dynamic_programming,10.8,10.8,0.0,14.833,20.0,34.833,1,True,0.1642,Gregory College House -> Huntsman Hall -> Moore School Building
619,Gregory College House,Moore School Building,Collaborative,45.0,greedy_reward_per_minute,10.8,10.8,0.0,14.833,20.0,34.833,1,True,0.0135,Gregory College House -> Huntsman Hall -> Moore School Building
619,Gregory College House,Moore School Building,Collaborative,45.0,nearest,10.8,10.8,0.0,14.833,20.0,34.833,1,True,0.008,Gregory College House -> Huntsman Hall -> Moore School Building
620,Gregory College House,Moore School Building,Collaborative,60.0,exact_dynamic_programming,21.4,21.4,0.0,19.177,40.0,59.177,2,True,0.1722,Gregory College House -> Huntsman Hall -> Houston Hall -> Moore School Building
620,Gregory College House,Moore School Building,Collaborative,60.0,greedy_reward_per_minute,21.4,21.4,0.0,19.177,40.0,59.177,2,True,0.0154,Gregory College House -> Huntsman Hall -> Houston Hall -> Moore School Building
620,Gregory College House,Moore School Building,Collaborative,60.0,nearest,21.4,21.4,0.0,19.177,40.0,59.177,2,True,0.0097,Gregory College House -> Huntsman Hall -> Houston Hall -> Moore School Building
621,Gregory College House,Moore School Building,Collaborative,90.0,exact_dynamic_programming,30.4,30.4,0.0,19.634,60.0,79.634,3,True,0.2559,Gregory College House -> Huntsman Hall -> Houston Hall -> Levine Hall -> Moore School Building
621,Gregory College House,Moore School Building,Collaborative,90.0,greedy_reward_per_minute,30.4,30.4,0.0,19.634,60.0,79.634,3,True,0.0206,Gregory College House -> Huntsman Hall -> Houston Hall -> Levine Hall -> Moore School Building
621,Gregory College House,Moore School Building,Collaborative,90.0,nearest,22.6,30.4,25.6579,17.616,70.0,87.616,3,True,0.0119,Gregory College House -> Huntsman Hall -> Van Pelt Library -> Fisher Fine Arts Library -> Moore School Building
622,Gregory College House,Moore School Building,Coffee nearby,45.0,exact_dynamic_programming,10.6,10.6,0.0,16.0851,20.0,36.0851,1,True,0.1514,Gregory College House -> Houston Hall -> Moore School Building
622,Gregory College House,Moore School Building,Coffee nearby,45.0,greedy_reward_per_minute,10.6,10.6,0.0,16.0851,20.0,36.0851,1,True,0.0132,Gregory College House -> Houston Hall -> Moore School Building
622,Gregory College House,Moore School Building,Coffee nearby,45.0,nearest,8.8,10.6,16.9811,14.833,20.0,34.833,1,True,0.0081,Gregory College House -> Huntsman Hall -> Moore School Building
623,Gregory College House,Moore School Building,Coffee nearby,60.0,exact_dynamic_programming,19.4,19.4,0.0,19.177,40.0,59.177,2,True,0.1638,Gregory College House -> Huntsman Hall -> Houston Hall -> Moore School Building
623,Gregory College House,Moore School Building,Coffee nearby,60.0,greedy_reward_per_minute,17.6,19.4,9.2784,16.5421,40.0,56.5421,2,True,0.0157,Gregory College House -> Houston Hall -> Levine Hall -> Moore School Building
623,Gregory College House,Moore School Building,Coffee nearby,60.0,nearest,19.4,19.4,0.0,19.177,40.0,59.177,2,True,0.0099,Gregory College House -> Huntsman Hall -> Houston Hall -> Moore School Building
624,Gregory College House,Moore School Building,Coffee nearby,90.0,exact_dynamic_programming,26.4,26.4,0.0,19.634,60.0,79.634,3,True,0.2559,Gregory College House -> Huntsman Hall -> Houston Hall -> Levine Hall -> Moore School Building
624,Gregory College House,Moore School Building,Coffee nearby,90.0,greedy_reward_per_minute,24.6,26.4,6.8182,23.156,65.0,88.156,3,True,0.0195,Gregory College House -> Houston Hall -> Levine Hall -> Van Pelt Library -> Moore School Building
624,Gregory College House,Moore School Building,Coffee nearby,90.0,nearest,20.6,26.4,21.9697,17.616,70.0,87.616,3,True,0.0119,Gregory College House -> Huntsman Hall -> Van Pelt Library -> Fisher Fine Arts Library -> Moore School Building
625,Gregory College House,Moore School Building,Power outlets,45.0,exact_dynamic_programming,11.0,11.0,0.0,14.9959,20.0,34.9959,1,True,0.1472,Gregory College House -> Levine Hall -> Moore School Building
625,Gregory College House,Moore School Building,Power outlets,45.0,greedy_reward_per_minute,11.0,11.0,0.0,14.9959,20.0,34.9959,1,True,0.0123,Gregory College House -> Levine Hall -> Moore School Building
625,Gregory College House,Moore School Building,Power outlets,45.0,nearest,8.8,11.0,20.0,14.833,20.0,34.833,1,True,0.0078,Gregory College House -> Huntsman Hall -> Moore School Building
626,Gregory College House,Moore School Building,Power outlets,60.0,exact_dynamic_programming,19.8,19.8,0.0,16.0814,40.0,56.0814,2,True,0.1546,Gregory College House -> Huntsman Hall -> Levine Hall -> Moore School Building
626,Gregory College House,Moore School Building,Power outlets,60.0,greedy_reward_per_minute,19.8,19.8,0.0,17.5347,40.0,57.5347,2,True,0.0148,Gregory College House -> Levine Hall -> Towne Building -> Moore School Building
626,Gregory College House,Moore School Building,Power outlets,60.0,nearest,15.4,19.8,22.2222,19.177,40.0,59.177,2,True,0.0097,Gregory College House -> Huntsman Hall -> Houston Hall -> Moore School Building
627,Gregory College House,Moore School Building,Power outlets,90.0,exact_dynamic_programming,33.0,33.0,0.0,18.4765,70.0,88.4765,3,True,0.248,Gregory College House -> Holman Biotech Commons -> Van Pelt Library -> Levine Hall -> Moore School Building
627,Gregory College House,Moore School Building,Power outlets,90.0,greedy_reward_per_minute,30.8,33.0,6.6667,23.7436,65.0,88.7436,3,True,0.0197,Gregory College House -> Levine Hall -> Towne Building -> Van Pelt Library -> Moore School Building
627,Gregory College House,Moore School Building,Power outlets,90.0,nearest,28.6,33.0,13.3333,17.616,70.0,87.616,3,True,0.0119,Gregory College House -> Huntsman Hall -> Van Pelt Library -> Fisher Fine Arts Library -> Moore School Building
628,Gregory College House,Moore School Building,No preference,45.0,exact_dynamic_programming,9.0,9.0,0.0,14.2016,25.0,39.2016,1,True,0.1508,Gregory College House -> Van Pelt Library -> Moore School Building
628,Gregory College House,Moore School Building,No preference,45.0,greedy_reward_per_minute,8.5,9.0,5.5556,14.9959,20.0,34.9959,1,True,0.0132,Gregory College House -> Levine Hall -> Moore School Building
628,Gregory College House,Moore School Building,No preference,45.0,nearest,8.3,9.0,7.7778,14.833,20.0,34.833,1,True,0.0079,Gregory College House -> Huntsman Hall -> Moore School Building
629,Gregory College House,Moore School Building,No preference,60.0,exact_dynamic_programming,16.8,16.8,0.0,16.0814,40.0,56.0814,2,True,0.1618,Gregory College House -> Huntsman Hall -> Levine Hall -> Moore School Building
629,Gregory College House,Moore School Building,No preference,60.0,greedy_reward_per_minute,15.3,16.8,8.9286,17.5347,40.0,57.5347,2,True,0.0155,Gregory College House -> Levine Hall -> Towne Building -> Moore School Building
629,Gregory College House,Moore School Building,No preference,60.0,nearest,16.4,16.8,2.381,19.177,40.0,59.177,2,True,0.0099,Gregory College House -> Huntsman Hall -> Houston Hall -> Moore School Building
630,Gregory College House,Moore School Building,No preference,90.0,exact_dynamic_programming,26.5,26.5,0.0,18.4765,70.0,88.4765,3,True,0.249,Gregory College House -> Holman Biotech Commons -> Van Pelt Library -> Levine Hall -> Moore School Building
630,Gregory College House,Moore School Building,No preference,90.0,greedy_reward_per_minute,23.4,26.5,11.6981,25.3935,60.0,85.3935,3,True,0.0203,Gregory College House -> Levine Hall -> Towne Building -> Houston Hall -> Moore School Building
630,Gregory College House,Moore School Building,No preference,90.0,nearest,24.6,26.5,7.1698,17.616,70.0,87.616,3,True,0.0116,Gregory College House -> Huntsman Hall -> Van Pelt Library -> Fisher Fine Arts Library -> Moore School Building
631,Gregory College House,Levine Hall,Quiet,45.0,exact_dynamic_programming,11.0,11.0,0.0,13.7942,25.0,38.7942,1,True,0.078,Gregory College House -> Van Pelt Library -> Levine Hall
631,Gregory College House,Levine Hall,Quiet,45.0,greedy_reward_per_minute,11.0,11.0,0.0,13.7942,25.0,38.7942,1,True,0.0119,Gregory College House -> Van Pelt Library -> Levine Hall
631,Gregory College House,Levine Hall,Quiet,45.0,nearest,4.8,11.0,56.3636,14.4255,20.0,34.4255,1,True,0.0075,Gregory College House -> Huntsman Hall -> Levine Hall
632,Gregory College House,Levine Hall,Quiet,60.0,exact_dynamic_programming,11.6,11.6,0.0,17.6032,40.0,57.6032,2,True,0.082,Gregory College House -> Huntsman Hall -> Towne Building -> Levine Hall
632,Gregory College House,Levine Hall,Quiet,60.0,greedy_reward_per_minute,11.0,11.6,5.1724,13.7942,25.0,38.7942,1,True,0.0122,Gregory College House -> Van Pelt Library -> Levine Hall
632,Gregory College House,Levine Hall,Quiet,60.0,nearest,9.4,11.6,18.9655,17.9781,40.0,57.9781,2,True,0.0091,Gregory College House -> Huntsman Hall -> Houston Hall -> Levine Hall
633,Gregory College House,Levine Hall,Quiet,90.0,exact_dynamic_programming,28.6,28.6,0.0,16.9683,70.0,86.9683,3,True,0.1359,Gregory College House -> Van Pelt Library -> Fisher Fine Arts Library -> Towne Building -> Levine Hall
633,Gregory College House,Levine Hall,Quiet,90.0,greedy_reward_per_minute,28.6,28.6,0.0,16.9683,70.0,86.9683,3,True,0.0179,Gregory College House -> Van Pelt Library -> Fisher Fine Arts Library -> Towne Building -> Levine Hall
633,Gregory College House,Levine Hall,Quiet,90.0,nearest,26.6,28.6,6.993,16.7809,70.0,86.7809,3,True,0.0105,Gregory College House -> Huntsman Hall -> Van Pelt Library -> Fisher Fine Arts Library -> Levine Hall
634,Gregory College House,Levine Hall,Collaborative,45.0,exact_dynamic_programming,10.8,10.8,0.0,14.4255,20.0,34.4255,1,True,0.08,Gregory College House -> Huntsman Hall -> Levine Hall
634,Gregory College House,Levine Hall,Collaborative,45.0,greedy_reward_per_minute,10.8,10.8,0.0,14.4255,20.0,34.4255,1,True,0.0119,Gregory College House -> Huntsman Hall -> Levine Hall
634,Gregory College House,Levine Hall,Collaborative,45.0,nearest,10.8,10.8,0.0,14.4255,20.0,34.4255,1,True,0.0073,Gregory College House -> Huntsman Hall -> Levine Hall
635,Gregory College House,Levine Hall,Collaborative,60.0,exact_dynamic_programming,21.4,21.4,0.0,17.9781,40.0,57.9781,2,True,0.1411,Gregory College House -> Huntsman Hall -> Houston Hall -> Levine Hall
635,Gregory College House,Levine Hall,Collaborative,60.0,greedy_reward_per_minute,21.4,21.4,0.0,17.9781,40.0,57.9781,2,True,0.0149,Gregory College House -> Huntsman Hall -> Houston Hall -> Levine Hall
635,Gregory College House,Levine Hall,Collaborative,60.0,nearest,21.4,21.4,0.0,17.9781,40.0,57.9781,2,True,0.0093,Gregory College House -> Huntsman Hall -> Houston Hall -> Levine Hall
636,Gregory College House,Levine Hall,Collaborative,90.0,exact_dynamic_programming,30.4,30.4,0.0,22.043,65.0,87.043,3,True,0.1442,Gregory College House -> Huntsman Hall -> Holman Biotech Commons -> Houston Hall -> Levine Hall
636,Gregory College House,Levine Hall,Collaborative,90.0,greedy_reward_per_minute,28.2,30.4,7.2368,19.8453,60.0,79.8453,3,True,0.019,Gregory College House -> Huntsman Hall -> Houston Hall -> Towne Building -> Levine Hall
636,Gregory College House,Levine Hall,Collaborative,90.0,nearest,22.6,30.4,25.6579,16.7809,70.0,86.7809,3,True,0.0112,Gregory College House -> Huntsman Hall -> Van Pelt Library -> Fisher Fine Arts Library -> Levine Hall
637,Gregory College House,Levine Hall,Coffee nearby,45.0,exact_dynamic_programming,10.6,10.6,0.0,14.8862,20.0,34.8862,1,True,0.0796,Gregory College House -> Houston Hall -> Levine Hall
637,Gregory College House,Levine Hall,Coffee nearby,45.0,greedy_reward_per_minute,10.6,10.6,0.0,14.8862,20.0,34.8862,1,True,0.0121,Gregory College House -> Houston Hall -> Levine Hall
637,Gregory College House,Levine Hall,Coffee nearby,45.0,nearest,8.8,10.6,16.9811,14.4255,20.0,34.4255,1,True,0.0077,Gregory College House -> Huntsman Hall -> Levine Hall
638,Gregory College House,Levine Hall,Coffee nearby,60.0,exact_dynamic_programming,19.4,19.4,0.0,17.9781,40.0,57.9781,2,True,0.0829,Gregory College House -> Huntsman Hall -> Houston Hall -> Levine Hall
638,Gregory College House,Levine Hall,Coffee nearby,60.0,greedy_reward_per_minute,15.4,19.4,20.6186,16.7534,40.0,56.7534,2,True,0.0144,Gregory College House -> Houston Hall -> Towne Building -> Levine Hall
638,Gregory College House,Levine Hall,Coffee nearby,60.0,nearest,19.4,19.4,0.0,17.9781,40.0,57.9781,2,True,0.0091,Gregory College House -> Huntsman Hall -> Houston Hall -> Levine Hall
639,Gregory College House,Levine Hall,Coffee nearby,90.0,exact_dynamic_programming,26.4,26.4,0.0,18.8203,65.0,83.8203,3,True,0.1367,Gregory College House -> Huntsman Hall -> Van Pelt Library -> Houston Hall -> Levine Hall
639,Gregory College House,Levine Hall,Coffee nearby,90.0,greedy_reward_per_minute,24.2,26.4,8.3333,27.9845,60.0,87.9845,3,True,0.0175,Gregory College House -> Houston Hall -> Huntsman Hall -> Towne Building -> Levine Hall
639,Gregory College House,Levine Hall,Coffee nearby,90.0,nearest,20.6,26.4,21.9697,16.7809,70.0,86.7809,3,True,0.0112,Gregory College House -> Huntsman Hall -> Van Pelt Library -> Fisher Fine Arts Library -> Levine Hall
640,Gregory College House,Levine Hall,Power outlets,45.0,exact_dynamic_programming,11.0,11.0,0.0,13.7942,25.0,38.7942,1,True,0.0841,Gregory College House -> Van Pelt Library -> Levine Hall
640,Gregory College House,Levine Hall,Power outlets,45.0,greedy_reward_per_minute,11.0,11.0,0.0,13.7942,25.0,38.7942,1,True,0.0118,Gregory College House -> Van Pelt Library -> Levine Hall
640,Gregory College House,Levine Hall,Power outlets,45.0,nearest,8.8,11.0,20.0,14.4255,20.0,34.4255,1,True,0.0076,Gregory College House -> Huntsman Hall -> Levine Hall
641,Gregory College House,Levine Hall,Power outlets,60.0,exact_dynamic_programming,17.6,17.6,0.0,17.6032,40.0,57.6032,2,True,0.0818,Gregory College House -> Huntsman Hall -> Towne Building -> Levine Hall
641,Gregory College House,Levine Hall,Power outlets,60.0,greedy_reward_per_minute,11.0,17.6,37.5,13.7942,25.0,38.7942,1,True,0.0245,Gregory College House -> Van Pelt Library -> Levine Hall
641,Gregory College House,Levine Hall,Power outlets,60.0,nearest,15.4,17.6,12.5,17.9781,40.0,57.9781,2,True,0.0092,Gregory College House -> Huntsman Hall -> Houston Hall -> Levine Hall
642,Gregory College House,Levine Hall,Power outlets,90.0,exact_dynamic_programming,30.8,30.8,0.0,18.9544,70.0,88.9544,3,True,0.1428,Gregory College House -> Holman Biotech Commons -> Van Pelt Library -> Towne Building -> Levine Hall
642,Gregory College House,Levine Hall,Power outlets,90.0,greedy_reward_per_minute,26.4,30.8,14.2857,22.4748,65.0,87.4748,3,True,0.0175,Gregory College House -> Van Pelt Library -> Towne Building -> Houston Hall -> Levine Hall
642,Gregory College House,Levine Hall,Power outlets,90.0,nearest,28.6,30.8,7.1429,16.7809,70.0,86.7809,3,True,0.0106,Gregory College House -> Huntsman Hall -> Van Pelt Library -> Fisher Fine Arts Library -> Levine Hall
643,Gregory College House,Levine Hall,No preference,45.0,exact_dynamic_programming,9.0,9.0,0.0,13.7942,25.0,38.7942,1,True,0.0801,Gregory College House -> Van Pelt Library -> Levine Hall
643,Gregory College House,Levine Hall,No preference,45.0,greedy_reward_per_minute,8.3,9.0,7.7778,14.4255,20.0,34.4255,1,True,0.0125,Gregory College House -> Huntsman Hall -> Levine Hall
643,Gregory College House,Levine Hall,No preference,45.0,nearest,8.3,9.0,7.7778,14.4255,20.0,34.4255,1,True,0.0075,Gregory College House -> Huntsman Hall -> Levine Hall
644,Gregory College House,Levine Hall,No preference,60.0,exact_dynamic_programming,16.4,16.4,0.0,17.9781,40.0,57.9781,2,True,0.0833,Gregory College House -> Huntsman Hall -> Houston Hall -> Levine Hall
644,Gregory College House,Levine Hall,No preference,60.0,greedy_reward_per_minute,16.4,16.4,0.0,17.9781,40.0,57.9781,2,True,0.0145,Gregory College House -> Huntsman Hall -> Houston Hall -> Levine Hall
644,Gregory College House,Levine Hall,No preference,60.0,nearest,16.4,16.4,0.0,17.9781,40.0,57.9781,2,True,0.0089,Gregory College House -> Huntsman Hall -> Houston Hall -> Levine Hall
645,Gregory College House,Levine Hall,No preference,90.0,exact_dynamic_programming,26.1,26.1,0.0,19.3471,70.0,89.3471,3,True,0.1411,Gregory College House -> Holman Biotech Commons -> Houston Hall -> Van Pelt Library -> Levine Hall
645,Gregory College House,Levine Hall,No preference,90.0,greedy_reward_per_minute,25.4,26.1,2.682,18.8203,65.0,83.8203,3,True,0.0203,Gregory College House -> Huntsman Hall -> Van Pelt Library -> Houston Hall -> Levine Hall
645,Gregory College House,Levine Hall,No preference,90.0,nearest,24.6,26.1,5.7471,16.7809,70.0,86.7809,3,True,0.0113,Gregory College House -> Huntsman Hall -> Van Pelt Library -> Fisher Fine Arts Library -> Levine Hall
646,Gregory College House,David Rittenhouse Laboratory,Quiet,45.0,exact_dynamic_programming,11.0,11.0,0.0,14.5131,25.0,39.5131,1,True,0.152,Gregory College House -> Van Pelt Library -> David Rittenhouse Laboratory
646,Gregory College House,David Rittenhouse Laboratory,Quiet,45.0,greedy_reward_per_minute,11.0,11.0,0.0,14.5131,25.0,39.5131,1,True,0.0136,Gregory College House -> Van Pelt Library -> David Rittenhouse Laboratory
646,Gregory College House,David Rittenhouse Laboratory,Quiet,45.0,nearest,4.8,11.0,56.3636,15.1444,20.0,35.1444,1,True,0.0087,Gregory College House -> Huntsman Hall -> David Rittenhouse Laboratory
647,Gregory College House,David Rittenhouse Laboratory,Quiet,60.0,exact_dynamic_programming,13.8,13.8,0.0,17.2009,40.0,57.2009,2,True,0.1651,Gregory College House -> Towne Building -> Levine Hall -> David Rittenhouse Laboratory
647,Gregory College House,David Rittenhouse Laboratory,Quiet,60.0,greedy_reward_per_minute,11.0,13.8,20.2899,14.5131,25.0,39.5131,1,True,0.0129,Gregory College House -> Van Pelt Library -> David Rittenhouse Laboratory
647,Gregory College House,David Rittenhouse Laboratory,Quiet,60.0,nearest,9.4,13.8,31.8841,19.4885,40.0,59.4885,2,True,0.0099,Gregory College House -> Huntsman Hall -> Houston Hall -> David Rittenhouse Laboratory
648,Gregory College House,David Rittenhouse Laboratory,Quiet,90.0,exact_dynamic_programming,28.8,28.8,0.0,17.0685,70.0,87.0685,3,True,0.2586,Gregory College House -> Van Pelt Library -> Fisher Fine Arts Library -> Levine Hall -> David Rittenhouse Laboratory
648,Gregory College House,David Rittenhouse Laboratory,Quiet,90.0,greedy_reward_per_minute,28.8,28.8,0.0,17.0685,70.0,87.0685,3,True,0.0198,Gregory College House -> Van Pelt Library -> Fisher Fine Arts Library -> Levine Hall -> David Rittenhouse Laboratory
648,Gregory College House,David Rittenhouse Laboratory,Quiet,90.0,nearest,26.6,28.8,7.6389,17.9274,70.0,87.9274,3,True,0.0115,Gregory College House -> Huntsman Hall -> Van Pelt Library -> Fisher Fine Arts Library -> David Rittenhouse Laboratory
649,Gregory College House,David Rittenhouse Laboratory,Collaborative,45.0,exact_dynamic_programming,10.8,10.8,0.0,15.1444,20.0,35.1444,1,True,0.1499,Gregory College House -> Huntsman Hall -> David Rittenhouse Laboratory
649,Gregory College House,David Rittenhouse Laboratory,Collaborative,45.0,greedy_reward_per_minute,10.8,10.8,0.0,15.1444,20.0,35.1444,1,True,0.0127,Gregory College House -> Huntsman Hall -> David Rittenhouse Laboratory
649,Gregory College House,David Rittenhouse Laboratory,Collaborative,45.0,nearest,10.8,10.8,0.0,15.1444,20.0,35.1444,1,True,0.0078,Gregory College House -> Huntsman Hall -> David Rittenhouse Laboratory
650,Gregory College House,David Rittenhouse Laboratory,Collaborative,60.0,exact_dynamic_programming,21.4,21.4,0.0,19.4885,40.0,59.4885,2,True,0.1601,Gregory College House -> Huntsman Hall -> Houston Hall -> David Rittenhouse Laboratory
650,Gregory College House,David Rittenhouse Laboratory,Collaborative,60.0,greedy_reward_per_minute,21.4,21.4,0.0,19.4885,40.0,59.4885,2,True,0.0164,Gregory College House -> Huntsman Hall -> Houston Hall -> David Rittenhouse Laboratory
650,Gregory College House,David Rittenhouse Laboratory,Collaborative,60.0,nearest,21.4,21.4,0.0,19.4885,40.0,59.4885,2,True,0.0101,Gregory College House -> Huntsman Hall -> Houston Hall -> David Rittenhouse Laboratory
651,Gregory College House,David Rittenhouse Laboratory,Collaborative,90.0,exact_dynamic_programming,30.4,30.4,0.0,19.9455,60.0,79.9455,3,True,0.2555,Gregory College House -> Huntsman Hall -> Houston Hall -> Levine Hall -> David Rittenhouse Laboratory
651,Gregory College House,David Rittenhouse Laboratory,Collaborative,90.0,greedy_reward_per_minute,30.4,30.4,0.0,19.9455,60.0,79.9455,3,True,0.0204,Gregory College House -> Huntsman Hall -> Houston Hall -> Levine Hall -> David Rittenhouse Laboratory
651,Gregory College House,David Rittenhouse Laboratory,Collaborative,90.0,nearest,22.6,30.4,25.6579,17.9274,70.0,87.9274,3,True,0.0122,Gregory College House -> Huntsman Hall -> Van Pelt Library -> Fisher Fine Arts Library -> David Rittenhouse Laboratory
652,Gregory College House,David Rittenhouse Laboratory,Coffee nearby,45.0,exact_dynamic_programming,10.6,10.6,0.0,16.3966,20.0,36.3966,1,True,0.15,Gregory College House -> Houston Hall -> David Rittenhouse Laboratory
652,Gregory College House,David Rittenhouse Laboratory,Coffee nearby,45.0,greedy_reward_per_minute,10.6,10.6,0.0,16.3966,20.0,36.3966,1,True,0.0129,Gregory College House -> Houston Hall -> David Rittenhouse Laboratory
652,Gregory College House,David Rittenhouse Laboratory,Coffee nearby,45.0,nearest,8.8,10.6,16.9811,15.1444,20.0,35.1444,1,True,0.0084,Gregory College House -> Huntsman Hall -> David Rittenhouse Laboratory
653,Gregory College House,David Rittenhouse Laboratory,Coffee nearby,60.0,exact_dynamic_programming,19.4,19.4,0.0,19.4885,40.0,59.4885,2,True,0.1605,Gregory College House -> Huntsman Hall -> Houston Hall -> David Rittenhouse Laboratory
653,Gregory College House,David Rittenhouse Laboratory,Coffee nearby,60.0,greedy_reward_per_minute,17.6,19.4,9.2784,16.8536,40.0,56.8536,2,True,0.0155,Gregory College House -> Houston Hall -> Levine Hall -> David Rittenhouse Laboratory
653,Gregory College House,David Rittenhouse Laboratory,Coffee nearby,60.0,nearest,19.4,19.4,0.0,19.4885,40.0,59.4885,2,True,0.01,Gregory College House -> Huntsman Hall -> Houston Hall -> David Rittenhouse Laboratory
654,Gregory College House,David Rittenhouse Laboratory,Coffee nearby,90.0,exact_dynamic_programming,26.4,26.4,0.0,19.9455,60.0,79.9455,3,True,0.255,Gregory College House -> Huntsman Hall -> Houston Hall -> Levine Hall -> David Rittenhouse Laboratory
654,Gregory College House,David Rittenhouse Laboratory,Coffee nearby,90.0,greedy_reward_per_minute,24.6,26.4,6.8182,23.4675,65.0,88.4675,3,True,0.02,Gregory College House -> Houston Hall -> Levine Hall -> Van Pelt Library -> David Rittenhouse Laboratory
654,Gregory College House,David Rittenhouse Laboratory,Coffee nearby,90.0,nearest,20.6,26.4,21.9697,17.9274,70.0,87.9274,3,True,0.0118,Gregory College House -> Huntsman Hall -> Van Pelt Library -> Fisher Fine Arts Library -> David Rittenhouse Laboratory
655,Gregory College House,David Rittenhouse Laboratory,Power outlets,45.0,exact_dynamic_programming,11.0,11.0,0.0,15.3074,20.0,35.3074,1,True,0.1519,Gregory College House -> Levine Hall -> David Rittenhouse Laboratory
655,Gregory College House,David Rittenhouse Laboratory,Power outlets,45.0,greedy_reward_per_minute,11.0,11.0,0.0,15.3074,20.0,35.3074,1,True,0.0125,Gregory College House -> Levine Hall -> David Rittenhouse Laboratory
655,Gregory College House,David Rittenhouse Laboratory,Power outlets,45.0,nearest,8.8,11.0,20.0,15.1444,20.0,35.1444,1,True,0.0081,Gregory College House -> Huntsman Hall -> David Rittenhouse Laboratory
656,Gregory College House,David Rittenhouse Laboratory,Power outlets,60.0,exact_dynamic_programming,19.8,19.8,0.0,16.3929,40.0,56.3929,2,True,0.1612,Gregory College House -> Huntsman Hall -> Levine Hall -> David Rittenhouse Laboratory
656,Gregory College House,David Rittenhouse Laboratory,Power outlets,60.0,greedy_reward_per_minute,19.8,19.8,0.0,17.755,40.0,57.755,2,True,0.015,Gregory College House -> Levine Hall -> Towne Building -> David Rittenhouse Laboratory
656,Gregory College House,David Rittenhouse Laboratory,Power outlets,60.0,nearest,15.4,19.8,22.2222,19.4885,40.0,59.4885,2,True,0.0098,Gregory College House -> Huntsman Hall -> Houston Hall -> David Rittenhouse Laboratory
657,Gregory College House,David Rittenhouse Laboratory,Power outlets,90.0,exact_dynamic_programming,33.0,33.0,0.0,18.788,70.0,88.788,3,True,0.2476,Gregory College House -> Holman Biotech Commons -> Van Pelt Library -> Levine Hall -> David Rittenhouse Laboratory
657,Gregory College House,David Rittenhouse Laboratory,Power outlets,90.0,greedy_reward_per_minute,30.8,33.0,6.6667,24.0551,65.0,89.0551,3,True,0.019,Gregory College House -> Levine Hall -> Towne Building -> Van Pelt Library -> David Rittenhouse Laboratory
657,Gregory College House,David Rittenhouse Laboratory,Power outlets,90.0,nearest,28.6,33.0,13.3333,17.9274,70.0,87.9274,3,True,0.0117,Gregory College House -> Huntsman Hall -> Van Pelt Library -> Fisher Fine Arts Library -> David Rittenhouse Laboratory
658,Gregory College House,David Rittenhouse Laboratory,No preference,45.0,exact_dynamic_programming,9.0,9.0,0.0,14.5131,25.0,39.5131,1,True,0.1612,Gregory College House -> Van Pelt Library -> David Rittenhouse Laboratory
658,Gregory College House,David Rittenhouse Laboratory,No preference,45.0,greedy_reward_per_minute,8.5,9.0,5.5556,15.3074,20.0,35.3074,1,True,0.0135,Gregory College House -> Levine Hall -> David Rittenhouse Laboratory
658,Gregory College House,David Rittenhouse Laboratory,No preference,45.0,nearest,8.3,9.0,7.7778,15.1444,20.0,35.1444,1,True,0.008,Gregory College House -> Huntsman Hall -> David Rittenhouse Laboratory
659,Gregory College House,David Rittenhouse Laboratory,No preference,60.0,exact_dynamic_programming,16.8,16.8,0.0,16.3929,40.0,56.3929,2,True,0.1599,Gregory College House -> Huntsman Hall -> Levine Hall -> David Rittenhouse Laboratory
659,Gregory College House,David Rittenhouse Laboratory,No preference,60.0,greedy_reward_per_minute,15.3,16.8,8.9286,17.755,40.0,57.755,2,True,0.0155,Gregory College House -> Levine Hall -> Towne Building -> David Rittenhouse Laboratory
659,Gregory College House,David Rittenhouse Laboratory,No preference,60.0,nearest,16.4,16.8,2.381,19.4885,40.0,59.4885,2,True,0.0097,Gregory College House -> Huntsman Hall -> Houston Hall -> David Rittenhouse Laboratory
660,Gregory College House,David Rittenhouse Laboratory,No preference,90.0,exact_dynamic_programming,26.5,26.5,0.0,18.788,70.0,88.788,3,True,0.2564,Gregory College House -> Holman Biotech Commons -> Van Pelt Library -> Levine Hall -> David Rittenhouse Laboratory
660,Gregory College House,David Rittenhouse Laboratory,No preference,90.0,greedy_reward_per_minute,23.4,26.5,11.6981,25.705,60.0,85.705,3,True,0.0207,Gregory College House -> Levine Hall -> Towne Building -> Houston Hall -> David Rittenhouse Laboratory
660,Gregory College House,David Rittenhouse Laboratory,No preference,90.0,nearest,24.6,26.5,7.1698,17.9274,70.0,87.9274,3,True,0.0119,Gregory College House -> Huntsman Hall -> Van Pelt Library -> Fisher Fine Arts Library -> David Rittenhouse Laboratory
661,Gregory College House,Huntsman Hall,Quiet,45.0,exact_dynamic_programming,11.0,11.0,0.0,14.658,25.0,39.658,1,True,0.0807,Gregory College House -> Van Pelt Library -> Huntsman Hall
661,Gregory College House,Huntsman Hall,Quiet,45.0,greedy_reward_per_minute,11.0,11.0,0.0,14.658,25.0,39.658,1,True,0.0124,Gregory College House -> Van Pelt Library -> Huntsman Hall
661,Gregory College House,Huntsman Hall,Quiet,45.0,nearest,9.0,11.0,18.1818,12.6814,25.0,37.6814,1,True,0.0079,Gregory College House -> Holman Biotech Commons -> Huntsman Hall
662,Gregory College House,Huntsman Hall,Quiet,60.0,exact_dynamic_programming,11.0,11.0,0.0,14.658,25.0,39.658,1,True,0.0798,Gregory College House -> Van Pelt Library -> Huntsman Hall
662,Gregory College House,Huntsman Hall,Quiet,60.0,greedy_reward_per_minute,11.0,11.0,0.0,14.658,25.0,39.658,1,True,0.0122,Gregory College House -> Van Pelt Library -> Huntsman Hall
662,Gregory College House,Huntsman Hall,Quiet,60.0,nearest,9.0,11.0,18.1818,12.6814,25.0,37.6814,1,True,0.0079,Gregory College House -> Holman Biotech Commons -> Huntsman Hall
663,Gregory College House,Huntsman Hall,Quiet,90.0,exact_dynamic_programming,26.4,26.4,0.0,18.5564,70.0,88.5564,3,True,0.1346,Gregory College House -> Houston Hall -> Fisher Fine Arts Library -> Van Pelt Library -> Huntsman Hall
663,Gregory College House,Huntsman Hall,Quiet,90.0,greedy_reward_per_minute,26.4,26.4,0.0,19.9685,70.0,89.9685,3,True,0.0172,Gregory College House -> Van Pelt Library -> Fisher Fine Arts Library -> Houston Hall -> Huntsman Hall
663,Gregory College House,Huntsman Hall,Quiet,90.0,nearest,20.6,26.4,21.9697,24.8035,65.0,89.8035,3,True,0.0106,Gregory College House -> Holman Biotech Commons -> Houston Hall -> Levine Hall -> Huntsman Hall
664,Gregory College House,Huntsman Hall,Collaborative,45.0,exact_dynamic_programming,10.6,10.6,0.0,17.1291,20.0,37.1291,1,True,0.0962,Gregory College House -> Houston Hall -> Huntsman Hall
664,Gregory College House,Huntsman Hall,Collaborative,45.0,greedy_reward_per_minute,10.6,10.6,0.0,17.1291,20.0,37.1291,1,True,0.0128,Gregory College House -> Houston Hall -> Huntsman Hall
664,Gregory College House,Huntsman Hall,Collaborative,45.0,nearest,9.0,10.6,15.0943,12.6814,25.0,37.6814,1,True,0.0079,Gregory College House -> Holman Biotech Commons -> Huntsman Hall
665,Gregory College House,Huntsman Hall,Collaborative,60.0,exact_dynamic_programming,10.6,10.6,0.0,17.1291,20.0,37.1291,1,True,0.0795,Gregory College House -> Houston Hall -> Huntsman Hall
665,Gregory College House,Huntsman Hall,Collaborative,60.0,greedy_reward_per_minute,10.6,10.6,0.0,17.1291,20.0,37.1291,1,True,0.0123,Gregory College House -> Houston Hall -> Huntsman Hall
665,Gregory College House,Huntsman Hall,Collaborative,60.0,nearest,9.0,10.6,15.0943,12.6814,25.0,37.6814,1,True,0.0078,Gregory College House -> Holman Biotech Commons -> Huntsman Hall
666,Gregory College House,Huntsman Hall,Collaborative,90.0,exact_dynamic_programming,28.6,28.6,0.0,24.8035,65.0,89.8035,3,True,0.1274,Gregory College House -> Holman Biotech Commons -> Houston Hall -> Levine Hall -> Huntsman Hall
666,Gregory College House,Huntsman Hall,Collaborative,90.0,greedy_reward_per_minute,26.4,28.6,7.6923,25.7416,60.0,85.7416,3,True,0.019,Gregory College House -> Houston Hall -> Levine Hall -> Towne Building -> Huntsman Hall
666,Gregory College House,Huntsman Hall,Collaborative,90.0,nearest,28.6,28.6,0.0,24.8035,65.0,89.8035,3,True,0.0112,Gregory College House -> Holman Biotech Commons -> Houston Hall -> Levine Hall -> Huntsman Hall
667,Gregory College House,Huntsman Hall,Coffee nearby,45.0,exact_dynamic_programming,10.6,10.6,0.0,17.1291,20.0,37.1291,1,True,0.0796,Gregory College House -> Houston Hall -> Huntsman Hall
667,Gregory College House,Huntsman Hall,Coffee nearby,45.0,greedy_reward_per_minute,10.6,10.6,0.0,17.1291,20.0,37.1291,1,True,0.0119,Gregory College House -> Houston Hall -> Huntsman Hall
667,Gregory College House,Huntsman Hall,Coffee nearby,45.0,nearest,7.0,10.6,33.9623,12.6814,25.0,37.6814,1,True,0.0078,Gregory College House -> Holman Biotech Commons -> Huntsman Hall
668,Gregory College House,Huntsman Hall,Coffee nearby,60.0,exact_dynamic_programming,10.6,10.6,0.0,17.1291,20.0,37.1291,1,True,0.0835,Gregory College House -> Houston Hall -> Huntsman Hall
668,Gregory College House,Huntsman Hall,Coffee nearby,60.0,greedy_reward_per_minute,10.6,10.6,0.0,17.1291,20.0,37.1291,1,True,0.0122,Gregory College House -> Houston Hall -> Huntsman Hall
668,Gregory College House,Huntsman Hall,Coffee nearby,60.0,nearest,7.0,10.6,33.9623,12.6814,25.0,37.6814,1,True,0.0078,Gregory College House -> Holman Biotech Commons -> Huntsman Hall
669,Gregory College House,Huntsman Hall,Coffee nearby,90.0,exact_dynamic_programming,24.6,24.6,0.0,23.6124,65.0,88.6124,3,True,0.1283,Gregory College House -> Houston Hall -> Levine Hall -> Van Pelt Library -> Huntsman Hall
669,Gregory College House,Huntsman Hall,Coffee nearby,90.0,greedy_reward_per_minute,24.6,24.6,0.0,23.6124,65.0,88.6124,3,True,0.0189,Gregory College House -> Houston Hall -> Levine Hall -> Van Pelt Library -> Huntsman Hall
669,Gregory College House,Huntsman Hall,Coffee nearby,90.0,nearest,24.6,24.6,0.0,24.8035,65.0,89.8035,3,True,0.0109,Gregory College House -> Holman Biotech Commons -> Houston Hall -> Levine Hall -> Huntsman Hall
670,Gregory College House,Huntsman Hall,Power outlets,45.0,exact_dynamic_programming,11.0,11.0,0.0,12.6814,25.0,37.6814,1,True,0.0921,Gregory College House -> Holman Biotech Commons -> Huntsman Hall
670,Gregory College House,Huntsman Hall,Power outlets,45.0,greedy_reward_per_minute,11.0,11.0,0.0,12.6814,25.0,37.6814,1,True,0.0121,Gregory College House -> Holman Biotech Commons -> Huntsman Hall
670,Gregory College House,Huntsman Hall,Power outlets,45.0,nearest,11.0,11.0,0.0,12.6814,25.0,37.6814,1,True,0.0075,Gregory College House -> Holman Biotech Commons -> Huntsman Hall
671,Gregory College House,Huntsman Hall,Power outlets,60.0,exact_dynamic_programming,11.0,11.0,0.0,12.6814,25.0,37.6814,1,True,0.0793,Gregory College House -> Holman Biotech Commons -> Huntsman Hall
671,Gregory College House,Huntsman Hall,Power outlets,60.0,greedy_reward_per_minute,11.0,11.0,0.0,12.6814,25.0,37.6814,1,True,0.0119,Gregory College House -> Holman Biotech Commons -> Huntsman Hall
671,Gregory College House,Huntsman Hall,Power outlets,60.0,nearest,11.0,11.0,0.0,12.6814,25.0,37.6814,1,True,0.0074,Gregory College House -> Holman Biotech Commons -> Huntsman Hall
672,Gregory College House,Huntsman Hall,Power outlets,90.0,exact_dynamic_programming,30.8,30.8,0.0,23.6057,65.0,88.6057,3,True,0.1209,Gregory College House -> Van Pelt Library -> Towne Building -> Levine Hall -> Huntsman Hall
672,Gregory College House,Huntsman Hall,Power outlets,90.0,greedy_reward_per_minute,22.0,30.8,28.5714,17.6844,50.0,67.6844,2,True,0.0168,Gregory College House -> Holman Biotech Commons -> Van Pelt Library -> Huntsman Hall
672,Gregory College House,Huntsman Hall,Power outlets,90.0,nearest,28.6,30.8,7.1429,24.8035,65.0,89.8035,3,True,0.011,Gregory College House -> Holman Biotech Commons -> Houston Hall -> Levine Hall -> Huntsman Hall
673,Gregory College House,Huntsman Hall,No preference,45.0,exact_dynamic_programming,9.0,9.0,0.0,12.6814,25.0,37.6814,1,True,0.0768,Gregory College House -> Holman Biotech Commons -> Huntsman Hall
673,Gregory College House,Huntsman Hall,No preference,45.0,greedy_reward_per_minute,9.0,9.0,0.0,12.6814,25.0,37.6814,1,True,0.0119,Gregory College House -> Holman Biotech Commons -> Huntsman Hall
673,Gregory College House,Huntsman Hall,No preference,45.0,nearest,9.0,9.0,0.0,12.6814,25.0,37.6814,1,True,0.0072,Gregory College House -> Holman Biotech Commons -> Huntsman Hall
674,Gregory College House,Huntsman Hall,No preference,60.0,exact_dynamic_programming,9.0,9.0,0.0,12.6814,25.0,37.6814,1,True,0.078,Gregory College House -> Holman Biotech Commons -> Huntsman Hall
674,Gregory College House,Huntsman Hall,No preference,60.0,greedy_reward_per_minute,9.0,9.0,0.0,12.6814,25.0,37.6814,1,True,0.0123,Gregory College House -> Holman Biotech Commons -> Huntsman Hall
674,Gregory College House,Huntsman Hall,No preference,60.0,nearest,9.0,9.0,0.0,12.6814,25.0,37.6814,1,True,0.0078,Gregory College House -> Holman Biotech Commons -> Huntsman Hall
675,Gregory College House,Huntsman Hall,No preference,90.0,exact_dynamic_programming,25.6,25.6,0.0,23.6124,65.0,88.6124,3,True,0.1268,Gregory College House -> Houston Hall -> Levine Hall -> Van Pelt Library -> Huntsman Hall
675,Gregory College House,Huntsman Hall,No preference,90.0,greedy_reward_per_minute,25.6,25.6,0.0,24.8035,65.0,89.8035,3,True,0.0181,Gregory College House -> Holman Biotech Commons -> Houston Hall -> Levine Hall -> Huntsman Hall
675,Gregory College House,Huntsman Hall,No preference,90.0,nearest,25.6,25.6,0.0,24.8035,65.0,89.8035,3,True,0.0103,Gregory College House -> Holman Biotech Commons -> Houston Hall -> Levine Hall -> Huntsman Hall
676,Gregory College House,Meyerson Hall,Quiet,45.0,exact_dynamic_programming,11.0,11.0,0.0,11.2567,25.0,36.2567,1,True,0.1812,Gregory College House -> Van Pelt Library -> Meyerson Hall
676,Gregory College House,Meyerson Hall,Quiet,45.0,greedy_reward_per_minute,11.0,11.0,0.0,11.2567,25.0,36.2567,1,True,0.0137,Gregory College House -> Van Pelt Library -> Meyerson Hall
676,Gregory College House,Meyerson Hall,Quiet,45.0,nearest,4.8,11.0,56.3636,12.8009,20.0,32.8009,1,True,0.0083,Gregory College House -> Huntsman Hall -> Meyerson Hall
677,Gregory College House,Meyerson Hall,Quiet,60.0,exact_dynamic_programming,15.8,15.8,0.0,12.9365,45.0,57.9365,2,True,0.1904,Gregory College House -> Huntsman Hall -> Van Pelt Library -> Meyerson Hall
677,Gregory College House,Meyerson Hall,Quiet,60.0,greedy_reward_per_minute,11.0,15.8,30.3797,11.2567,25.0,36.2567,1,True,0.0146,Gregory College House -> Van Pelt Library -> Meyerson Hall
677,Gregory College House,Meyerson Hall,Quiet,60.0,nearest,15.8,15.8,0.0,12.9365,45.0,57.9365,2,True,0.0106,Gregory College House -> Huntsman Hall -> Van Pelt Library -> Meyerson Hall
678,Gregory College House,Meyerson Hall,Quiet,90.0,exact_dynamic_programming,28.8,28.8,0.0,17.6385,70.0,87.6385,3,True,0.2851,Gregory College House -> Van Pelt Library -> Fisher Fine Arts Library -> Levine Hall -> Meyerson Hall
678,Gregory College House,Meyerson Hall,Quiet,90.0,greedy_reward_per_minute,28.8,28.8,0.0,17.6385,70.0,87.6385,3,True,0.0205,Gregory College House -> Van Pelt Library -> Fisher Fine Arts Library -> Levine Hall -> Meyerson Hall
678,Gregory College House,Meyerson Hall,Quiet,90.0,nearest,26.6,28.8,7.6389,14.6711,70.0,84.6711,3,True,0.0121,Gregory College House -> Huntsman Hall -> Van Pelt Library -> Fisher Fine Arts Library -> Meyerson Hall
679,Gregory College House,Meyerson Hall,Collaborative,45.0,exact_dynamic_programming,10.8,10.8,0.0,12.8009,20.0,32.8009,1,True,0.1582,Gregory College House -> Huntsman Hall -> Meyerson Hall
679,Gregory College House,Meyerson Hall,Collaborative,45.0,greedy_reward_per_minute,10.8,10.8,0.0,12.8009,20.0,32.8009,1,True,0.0128,Gregory College House -> Huntsman Hall -> Meyerson Hall
679,Gregory College House,Meyerson Hall,Collaborative,45.0,nearest,10.8,10.8,0.0,12.8009,20.0,32.8009,1,True,0.0078,Gregory College House -> Huntsman Hall -> Meyerson Hall
680,Gregory College House,Meyerson Hall,Collaborative,60.0,exact_dynamic_programming,21.4,21.4,0.0,16.2321,40.0,56.2321,2,True,0.1819,Gregory College House -> Huntsman Hall -> Houston Hall -> Meyerson Hall
680,Gregory College House,Meyerson Hall,Collaborative,60.0,greedy_reward_per_minute,21.4,21.4,0.0,16.2321,40.0,56.2321,2,True,0.0174,Gregory College House -> Huntsman Hall -> Houston Hall -> Meyerson Hall
680,Gregory College House,Meyerson Hall,Collaborative,60.0,nearest,17.8,21.4,16.8224,12.9365,45.0,57.9365,2,True,0.0104,Gregory College House -> Huntsman Hall -> Van Pelt Library -> Meyerson Hall
681,Gregory College House,Meyerson Hall,Collaborative,90.0,exact_dynamic_programming,30.4,30.4,0.0,20.5155,60.0,80.5155,3,True,0.2826,Gregory College House -> Huntsman Hall -> Houston Hall -> Levine Hall -> Meyerson Hall
681,Gregory College House,Meyerson Hall,Collaborative,90.0,greedy_reward_per_minute,30.4,30.4,0.0,20.5155,60.0,80.5155,3,True,0.0203,Gregory College House -> Huntsman Hall -> Houston Hall -> Levine Hall -> Meyerson Hall
681,Gregory College House,Meyerson Hall,Collaborative,90.0,nearest,22.6,30.4,25.6579,14.6711,70.0,84.6711,3,True,0.0124,Gregory College House -> Huntsman Hall -> Van Pelt Library -> Fisher Fine Arts Library -> Meyerson Hall
682,Gregory College House,Meyerson Hall,Coffee nearby,45.0,exact_dynamic_programming,10.6,10.6,0.0,13.1402,20.0,33.1402,1,True,0.154,Gregory College House -> Houston Hall -> Meyerson Hall
682,Gregory College House,Meyerson Hall,Coffee nearby,45.0,greedy_reward_per_minute,10.6,10.6,0.0,13.1402,20.0,33.1402,1,True,0.0127,Gregory College House -> Houston Hall -> Meyerson Hall
682,Gregory College House,Meyerson Hall,Coffee nearby,45.0,nearest,8.8,10.6,16.9811,12.8009,20.0,32.8009,1,True,0.0084,Gregory College House -> Huntsman Hall -> Meyerson Hall
683,Gregory College House,Meyerson Hall,Coffee nearby,60.0,exact_dynamic_programming,19.4,19.4,0.0,16.2321,40.0,56.2321,2,True,0.1784,Gregory College House -> Huntsman Hall -> Houston Hall -> Meyerson Hall
683,Gregory College House,Meyerson Hall,Coffee nearby,60.0,greedy_reward_per_minute,17.6,19.4,9.2784,17.4236,40.0,57.4236,2,True,0.0167,Gregory College House -> Houston Hall -> Levine Hall -> Meyerson Hall
683,Gregory College House,Meyerson Hall,Coffee nearby,60.0,nearest,15.8,19.4,18.5567,12.9365,45.0,57.9365,2,True,0.0108,Gregory College House -> Huntsman Hall -> Van Pelt Library -> Meyerson Hall
684,Gregory College House,Meyerson Hall,Coffee nearby,90.0,exact_dynamic_programming,26.4,26.4,0.0,20.5155,60.0,80.5155,3,True,0.285,Gregory College House -> Huntsman Hall -> Houston Hall -> Levine Hall -> Meyerson Hall
684,Gregory College House,Meyerson Hall,Coffee nearby,90.0,greedy_reward_per_minute,26.4,26.4,0.0,27.3442,60.0,87.3442,3,True,0.0194,Gregory College House -> Houston Hall -> Huntsman Hall -> Levine Hall -> Meyerson Hall
684,Gregory College House,Meyerson Hall,Coffee nearby,90.0,nearest,20.6,26.4,21.9697,14.6711,70.0,84.6711,3,True,0.0113,Gregory College House -> Huntsman Hall -> Van Pelt Library -> Fisher Fine Arts Library -> Meyerson Hall
685,Gregory College House,Meyerson Hall,Power outlets,45.0,exact_dynamic_programming,11.0,11.0,0.0,15.8774,20.0,35.8774,1,True,0.1523,Gregory College House -> Levine Hall -> Meyerson Hall
685,Gregory College House,Meyerson Hall,Power outlets,45.0,greedy_reward_per_minute,11.0,11.0,0.0,15.8774,20.0,35.8774,1,True,0.0122,Gregory College House -> Levine Hall -> Meyerson Hall
685,Gregory College House,Meyerson Hall,Power outlets,45.0,nearest,8.8,11.0,20.0,12.8009,20.0,32.8009,1,True,0.0078,Gregory College House -> Huntsman Hall -> Meyerson Hall
686,Gregory College House,Meyerson Hall,Power outlets,60.0,exact_dynamic_programming,19.8,19.8,0.0,16.9629,40.0,56.9629,2,True,0.1821,Gregory College House -> Huntsman Hall -> Levine Hall -> Meyerson Hall
686,Gregory College House,Meyerson Hall,Power outlets,60.0,greedy_reward_per_minute,19.8,19.8,0.0,18.6863,40.0,58.6863,2,True,0.0155,Gregory College House -> Levine Hall -> Towne Building -> Meyerson Hall
686,Gregory College House,Meyerson Hall,Power outlets,60.0,nearest,19.8,19.8,0.0,12.9365,45.0,57.9365,2,True,0.0119,Gregory College House -> Huntsman Hall -> Van Pelt Library -> Meyerson Hall
687,Gregory College House,Meyerson Hall,Power outlets,90.0,exact_dynamic_programming,33.0,33.0,0.0,19.358,70.0,89.358,3,True,0.3762,Gregory College House -> Holman Biotech Commons -> Van Pelt Library -> Levine Hall -> Meyerson Hall
687,Gregory College House,Meyerson Hall,Power outlets,90.0,greedy_reward_per_minute,30.8,33.0,6.6667,24.3747,65.0,89.3747,3,True,0.0224,Gregory College House -> Levine Hall -> Van Pelt Library -> Towne Building -> Meyerson Hall
687,Gregory College House,Meyerson Hall,Power outlets,90.0,nearest,28.6,33.0,13.3333,14.6711,70.0,84.6711,3,True,0.0147,Gregory College House -> Huntsman Hall -> Van Pelt Library -> Fisher Fine Arts Library -> Meyerson Hall
688,Gregory College House,Meyerson Hall,No preference,45.0,exact_dynamic_programming,9.0,9.0,0.0,11.2567,25.0,36.2567,1,True,0.1736,Gregory College House -> Van Pelt Library -> Meyerson Hall
688,Gregory College House,Meyerson Hall,No preference,45.0,greedy_reward_per_minute,8.3,9.0,7.7778,12.8009,20.0,32.8009,1,True,0.0135,Gregory College House -> Huntsman Hall -> Meyerson Hall
688,Gregory College House,Meyerson Hall,No preference,45.0,nearest,8.3,9.0,7.7778,12.8009,20.0,32.8009,1,True,0.0083,Gregory College House -> Huntsman Hall -> Meyerson Hall
689,Gregory College House,Meyerson Hall,No preference,60.0,exact_dynamic_programming,17.3,17.3,0.0,12.9365,45.0,57.9365,2,True,0.1634,Gregory College House -> Huntsman Hall -> Van Pelt Library -> Meyerson Hall
689,Gregory College House,Meyerson Hall,No preference,60.0,greedy_reward_per_minute,17.3,17.3,0.0,12.9365,45.0,57.9365,2,True,0.0166,Gregory College House -> Huntsman Hall -> Van Pelt Library -> Meyerson Hall
689,Gregory College House,Meyerson Hall,No preference,60.0,nearest,17.3,17.3,0.0,12.9365,45.0,57.9365,2,True,0.0098,Gregory College House -> Huntsman Hall -> Van Pelt Library -> Meyerson Hall
690,Gregory College House,Meyerson Hall,No preference,90.0,exact_dynamic_programming,26.5,26.5,0.0,19.358,70.0,89.358,3,True,0.2931,Gregory College House -> Holman Biotech Commons -> Van Pelt Library -> Levine Hall -> Meyerson Hall
690,Gregory College House,Meyerson Hall,No preference,90.0,greedy_reward_per_minute,25.8,26.5,2.6415,18.0114,65.0,83.0114,3,True,0.0212,Gregory College House -> Huntsman Hall -> Van Pelt Library -> Levine Hall -> Meyerson Hall
690,Gregory College House,Meyerson Hall,No preference,90.0,nearest,24.6,26.5,7.1698,14.6711,70.0,84.6711,3,True,0.0121,Gregory College House -> Huntsman Hall -> Van Pelt Library -> Fisher Fine Arts Library -> Meyerson Hall
691,Gregory College House,Claudia Cohen Hall,Quiet,45.0,exact_dynamic_programming,11.0,11.0,0.0,11.8451,25.0,36.8451,1,True,0.1541,Gregory College House -> Van Pelt Library -> Claudia Cohen Hall
691,Gregory College House,Claudia Cohen Hall,Quiet,45.0,greedy_reward_per_minute,11.0,11.0,0.0,11.8451,25.0,36.8451,1,True,0.0132,Gregory College House -> Van Pelt Library -> Claudia Cohen Hall
691,Gregory College House,Claudia Cohen Hall,Quiet,45.0,nearest,4.8,11.0,56.3636,12.6828,20.0,32.6828,1,True,0.0082,Gregory College House -> Huntsman Hall -> Claudia Cohen Hall
692,Gregory College House,Claudia Cohen Hall,Quiet,60.0,exact_dynamic_programming,15.8,15.8,0.0,13.5249,45.0,58.5249,2,True,0.1665,Gregory College House -> Huntsman Hall -> Van Pelt Library -> Claudia Cohen Hall
692,Gregory College House,Claudia Cohen Hall,Quiet,60.0,greedy_reward_per_minute,15.6,15.8,1.2658,13.6553,45.0,58.6553,2,True,0.0155,Gregory College House -> Van Pelt Library -> Houston Hall -> Claudia Cohen Hall
692,Gregory College House,Claudia Cohen Hall,Quiet,60.0,nearest,15.8,15.8,0.0,13.5249,45.0,58.5249,2,True,0.0097,Gregory College House -> Huntsman Hall -> Van Pelt Library -> Claudia Cohen Hall
693,Gregory College House,Claudia Cohen Hall,Quiet,90.0,exact_dynamic_programming,28.8,28.8,0.0,19.4137,70.0,89.4137,3,True,0.2665,Gregory College House -> Van Pelt Library -> Levine Hall -> Fisher Fine Arts Library -> Claudia Cohen Hall
693,Gregory College House,Claudia Cohen Hall,Quiet,90.0,greedy_reward_per_minute,28.6,28.8,0.6944,19.6324,70.0,89.6324,3,True,0.02,Gregory College House -> Van Pelt Library -> Fisher Fine Arts Library -> Towne Building -> Claudia Cohen Hall
693,Gregory College House,Claudia Cohen Hall,Quiet,90.0,nearest,26.6,28.8,7.6389,15.345,70.0,85.345,3,True,0.012,Gregory College House -> Huntsman Hall -> Van Pelt Library -> Fisher Fine Arts Library -> Claudia Cohen Hall
694,Gregory College House,Claudia Cohen Hall,Collaborative,45.0,exact_dynamic_programming,10.8,10.8,0.0,12.6828,20.0,32.6828,1,True,0.1538,Gregory College House -> Huntsman Hall -> Claudia Cohen Hall
694,Gregory College House,Claudia Cohen Hall,Collaborative,45.0,greedy_reward_per_minute,10.6,10.8,1.8519,11.401,20.0,31.401,1,True,0.013,Gregory College House -> Houston Hall -> Claudia Cohen Hall
694,Gregory College House,Claudia Cohen Hall,Collaborative,45.0,nearest,10.8,10.8,0.0,12.6828,20.0,32.6828,1,True,0.008,Gregory College House -> Huntsman Hall -> Claudia Cohen Hall
695,Gregory College House,Claudia Cohen Hall,Collaborative,60.0,exact_dynamic_programming,21.4,21.4,0.0,14.4929,40.0,54.4929,2,True,0.1656,Gregory College House -> Huntsman Hall -> Houston Hall -> Claudia Cohen Hall
695,Gregory College House,Claudia Cohen Hall,Collaborative,60.0,greedy_reward_per_minute,19.6,21.4,8.4112,19.9646,40.0,59.9646,2,True,0.016,Gregory College House -> Houston Hall -> Levine Hall -> Claudia Cohen Hall
695,Gregory College House,Claudia Cohen Hall,Collaborative,60.0,nearest,17.8,21.4,16.8224,13.5249,45.0,58.5249,2,True,0.0099,Gregory College House -> Huntsman Hall -> Van Pelt Library -> Claudia Cohen Hall
696,Gregory College House,Claudia Cohen Hall,Collaborative,90.0,exact_dynamic_programming,30.4,30.4,0.0,19.9277,60.0,79.9277,3,True,0.2665,Gregory College House -> Huntsman Hall -> Levine Hall -> Houston Hall -> Claudia Cohen Hall
696,Gregory College House,Claudia Cohen Hall,Collaborative,90.0,greedy_reward_per_minute,30.4,30.4,0.0,29.8852,60.0,89.8852,3,True,0.0194,Gregory College House -> Houston Hall -> Huntsman Hall -> Levine Hall -> Claudia Cohen Hall
696,Gregory College House,Claudia Cohen Hall,Collaborative,90.0,nearest,22.6,30.4,25.6579,15.345,70.0,85.345,3,True,0.0125,Gregory College House -> Huntsman Hall -> Van Pelt Library -> Fisher Fine Arts Library -> Claudia Cohen Hall
697,Gregory College House,Claudia Cohen Hall,Coffee nearby,45.0,exact_dynamic_programming,10.6,10.6,0.0,11.401,20.0,31.401,1,True,0.1474,Gregory College House -> Houston Hall -> Claudia Cohen Hall
697,Gregory College House,Claudia Cohen Hall,Coffee nearby,45.0,greedy_reward_per_minute,10.6,10.6,0.0,11.401,20.0,31.401,1,True,0.0126,Gregory College House -> Houston Hall -> Claudia Cohen Hall
697,Gregory College House,Claudia Cohen Hall,Coffee nearby,45.0,nearest,8.8,10.6,16.9811,12.6828,20.0,32.6828,1,True,0.0082,Gregory College House -> Huntsman Hall -> Claudia Cohen Hall
698,Gregory College House,Claudia Cohen Hall,Coffee nearby,60.0,exact_dynamic_programming,19.4,19.4,0.0,14.4929,40.0,54.4929,2,True,0.159,Gregory College House -> Huntsman Hall -> Houston Hall -> Claudia Cohen Hall
698,Gregory College House,Claudia Cohen Hall,Coffee nearby,60.0,greedy_reward_per_minute,17.6,19.4,9.2784,19.9646,40.0,59.9646,2,True,0.0155,Gregory College House -> Houston Hall -> Levine Hall -> Claudia Cohen Hall
698,Gregory College House,Claudia Cohen Hall,Coffee nearby,60.0,nearest,15.8,19.4,18.5567,13.5249,45.0,58.5249,2,True,0.0097,Gregory College House -> Huntsman Hall -> Van Pelt Library -> Claudia Cohen Hall
699,Gregory College House,Claudia Cohen Hall,Coffee nearby,90.0,exact_dynamic_programming,26.4,26.4,0.0,19.9277,60.0,79.9277,3,True,0.2663,Gregory College House -> Huntsman Hall -> Levine Hall -> Houston Hall -> Claudia Cohen Hall
699,Gregory College House,Claudia Cohen Hall,Coffee nearby,90.0,greedy_reward_per_minute,26.4,26.4,0.0,23.9062,65.0,88.9062,3,True,0.0191,Gregory College House -> Houston Hall -> Huntsman Hall -> Van Pelt Library -> Claudia Cohen Hall
699,Gregory College House,Claudia Cohen Hall,Coffee nearby,90.0,nearest,20.6,26.4,21.9697,15.345,70.0,85.345,3,True,0.0116,Gregory College House -> Huntsman Hall -> Van Pelt Library -> Fisher Fine Arts Library -> Claudia Cohen Hall
700,Gregory College House,Claudia Cohen Hall,Power outlets,45.0,exact_dynamic_programming,11.0,11.0,0.0,11.8451,25.0,36.8451,1,True,0.1516,Gregory College House -> Van Pelt Library -> Claudia Cohen Hall
700,Gregory College House,Claudia Cohen Hall,Power outlets,45.0,greedy_reward_per_minute,11.0,11.0,0.0,11.8451,25.0,36.8451,1,True,0.0252,Gregory College House -> Van Pelt Library -> Claudia Cohen Hall
700,Gregory College House,Claudia Cohen Hall,Power outlets,45.0,nearest,8.8,11.0,20.0,12.6828,20.0,32.6828,1,True,0.0083,Gregory College House -> Huntsman Hall -> Claudia Cohen Hall
701,Gregory College House,Claudia Cohen Hall,Power outlets,60.0,exact_dynamic_programming,19.8,19.8,0.0,13.5249,45.0,58.5249,2,True,0.1658,Gregory College House -> Huntsman Hall -> Van Pelt Library -> Claudia Cohen Hall
701,Gregory College House,Claudia Cohen Hall,Power outlets,60.0,greedy_reward_per_minute,17.6,19.8,11.1111,13.6553,45.0,58.6553,2,True,0.0142,Gregory College House -> Van Pelt Library -> Houston Hall -> Claudia Cohen Hall
701,Gregory College House,Claudia Cohen Hall,Power outlets,60.0,nearest,19.8,19.8,0.0,13.5249,45.0,58.5249,2,True,0.0094,Gregory College House -> Huntsman Hall -> Van Pelt Library -> Claudia Cohen Hall
702,Gregory College House,Claudia Cohen Hall,Power outlets,90.0,exact_dynamic_programming,30.8,30.8,0.0,20.3388,65.0,85.3388,3,True,0.2691,Gregory College House -> Huntsman Hall -> Levine Hall -> Van Pelt Library -> Claudia Cohen Hall
702,Gregory College House,Claudia Cohen Hall,Power outlets,90.0,greedy_reward_per_minute,30.8,30.8,0.0,20.7661,65.0,85.7661,3,True,0.0201,Gregory College House -> Van Pelt Library -> Levine Hall -> Towne Building -> Claudia Cohen Hall
702,Gregory College House,Claudia Cohen Hall,Power outlets,90.0,nearest,28.6,30.8,7.1429,15.345,70.0,85.345,3,True,0.0116,Gregory College House -> Huntsman Hall -> Van Pelt Library -> Fisher Fine Arts Library -> Claudia Cohen Hall
703,Gregory College House,Claudia Cohen Hall,No preference,45.0,exact_dynamic_programming,9.0,9.0,0.0,11.8451,25.0,36.8451,1,True,0.1483,Gregory College House -> Van Pelt Library -> Claudia Cohen Hall
703,Gregory College House,Claudia Cohen Hall,No preference,45.0,greedy_reward_per_minute,8.1,9.0,10.0,11.401,20.0,31.401,1,True,0.0129,Gregory College House -> Houston Hall -> Claudia Cohen Hall
703,Gregory College House,Claudia Cohen Hall,No preference,45.0,nearest,8.3,9.0,7.7778,12.6828,20.0,32.6828,1,True,0.0079,Gregory College House -> Huntsman Hall -> Claudia Cohen Hall
704,Gregory College House,Claudia Cohen Hall,No preference,60.0,exact_dynamic_programming,17.3,17.3,0.0,13.5249,45.0,58.5249,2,True,0.1635,Gregory College House -> Huntsman Hall -> Van Pelt Library -> Claudia Cohen Hall
704,Gregory College House,Claudia Cohen Hall,No preference,60.0,greedy_reward_per_minute,16.6,17.3,4.0462,19.9646,40.0,59.9646,2,True,0.0157,Gregory College House -> Houston Hall -> Levine Hall -> Claudia Cohen Hall
704,Gregory College House,Claudia Cohen Hall,No preference,60.0,nearest,17.3,17.3,0.0,13.5249,45.0,58.5249,2,True,0.0098,Gregory College House -> Huntsman Hall -> Van Pelt Library -> Claudia Cohen Hall
705,Gregory College House,Claudia Cohen Hall,No preference,90.0,exact_dynamic_programming,26.3,26.3,0.0,19.4585,70.0,89.4585,3,True,0.2666,Gregory College House -> Holman Biotech Commons -> Huntsman Hall -> Van Pelt Library -> Claudia Cohen Hall
705,Gregory College House,Claudia Cohen Hall,No preference,90.0,greedy_reward_per_minute,25.6,26.3,2.6616,22.1859,65.0,87.1859,3,True,0.0207,Gregory College House -> Houston Hall -> Van Pelt Library -> Levine Hall -> Claudia Cohen Hall
705,Gregory College House,Claudia Cohen Hall,No preference,90.0,nearest,24.6,26.3,6.4639,15.345,70.0,85.345,3,True,0.0116,Gregory College House -> Huntsman Hall -> Van Pelt Library -> Fisher Fine Arts Library -> Claudia Cohen Hall
706,Gregory College House,Annenberg School of Communication,Quiet,45.0,exact_dynamic_programming,11.0,11.0,0.0,11.6849,25.0,36.6849,1,True,0.1532,Gregory College House -> Van Pelt Library -> Annenberg School of Communication
706,Gregory College House,Annenberg School of Communication,Quiet,45.0,greedy_reward_per_minute,11.0,11.0,0.0,11.6849,25.0,36.6849,1,True,0.0137,Gregory College House -> Van Pelt Library -> Annenberg School of Communication
706,Gregory College House,Annenberg School of Communication,Quiet,45.0,nearest,4.8,11.0,56.3636,9.7225,20.0,29.7225,1,True,0.0083,Gregory College House -> Huntsman Hall -> Annenberg School of Communication
707,Gregory College House,Annenberg School of Communication,Quiet,60.0,exact_dynamic_programming,15.8,15.8,0.0,13.3647,45.0,58.3647,2,True,0.1581,Gregory College House -> Huntsman Hall -> Van Pelt Library -> Annenberg School of Communication
707,Gregory College House,Annenberg School of Communication,Quiet,60.0,greedy_reward_per_minute,11.0,15.8,30.3797,11.6849,25.0,36.6849,1,True,0.0135,Gregory College House -> Van Pelt Library -> Annenberg School of Communication
707,Gregory College House,Annenberg School of Communication,Quiet,60.0,nearest,15.8,15.8,0.0,13.3647,45.0,58.3647,2,True,0.0102,Gregory College House -> Huntsman Hall -> Van Pelt Library -> Annenberg School of Communication
708,Gregory College House,Annenberg School of Communication,Quiet,90.0,exact_dynamic_programming,28.8,28.8,0.0,19.8676,70.0,89.8676,3,True,0.2606,Gregory College House -> Fisher Fine Arts Library -> Levine Hall -> Van Pelt Library -> Annenberg School of Communication
708,Gregory College House,Annenberg School of Communication,Quiet,90.0,greedy_reward_per_minute,26.4,28.8,8.3333,17.1922,70.0,87.1922,3,True,0.019,Gregory College House -> Van Pelt Library -> Fisher Fine Arts Library -> Houston Hall -> Annenberg School of Communication
708,Gregory College House,Annenberg School of Communication,Quiet,90.0,nearest,26.6,28.8,7.6389,16.7855,70.0,86.7855,3,True,0.0117,Gregory College House -> Huntsman Hall -> Van Pelt Library -> Fisher Fine Arts Library -> Annenberg School of Communication
709,Gregory College House,Annenberg School of Communication,Collaborative,45.0,exact_dynamic_programming,10.8,10.8,0.0,9.7225,20.0,29.7225,1,True,0.157,Gregory College House -> Huntsman Hall -> Annenberg School of Communication
709,Gregory College House,Annenberg School of Communication,Collaborative,45.0,greedy_reward_per_minute,10.8,10.8,0.0,9.7225,20.0,29.7225,1,True,0.0123,Gregory College House -> Huntsman Hall -> Annenberg School of Communication
709,Gregory College House,Annenberg School of Communication,Collaborative,45.0,nearest,10.8,10.8,0.0,9.7225,20.0,29.7225,1,True,0.0076,Gregory College House -> Huntsman Hall -> Annenberg School of Communication
710,Gregory College House,Annenberg School of Communication,Collaborative,60.0,exact_dynamic_programming,21.4,21.4,0.0,17.4447,40.0,57.4447,2,True,0.1537,Gregory College House -> Huntsman Hall -> Houston Hall -> Annenberg School of Communication
710,Gregory College House,Annenberg School of Communication,Collaborative,60.0,greedy_reward_per_minute,21.4,21.4,0.0,17.4447,40.0,57.4447,2,True,0.0147,Gregory College House -> Huntsman Hall -> Houston Hall -> Annenberg School of Communication
710,Gregory College House,Annenberg School of Communication,Collaborative,60.0,nearest,17.8,21.4,16.8224,13.3647,45.0,58.3647,2,True,0.0095,Gregory College House -> Huntsman Hall -> Van Pelt Library -> Annenberg School of Communication
711,Gregory College House,Annenberg School of Communication,Collaborative,90.0,exact_dynamic_programming,30.4,30.4,0.0,22.8795,60.0,82.8795,3,True,0.2616,Gregory College House -> Huntsman Hall -> Levine Hall -> Houston Hall -> Annenberg School of Communication
711,Gregory College House,Annenberg School of Communication,Collaborative,90.0,greedy_reward_per_minute,30.4,30.4,0.0,23.5904,60.0,83.5904,3,True,0.0203,Gregory College House -> Huntsman Hall -> Houston Hall -> Levine Hall -> Annenberg School of Communication
711,Gregory College House,Annenberg School of Communication,Collaborative,90.0,nearest,22.6,30.4,25.6579,16.7855,70.0,86.7855,3,True,0.0115,Gregory College House -> Huntsman Hall -> Van Pelt Library -> Fisher Fine Arts Library -> Annenberg School of Communication
712,Gregory College House,Annenberg School of Communication,Coffee nearby,45.0,exact_dynamic_programming,10.6,10.6,0.0,14.3528,20.0,34.3528,1,True,0.1469,Gregory College House -> Houston Hall -> Annenberg School of Communication
712,Gregory College House,Annenberg School of Communication,Coffee nearby,45.0,greedy_reward_per_minute,8.8,10.6,16.9811,9.7225,20.0,29.7225,1,True,0.0129,Gregory College House -> Huntsman Hall -> Annenberg School of Communication
712,Gregory College House,Annenberg School of Communication,Coffee nearby,45.0,nearest,8.8,10.6,16.9811,9.7225,20.0,29.7225,1,True,0.0077,Gregory College House -> Huntsman Hall -> Annenberg School of Communication
713,Gregory College House,Annenberg School of Communication,Coffee nearby,60.0,exact_dynamic_programming,19.4,19.4,0.0,17.4447,40.0,57.4447,2,True,0.155,Gregory College House -> Huntsman Hall -> Houston Hall -> Annenberg School of Communication
713,Gregory College House,Annenberg School of Communication,Coffee nearby,60.0,greedy_reward_per_minute,19.4,19.4,0.0,17.4447,40.0,57.4447,2,True,0.0151,Gregory College House -> Huntsman Hall -> Houston Hall -> Annenberg School of Communication
713,Gregory College House,Annenberg School of Communication,Coffee nearby,60.0,nearest,15.8,19.4,18.5567,13.3647,45.0,58.3647,2,True,0.0098,Gregory College House -> Huntsman Hall -> Van Pelt Library -> Annenberg School of Communication
714,Gregory College House,Annenberg School of Communication,Coffee nearby,90.0,exact_dynamic_programming,26.4,26.4,0.0,22.8795,60.0,82.8795,3,True,0.2576,Gregory College House -> Huntsman Hall -> Levine Hall -> Houston Hall -> Annenberg School of Communication
714,Gregory College House,Annenberg School of Communication,Coffee nearby,90.0,greedy_reward_per_minute,26.4,26.4,0.0,18.0901,65.0,83.0901,3,True,0.0205,Gregory College House -> Huntsman Hall -> Houston Hall -> Van Pelt Library -> Annenberg School of Communication
714,Gregory College House,Annenberg School of Communication,Coffee nearby,90.0,nearest,20.6,26.4,21.9697,16.7855,70.0,86.7855,3,True,0.0118,Gregory College House -> Huntsman Hall -> Van Pelt Library -> Fisher Fine Arts Library -> Annenberg School of Communication
715,Gregory College House,Annenberg School of Communication,Power outlets,45.0,exact_dynamic_programming,11.0,11.0,0.0,11.6849,25.0,36.6849,1,True,0.1476,Gregory College House -> Van Pelt Library -> Annenberg School of Communication
715,Gregory College House,Annenberg School of Communication,Power outlets,45.0,greedy_reward_per_minute,8.8,11.0,20.0,9.7225,20.0,29.7225,1,True,0.0124,Gregory College House -> Huntsman Hall -> Annenberg School of Communication
715,Gregory College House,Annenberg School of Communication,Power outlets,45.0,nearest,8.8,11.0,20.0,9.7225,20.0,29.7225,1,True,0.0079,Gregory College House -> Huntsman Hall -> Annenberg School of Communication
716,Gregory College House,Annenberg School of Communication,Power outlets,60.0,exact_dynamic_programming,19.8,19.8,0.0,13.3647,45.0,58.3647,2,True,0.1561,Gregory College House -> Huntsman Hall -> Van Pelt Library -> Annenberg School of Communication
716,Gregory College House,Annenberg School of Communication,Power outlets,60.0,greedy_reward_per_minute,19.8,19.8,0.0,13.3647,45.0,58.3647,2,True,0.0147,Gregory College House -> Huntsman Hall -> Van Pelt Library -> Annenberg School of Communication
716,Gregory College House,Annenberg School of Communication,Power outlets,60.0,nearest,19.8,19.8,0.0,13.3647,45.0,58.3647,2,True,0.0097,Gregory College House -> Huntsman Hall -> Van Pelt Library -> Annenberg School of Communication
717,Gregory College House,Annenberg School of Communication,Power outlets,90.0,exact_dynamic_programming,30.8,30.8,0.0,20.1786,65.0,85.1786,3,True,0.2587,Gregory College House -> Huntsman Hall -> Levine Hall -> Van Pelt Library -> Annenberg School of Communication
717,Gregory College House,Annenberg School of Communication,Power outlets,90.0,greedy_reward_per_minute,30.8,30.8,0.0,21.0863,65.0,86.0863,3,True,0.02,Gregory College House -> Huntsman Hall -> Van Pelt Library -> Levine Hall -> Annenberg School of Communication
717,Gregory College House,Annenberg School of Communication,Power outlets,90.0,nearest,28.6,30.8,7.1429,16.7855,70.0,86.7855,3,True,0.0117,Gregory College House -> Huntsman Hall -> Van Pelt Library -> Fisher Fine Arts Library -> Annenberg School of Communication
718,Gregory College House,Annenberg School of Communication,No preference,45.0,exact_dynamic_programming,9.0,9.0,0.0,11.6849,25.0,36.6849,1,True,0.1575,Gregory College House -> Van Pelt Library -> Annenberg School of Communication
718,Gregory College House,Annenberg School of Communication,No preference,45.0,greedy_reward_per_minute,8.3,9.0,7.7778,9.7225,20.0,29.7225,1,True,0.0133,Gregory College House -> Huntsman Hall -> Annenberg School of Communication
718,Gregory College House,Annenberg School of Communication,No preference,45.0,nearest,8.3,9.0,7.7778,9.7225,20.0,29.7225,1,True,0.0081,Gregory College House -> Huntsman Hall -> Annenberg School of Communication
719,Gregory College House,Annenberg School of Communication,No preference,60.0,exact_dynamic_programming,17.3,17.3,0.0,13.3647,45.0,58.3647,2,True,0.1761,Gregory College House -> Huntsman Hall -> Van Pelt Library -> Annenberg School of Communication
719,Gregory College House,Annenberg School of Communication,No preference,60.0,greedy_reward_per_minute,17.3,17.3,0.0,13.3647,45.0,58.3647,2,True,0.0161,Gregory College House -> Huntsman Hall -> Van Pelt Library -> Annenberg School of Communication
719,Gregory College House,Annenberg School of Communication,No preference,60.0,nearest,17.3,17.3,0.0,13.3647,45.0,58.3647,2,True,0.0098,Gregory College House -> Huntsman Hall -> Van Pelt Library -> Annenberg School of Communication
720,Gregory College House,Annenberg School of Communication,No preference,90.0,exact_dynamic_programming,26.3,26.3,0.0,19.2983,70.0,89.2983,3,True,0.2682,Gregory College House -> Holman Biotech Commons -> Huntsman Hall -> Van Pelt Library -> Annenberg School of Communication
720,Gregory College House,Annenberg School of Communication,No preference,90.0,greedy_reward_per_minute,25.4,26.3,3.4221,18.2869,65.0,83.2869,3,True,0.0216,Gregory College House -> Huntsman Hall -> Van Pelt Library -> Houston Hall -> Annenberg School of Communication
720,Gregory College House,Annenberg School of Communication,No preference,90.0,nearest,24.6,26.3,6.4639,16.7855,70.0,86.7855,3,True,0.0122,Gregory College House -> Huntsman Hall -> Van Pelt Library -> Fisher Fine Arts Library -> Annenberg School of Communication
721,Stouffer College House,Towne Building,Quiet,45.0,exact_dynamic_programming,11.0,11.0,0.0,9.5481,25.0,34.5481,1,True,0.0808,Stouffer College House -> Van Pelt Library -> Towne Building
721,Stouffer College House,Towne Building,Quiet,45.0,greedy_reward_per_minute,11.0,11.0,0.0,9.5481,25.0,34.5481,1,True,0.0127,Stouffer College House -> Van Pelt Library -> Towne Building
721,Stouffer College House,Towne Building,Quiet,45.0,nearest,9.0,11.0,18.1818,10.8164,25.0,35.8164,1,True,0.0079,Stouffer College House -> Holman Biotech Commons -> Towne Building
722,Stouffer College House,Towne Building,Quiet,60.0,exact_dynamic_programming,18.0,18.0,0.0,11.7221,45.0,56.7221,2,True,0.0943,Stouffer College House -> Van Pelt Library -> Levine Hall -> Towne Building
722,Stouffer College House,Towne Building,Quiet,60.0,greedy_reward_per_minute,18.0,18.0,0.0,11.7221,45.0,56.7221,2,True,0.015,Stouffer College House -> Van Pelt Library -> Levine Hall -> Towne Building
722,Stouffer College House,Towne Building,Quiet,60.0,nearest,13.6,18.0,24.4444,11.7662,45.0,56.7662,2,True,0.0093,Stouffer College House -> Holman Biotech Commons -> Houston Hall -> Towne Building
723,Stouffer College House,Towne Building,Quiet,90.0,exact_dynamic_programming,30.8,30.8,0.0,12.7679,75.0,87.7679,3,True,0.151,Stouffer College House -> Holman Biotech Commons -> Van Pelt Library -> Fisher Fine Arts Library -> Towne Building
723,Stouffer College House,Towne Building,Quiet,90.0,greedy_reward_per_minute,28.8,30.8,6.4935,13.029,70.0,83.029,3,True,0.0186,Stouffer College House -> Van Pelt Library -> Fisher Fine Arts Library -> Levine Hall -> Towne Building
723,Stouffer College House,Towne Building,Quiet,90.0,nearest,24.4,30.8,20.7792,12.4587,70.0,82.4587,3,True,0.0113,Stouffer College House -> Holman Biotech Commons -> Houston Hall -> Fisher Fine Arts Library -> Towne Building
724,Stouffer College House,Towne Building,Collaborative,45.0,exact_dynamic_programming,10.8,10.8,0.0,14.1305,20.0,34.1305,1,True,0.0778,Stouffer College House -> Huntsman Hall -> Towne Building
724,Stouffer College House,Towne Building,Collaborative,45.0,greedy_reward_per_minute,10.6,10.8,1.8519,9.9013,20.0,29.9013,1,True,0.0117,Stouffer College House -> Houston Hall -> Towne Building
724,Stouffer College House,Towne Building,Collaborative,45.0,nearest,9.0,10.8,16.6667,10.8164,25.0,35.8164,1,True,0.0074,Stouffer College House -> Holman Biotech Commons -> Towne Building
725,Stouffer College House,Towne Building,Collaborative,60.0,exact_dynamic_programming,21.4,21.4,0.0,16.3726,40.0,56.3726,2,True,0.0919,Stouffer College House -> Huntsman Hall -> Houston Hall -> Towne Building
725,Stouffer College House,Towne Building,Collaborative,60.0,greedy_reward_per_minute,19.6,21.4,8.4112,12.3419,40.0,52.3419,2,True,0.0148,Stouffer College House -> Houston Hall -> Levine Hall -> Towne Building
725,Stouffer College House,Towne Building,Collaborative,60.0,nearest,19.6,21.4,8.4112,11.7662,45.0,56.7662,2,True,0.0095,Stouffer College House -> Holman Biotech Commons -> Houston Hall -> Towne Building
726,Stouffer College House,Towne Building,Collaborative,90.0,exact_dynamic_programming,30.4,30.4,0.0,18.8132,60.0,78.8132,3,True,0.1569,Stouffer College House -> Huntsman Hall -> Houston Hall -> Levine Hall -> Towne Building
726,Stouffer College House,Towne Building,Collaborative,90.0,greedy_reward_per_minute,30.4,30.4,0.0,26.5672,60.0,86.5672,3,True,0.0208,Stouffer College House -> Houston Hall -> Levine Hall -> Huntsman Hall -> Towne Building
726,Stouffer College House,Towne Building,Collaborative,90.0,nearest,24.4,30.4,19.7368,12.4587,70.0,82.4587,3,True,0.0108,Stouffer College House -> Holman Biotech Commons -> Houston Hall -> Fisher Fine Arts Library -> Towne Building
727,Stouffer College House,Towne Building,Coffee nearby,45.0,exact_dynamic_programming,10.6,10.6,0.0,9.9013,20.0,29.9013,1,True,0.0767,Stouffer College House -> Houston Hall -> Towne Building
727,Stouffer College House,Towne Building,Coffee nearby,45.0,greedy_reward_per_minute,10.6,10.6,0.0,9.9013,20.0,29.9013,1,True,0.0117,Stouffer College House -> Houston Hall -> Towne Building
727,Stouffer College House,Towne Building,Coffee nearby,45.0,nearest,7.0,10.6,33.9623,10.8164,25.0,35.8164,1,True,0.0076,Stouffer College House -> Holman Biotech Commons -> Towne Building
728,Stouffer College House,Towne Building,Coffee nearby,60.0,exact_dynamic_programming,19.4,19.4,0.0,16.3726,40.0,56.3726,2,True,0.0906,Stouffer College House -> Huntsman Hall -> Houston Hall -> Towne Building
728,Stouffer College House,Towne Building,Coffee nearby,60.0,greedy_reward_per_minute,17.6,19.4,9.2784,12.3419,40.0,52.3419,2,True,0.0145,Stouffer College House -> Houston Hall -> Levine Hall -> Towne Building
728,Stouffer College House,Towne Building,Coffee nearby,60.0,nearest,17.6,19.4,9.2784,11.7662,45.0,56.7662,2,True,0.0092,Stouffer College House -> Holman Biotech Commons -> Houston Hall -> Towne Building
729,Stouffer College House,Towne Building,Coffee nearby,90.0,exact_dynamic_programming,26.4,26.4,0.0,18.8132,60.0,78.8132,3,True,0.1449,Stouffer College House -> Huntsman Hall -> Houston Hall -> Levine Hall -> Towne Building
729,Stouffer College House,Towne Building,Coffee nearby,90.0,greedy_reward_per_minute,26.4,26.4,0.0,26.5672,60.0,86.5672,3,True,0.0177,Stouffer College House -> Houston Hall -> Levine Hall -> Huntsman Hall -> Towne Building
729,Stouffer College House,Towne Building,Coffee nearby,90.0,nearest,22.4,26.4,15.1515,12.4587,70.0,82.4587,3,True,0.0108,Stouffer College House -> Holman Biotech Commons -> Houston Hall -> Fisher Fine Arts Library -> Towne Building
730,Stouffer College House,Towne Building,Power outlets,45.0,exact_dynamic_programming,11.0,11.0,0.0,11.0512,20.0,31.0512,1,True,0.0793,Stouffer College House -> Levine Hall -> Towne Building
730,Stouffer College House,Towne Building,Power outlets,45.0,greedy_reward_per_minute,11.0,11.0,0.0,11.0512,20.0,31.0512,1,True,0.0118,Stouffer College House -> Levine Hall -> Towne Building
730,Stouffer College House,Towne Building,Power outlets,45.0,nearest,11.0,11.0,0.0,10.8164,25.0,35.8164,1,True,0.0075,Stouffer College House -> Holman Biotech Commons -> Towne Building
731,Stouffer College House,Towne Building,Power outlets,60.0,exact_dynamic_programming,22.0,22.0,0.0,11.7221,45.0,56.7221,2,True,0.0901,Stouffer College House -> Van Pelt Library -> Levine Hall -> Towne Building
731,Stouffer College House,Towne Building,Power outlets,60.0,greedy_reward_per_minute,17.6,22.0,20.0,17.598,40.0,57.598,2,True,0.0137,Stouffer College House -> Levine Hall -> Houston Hall -> Towne Building
731,Stouffer College House,Towne Building,Power outlets,60.0,nearest,17.6,22.0,20.0,11.7662,45.0,56.7662,2,True,0.0089,Stouffer College House -> Holman Biotech Commons -> Houston Hall -> Towne Building
732,Stouffer College House,Towne Building,Power outlets,90.0,exact_dynamic_programming,33.0,33.0,0.0,13.9016,70.0,83.9016,3,True,0.1586,Stouffer College House -> Holman Biotech Commons -> Van Pelt Library -> Levine Hall -> Towne Building
732,Stouffer College House,Towne Building,Power outlets,90.0,greedy_reward_per_minute,30.8,33.0,6.6667,17.7799,70.0,87.7799,3,True,0.0176,Stouffer College House -> Levine Hall -> Van Pelt Library -> Fisher Fine Arts Library -> Towne Building
732,Stouffer College House,Towne Building,Power outlets,90.0,nearest,26.4,33.0,20.0,12.4587,70.0,82.4587,3,True,0.0111,Stouffer College House -> Holman Biotech Commons -> Houston Hall -> Fisher Fine Arts Library -> Towne Building
733,Stouffer College House,Towne Building,No preference,45.0,exact_dynamic_programming,9.0,9.0,0.0,9.5481,25.0,34.5481,1,True,0.0793,Stouffer College House -> Van Pelt Library -> Towne Building
733,Stouffer College House,Towne Building,No preference,45.0,greedy_reward_per_minute,8.1,9.0,10.0,9.9013,20.0,29.9013,1,True,0.0122,Stouffer College House -> Houston Hall -> Towne Building
733,Stouffer College House,Towne Building,No preference,45.0,nearest,9.0,9.0,0.0,10.8164,25.0,35.8164,1,True,0.0079,Stouffer College House -> Holman Biotech Commons -> Towne Building
734,Stouffer College House,Towne Building,No preference,60.0,exact_dynamic_programming,17.5,17.5,0.0,11.7221,45.0,56.7221,2,True,0.0927,Stouffer College House -> Van Pelt Library -> Levine Hall -> Towne Building
734,Stouffer College House,Towne Building,No preference,60.0,greedy_reward_per_minute,16.6,17.5,5.1429,12.3419,40.0,52.3419,2,True,0.0153,Stouffer College House -> Houston Hall -> Levine Hall -> Towne Building
734,Stouffer College House,Towne Building,No preference,60.0,nearest,17.1,17.5,2.2857,11.7662,45.0,56.7662,2,True,0.0093,Stouffer College House -> Holman Biotech Commons -> Houston Hall -> Towne Building
735,Stouffer College House,Towne Building,No preference,90.0,exact_dynamic_programming,26.5,26.5,0.0,13.9016,70.0,83.9016,3,True,0.1552,Stouffer College House -> Holman Biotech Commons -> Van Pelt Library -> Levine Hall -> Towne Building
735,Stouffer College House,Towne Building,No preference,90.0,greedy_reward_per_minute,25.6,26.5,3.3962,18.0303,65.0,83.0303,3,True,0.02,Stouffer College House -> Houston Hall -> Levine Hall -> Van Pelt Library -> Towne Building
735,Stouffer College House,Towne Building,No preference,90.0,nearest,24.4,26.5,7.9245,12.4587,70.0,82.4587,3,True,0.0112,Stouffer College House -> Holman Biotech Commons -> Houston Hall -> Fisher Fine Arts Library -> Towne Building
736,Stouffer College House,Moore School Building,Quiet,45.0,exact_dynamic_programming,11.0,11.0,0.0,9.9756,25.0,34.9756,1,True,0.1522,Stouffer College House -> Van Pelt Library -> Moore School Building
736,Stouffer College House,Moore School Building,Quiet,45.0,greedy_reward_per_minute,11.0,11.0,0.0,9.9756,25.0,34.9756,1,True,0.0133,Stouffer College House -> Van Pelt Library -> Moore School Building
736,Stouffer College House,Moore School Building,Quiet,45.0,nearest,9.0,11.0,18.1818,11.4844,25.0,36.4844,1,True,0.0081,Stouffer College House -> Holman Biotech Commons -> Moore School Building
737,Stouffer College House,Moore School Building,Quiet,60.0,exact_dynamic_programming,18.0,18.0,0.0,11.2241,45.0,56.2241,2,True,0.1737,Stouffer College House -> Van Pelt Library -> Levine Hall -> Moore School Building
737,Stouffer College House,Moore School Building,Quiet,60.0,greedy_reward_per_minute,18.0,18.0,0.0,11.2241,45.0,56.2241,2,True,0.0158,Stouffer College House -> Van Pelt Library -> Levine Hall -> Moore School Building
737,Stouffer College House,Moore School Building,Quiet,60.0,nearest,13.6,18.0,24.4444,13.2518,45.0,58.2518,2,True,0.0103,Stouffer College House -> Holman Biotech Commons -> Houston Hall -> Moore School Building
738,Stouffer College House,Moore School Building,Quiet,90.0,exact_dynamic_programming,30.8,30.8,0.0,13.8897,75.0,88.8897,3,True,0.2828,Stouffer College House -> Holman Biotech Commons -> Van Pelt Library -> Fisher Fine Arts Library -> Moore School Building
738,Stouffer College House,Moore School Building,Quiet,90.0,greedy_reward_per_minute,28.8,30.8,6.4935,12.531,70.0,82.531,3,True,0.0203,Stouffer College House -> Van Pelt Library -> Fisher Fine Arts Library -> Levine Hall -> Moore School Building
738,Stouffer College House,Moore School Building,Quiet,90.0,nearest,24.4,30.8,20.7792,13.5805,70.0,83.5805,3,True,0.0123,Stouffer College House -> Holman Biotech Commons -> Houston Hall -> Fisher Fine Arts Library -> Moore School Building
739,Stouffer College House,Moore School Building,Collaborative,45.0,exact_dynamic_programming,10.8,10.8,0.0,13.5142,20.0,33.5142,1,True,0.1501,Stouffer College House -> Huntsman Hall -> Moore School Building
739,Stouffer College House,Moore School Building,Collaborative,45.0,greedy_reward_per_minute,10.6,10.8,1.8519,11.3869,20.0,31.3869,1,True,0.0125,Stouffer College House -> Houston Hall -> Moore School Building
739,Stouffer College House,Moore School Building,Collaborative,45.0,nearest,9.0,10.8,16.6667,11.4844,25.0,36.4844,1,True,0.0078,Stouffer College House -> Holman Biotech Commons -> Moore School Building
740,Stouffer College House,Moore School Building,Collaborative,60.0,exact_dynamic_programming,21.4,21.4,0.0,17.8582,40.0,57.8582,2,True,0.1725,Stouffer College House -> Huntsman Hall -> Houston Hall -> Moore School Building
740,Stouffer College House,Moore School Building,Collaborative,60.0,greedy_reward_per_minute,19.6,21.4,8.4112,11.8439,40.0,51.8439,2,True,0.0161,Stouffer College House -> Houston Hall -> Levine Hall -> Moore School Building
740,Stouffer College House,Moore School Building,Collaborative,60.0,nearest,19.6,21.4,8.4112,13.2518,45.0,58.2518,2,True,0.0096,Stouffer College House -> Holman Biotech Commons -> Houston Hall -> Moore School Building
741,Stouffer College House,Moore School Building,Collaborative,90.0,exact_dynamic_programming,30.4,30.4,0.0,18.3152,60.0,78.3152,3,True,0.2702,Stouffer College House -> Huntsman Hall -> Houston Hall -> Levine Hall -> Moore School Building
741,Stouffer College House,Moore School Building,Collaborative,90.0,greedy_reward_per_minute,30.4,30.4,0.0,25.9509,60.0,85.9509,3,True,0.0196,Stouffer College House -> Houston Hall -> Levine Hall -> Huntsman Hall -> Moore School Building
741,Stouffer College House,Moore School Building,Collaborative,90.0,nearest,24.4,30.4,19.7368,13.5805,70.0,83.5805,3,True,0.0119,Stouffer College House -> Holman Biotech Commons -> Houston Hall -> Fisher Fine Arts Library -> Moore School Building
742,Stouffer College House,Moore School Building,Coffee nearby,45.0,exact_dynamic_programming,10.6,10.6,0.0,11.3869,20.0,31.3869,1,True,0.1471,Stouffer College House -> Houston Hall -> Moore School Building
742,Stouffer College House,Moore School Building,Coffee nearby,45.0,greedy_reward_per_minute,10.6,10.6,0.0,11.3869,20.0,31.3869,1,True,0.0125,Stouffer College House -> Houston Hall -> Moore School Building
742,Stouffer College House,Moore School Building,Coffee nearby,45.0,nearest,7.0,10.6,33.9623,11.4844,25.0,36.4844,1,True,0.0078,Stouffer College House -> Holman Biotech Commons -> Moore School Building
743,Stouffer College House,Moore School Building,Coffee nearby,60.0,exact_dynamic_programming,19.4,19.4,0.0,17.8582,40.0,57.8582,2,True,0.17,Stouffer College House -> Huntsman Hall -> Houston Hall -> Moore School Building
743,Stouffer College House,Moore School Building,Coffee nearby,60.0,greedy_reward_per_minute,17.6,19.4,9.2784,11.8439,40.0,51.8439,2,True,0.0162,Stouffer College House -> Houston Hall -> Levine Hall -> Moore School Building
743,Stouffer College House,Moore School Building,Coffee nearby,60.0,nearest,17.6,19.4,9.2784,13.2518,45.0,58.2518,2,True,0.01,Stouffer College House -> Holman Biotech Commons -> Houston Hall -> Moore School Building
744,Stouffer College House,Moore School Building,Coffee nearby,90.0,exact_dynamic_programming,26.4,26.4,0.0,18.3152,60.0,78.3152,3,True,0.2732,Stouffer College House -> Huntsman Hall -> Houston Hall -> Levine Hall -> Moore School Building
744,Stouffer College House,Moore School Building,Coffee nearby,90.0,greedy_reward_per_minute,26.4,26.4,0.0,25.9509,60.0,85.9509,3,True,0.0199,Stouffer College House -> Houston Hall -> Levine Hall -> Huntsman Hall -> Moore School Building
744,Stouffer College House,Moore School Building,Coffee nearby,90.0,nearest,22.4,26.4,15.1515,13.5805,70.0,83.5805,3,True,0.0121,Stouffer College House -> Holman Biotech Commons -> Houston Hall -> Fisher Fine Arts Library -> Moore School Building
745,Stouffer College House,Moore School Building,Power outlets,45.0,exact_dynamic_programming,11.0,11.0,0.0,10.5532,20.0,30.5532,1,True,0.1464,Stouffer College House -> Levine Hall -> Moore School Building
745,Stouffer College House,Moore School Building,Power outlets,45.0,greedy_reward_per_minute,11.0,11.0,0.0,10.5532,20.0,30.5532,1,True,0.0121,Stouffer College House -> Levine Hall -> Moore School Building
745,Stouffer College House,Moore School Building,Power outlets,45.0,nearest,11.0,11.0,0.0,11.4844,25.0,36.4844,1,True,0.0078,Stouffer College House -> Holman Biotech Commons -> Moore School Building
746,Stouffer College House,Moore School Building,Power outlets,60.0,exact_dynamic_programming,22.0,22.0,0.0,11.2241,45.0,56.2241,2,True,0.1676,Stouffer College House -> Van Pelt Library -> Levine Hall -> Moore School Building
746,Stouffer College House,Moore School Building,Power outlets,60.0,greedy_reward_per_minute,19.8,22.0,10.0,13.092,40.0,53.092,2,True,0.0153,Stouffer College House -> Levine Hall -> Towne Building -> Moore School Building
746,Stouffer College House,Moore School Building,Power outlets,60.0,nearest,17.6,22.0,20.0,13.2518,45.0,58.2518,2,True,0.01,Stouffer College House -> Holman Biotech Commons -> Houston Hall -> Moore School Building
747,Stouffer College House,Moore School Building,Power outlets,90.0,exact_dynamic_programming,33.0,33.0,0.0,13.4036,70.0,83.4036,3,True,0.2695,Stouffer College House -> Holman Biotech Commons -> Van Pelt Library -> Levine Hall -> Moore School Building
747,Stouffer College House,Moore School Building,Power outlets,90.0,greedy_reward_per_minute,30.8,33.0,6.6667,19.3009,65.0,84.3009,3,True,0.0199,Stouffer College House -> Levine Hall -> Towne Building -> Van Pelt Library -> Moore School Building
747,Stouffer College House,Moore School Building,Power outlets,90.0,nearest,26.4,33.0,20.0,13.5805,70.0,83.5805,3,True,0.012,Stouffer College House -> Holman Biotech Commons -> Houston Hall -> Fisher Fine Arts Library -> Moore School Building
748,Stouffer College House,Moore School Building,No preference,45.0,exact_dynamic_programming,9.0,9.0,0.0,9.9756,25.0,34.9756,1,True,0.151,Stouffer College House -> Van Pelt Library -> Moore School Building
748,Stouffer College House,Moore School Building,No preference,45.0,greedy_reward_per_minute,8.5,9.0,5.5556,10.5532,20.0,30.5532,1,True,0.013,Stouffer College House -> Levine Hall -> Moore School Building
748,Stouffer College House,Moore School Building,No preference,45.0,nearest,9.0,9.0,0.0,11.4844,25.0,36.4844,1,True,0.008,Stouffer College House -> Holman Biotech Commons -> Moore School Building
749,Stouffer College House,Moore School Building,No preference,60.0,exact_dynamic_programming,17.5,17.5,0.0,11.2241,45.0,56.2241,2,True,0.1896,Stouffer College House -> Van Pelt Library -> Levine Hall -> Moore School Building
749,Stouffer College House,Moore School Building,No preference,60.0,greedy_reward_per_minute,15.3,17.5,12.5714,13.092,40.0,53.092,2,True,0.0163,Stouffer College House -> Levine Hall -> Towne Building -> Moore School Building
749,Stouffer College House,Moore School Building,No preference,60.0,nearest,17.1,17.5,2.2857,13.2518,45.0,58.2518,2,True,0.01,Stouffer College House -> Holman Biotech Commons -> Houston Hall -> Moore School Building
750,Stouffer College House,Moore School Building,No preference,90.0,exact_dynamic_programming,26.5,26.5,0.0,13.4036,70.0,83.4036,3,True,0.285,Stouffer College House -> Holman Biotech Commons -> Van Pelt Library -> Levine Hall -> Moore School Building
750,Stouffer College House,Moore School Building,No preference,90.0,greedy_reward_per_minute,23.4,26.5,11.6981,20.9508,60.0,80.9508,3,True,0.0356,Stouffer College House -> Levine Hall -> Towne Building -> Houston Hall -> Moore School Building
750,Stouffer College House,Moore School Building,No preference,90.0,nearest,24.4,26.5,7.9245,13.5805,70.0,83.5805,3,True,0.0125,Stouffer College House -> Holman Biotech Commons -> Houston Hall -> Fisher Fine Arts Library -> Moore School Building
751,Stouffer College House,Levine Hall,Quiet,45.0,exact_dynamic_programming,11.0,11.0,0.0,9.5682,25.0,34.5682,1,True,0.0803,Stouffer College House -> Van Pelt Library -> Levine Hall
751,Stouffer College House,Levine Hall,Quiet,45.0,greedy_reward_per_minute,11.0,11.0,0.0,9.5682,25.0,34.5682,1,True,0.0124,Stouffer College House -> Van Pelt Library -> Levine Hall
751,Stouffer College House,Levine Hall,Quiet,45.0,nearest,9.0,11.0,18.1818,11.0769,25.0,36.0769,1,True,0.0078,Stouffer College House -> Holman Biotech Commons -> Levine Hall
752,Stouffer College House,Levine Hall,Quiet,60.0,exact_dynamic_programming,17.8,17.8,0.0,11.702,45.0,56.702,2,True,0.0952,Stouffer College House -> Van Pelt Library -> Towne Building -> Levine Hall
752,Stouffer College House,Levine Hall,Quiet,60.0,greedy_reward_per_minute,17.8,17.8,0.0,11.702,45.0,56.702,2,True,0.0151,Stouffer College House -> Van Pelt Library -> Towne Building -> Levine Hall
752,Stouffer College House,Levine Hall,Quiet,60.0,nearest,13.6,17.8,23.5955,12.0529,45.0,57.0529,2,True,0.0094,Stouffer College House -> Holman Biotech Commons -> Houston Hall -> Levine Hall
753,Stouffer College House,Levine Hall,Quiet,90.0,exact_dynamic_programming,30.8,30.8,0.0,13.0546,75.0,88.0546,3,True,0.147,Stouffer College House -> Holman Biotech Commons -> Van Pelt Library -> Fisher Fine Arts Library -> Levine Hall
753,Stouffer College House,Levine Hall,Quiet,90.0,greedy_reward_per_minute,28.6,30.8,7.1429,12.7423,70.0,82.7423,3,True,0.018,Stouffer College House -> Van Pelt Library -> Fisher Fine Arts Library -> Towne Building -> Levine Hall
753,Stouffer College House,Levine Hall,Quiet,90.0,nearest,24.4,30.8,20.7792,12.7454,70.0,82.7454,3,True,0.011,Stouffer College House -> Holman Biotech Commons -> Houston Hall -> Fisher Fine Arts Library -> Levine Hall
754,Stouffer College House,Levine Hall,Collaborative,45.0,exact_dynamic_programming,10.8,10.8,0.0,13.1067,20.0,33.1067,1,True,0.0793,Stouffer College House -> Huntsman Hall -> Levine Hall
754,Stouffer College House,Levine Hall,Collaborative,45.0,greedy_reward_per_minute,10.6,10.8,1.8519,10.188,20.0,30.188,1,True,0.0117,Stouffer College House -> Houston Hall -> Levine Hall
754,Stouffer College House,Levine Hall,Collaborative,45.0,nearest,9.0,10.8,16.6667,11.0769,25.0,36.0769,1,True,0.0074,Stouffer College House -> Holman Biotech Commons -> Levine Hall
755,Stouffer College House,Levine Hall,Collaborative,60.0,exact_dynamic_programming,21.4,21.4,0.0,16.6593,40.0,56.6593,2,True,0.0924,Stouffer College House -> Huntsman Hall -> Houston Hall -> Levine Hall
755,Stouffer College House,Levine Hall,Collaborative,60.0,greedy_reward_per_minute,17.4,21.4,18.6916,12.0552,40.0,52.0552,2,True,0.015,Stouffer College House -> Houston Hall -> Towne Building -> Levine Hall
755,Stouffer College House,Levine Hall,Collaborative,60.0,nearest,19.6,21.4,8.4112,12.0529,45.0,57.0529,2,True,0.0091,Stouffer College House -> Holman Biotech Commons -> Houston Hall -> Levine Hall
756,Stouffer College House,Levine Hall,Collaborative,90.0,exact_dynamic_programming,30.4,30.4,0.0,18.8388,65.0,83.8388,3,True,0.159,Stouffer College House -> Holman Biotech Commons -> Huntsman Hall -> Houston Hall -> Levine Hall
756,Stouffer College House,Levine Hall,Collaborative,90.0,greedy_reward_per_minute,28.2,30.4,7.2368,23.2863,60.0,83.2863,3,True,0.0184,Stouffer College House -> Houston Hall -> Huntsman Hall -> Towne Building -> Levine Hall
756,Stouffer College House,Levine Hall,Collaborative,90.0,nearest,24.4,30.4,19.7368,12.7454,70.0,82.7454,3,True,0.0109,Stouffer College House -> Holman Biotech Commons -> Houston Hall -> Fisher Fine Arts Library -> Levine Hall
757,Stouffer College House,Levine Hall,Coffee nearby,45.0,exact_dynamic_programming,10.6,10.6,0.0,10.188,20.0,30.188,1,True,0.0769,Stouffer College House -> Houston Hall -> Levine Hall
757,Stouffer College House,Levine Hall,Coffee nearby,45.0,greedy_reward_per_minute,10.6,10.6,0.0,10.188,20.0,30.188,1,True,0.0114,Stouffer College House -> Houston Hall -> Levine Hall
757,Stouffer College House,Levine Hall,Coffee nearby,45.0,nearest,7.0,10.6,33.9623,11.0769,25.0,36.0769,1,True,0.0074,Stouffer College House -> Holman Biotech Commons -> Levine Hall
758,Stouffer College House,Levine Hall,Coffee nearby,60.0,exact_dynamic_programming,19.4,19.4,0.0,16.6593,40.0,56.6593,2,True,0.0905,Stouffer College House -> Huntsman Hall -> Houston Hall -> Levine Hall
758,Stouffer College House,Levine Hall,Coffee nearby,60.0,greedy_reward_per_minute,17.6,19.4,9.2784,12.4093,45.0,57.4093,2,True,0.0143,Stouffer College House -> Houston Hall -> Van Pelt Library -> Levine Hall
758,Stouffer College House,Levine Hall,Coffee nearby,60.0,nearest,17.6,19.4,9.2784,12.0529,45.0,57.0529,2,True,0.0089,Stouffer College House -> Holman Biotech Commons -> Houston Hall -> Levine Hall
759,Stouffer College House,Levine Hall,Coffee nearby,90.0,exact_dynamic_programming,26.4,26.4,0.0,17.5015,65.0,82.5015,3,True,0.143,Stouffer College House -> Huntsman Hall -> Van Pelt Library -> Houston Hall -> Levine Hall
759,Stouffer College House,Levine Hall,Coffee nearby,90.0,greedy_reward_per_minute,26.4,26.4,0.0,21.1571,65.0,86.1571,3,True,0.0176,Stouffer College House -> Houston Hall -> Huntsman Hall -> Van Pelt Library -> Levine Hall
759,Stouffer College House,Levine Hall,Coffee nearby,90.0,nearest,22.4,26.4,15.1515,12.7454,70.0,82.7454,3,True,0.0114,Stouffer College House -> Holman Biotech Commons -> Houston Hall -> Fisher Fine Arts Library -> Levine Hall
760,Stouffer College House,Levine Hall,Power outlets,45.0,exact_dynamic_programming,11.0,11.0,0.0,9.5682,25.0,34.5682,1,True,0.077,Stouffer College House -> Van Pelt Library -> Levine Hall
760,Stouffer College House,Levine Hall,Power outlets,45.0,greedy_reward_per_minute,11.0,11.0,0.0,9.5682,25.0,34.5682,1,True,0.0118,Stouffer College House -> Van Pelt Library -> Levine Hall
760,Stouffer College House,Levine Hall,Power outlets,45.0,nearest,11.0,11.0,0.0,11.0769,25.0,36.0769,1,True,0.0076,Stouffer College House -> Holman Biotech Commons -> Levine Hall
761,Stouffer College House,Levine Hall,Power outlets,60.0,exact_dynamic_programming,19.8,19.8,0.0,11.702,45.0,56.702,2,True,0.0899,Stouffer College House -> Van Pelt Library -> Towne Building -> Levine Hall
761,Stouffer College House,Levine Hall,Power outlets,60.0,greedy_reward_per_minute,19.8,19.8,0.0,11.702,45.0,56.702,2,True,0.0139,Stouffer College House -> Van Pelt Library -> Towne Building -> Levine Hall
761,Stouffer College House,Levine Hall,Power outlets,60.0,nearest,17.6,19.8,11.1111,12.0529,45.0,57.0529,2,True,0.0087,Stouffer College House -> Holman Biotech Commons -> Houston Hall -> Levine Hall
762,Stouffer College House,Levine Hall,Power outlets,90.0,exact_dynamic_programming,30.8,30.8,0.0,13.8815,70.0,83.8815,3,True,0.1566,Stouffer College House -> Holman Biotech Commons -> Van Pelt Library -> Towne Building -> Levine Hall
762,Stouffer College House,Levine Hall,Power outlets,90.0,greedy_reward_per_minute,28.6,30.8,7.1429,16.3168,70.0,86.3168,3,True,0.0174,Stouffer College House -> Van Pelt Library -> Towne Building -> Fisher Fine Arts Library -> Levine Hall
762,Stouffer College House,Levine Hall,Power outlets,90.0,nearest,26.4,30.8,14.2857,12.7454,70.0,82.7454,3,True,0.0108,Stouffer College House -> Holman Biotech Commons -> Houston Hall -> Fisher Fine Arts Library -> Levine Hall
763,Stouffer College House,Levine Hall,No preference,45.0,exact_dynamic_programming,9.0,9.0,0.0,9.5682,25.0,34.5682,1,True,0.0808,Stouffer College House -> Van Pelt Library -> Levine Hall
763,Stouffer College House,Levine Hall,No preference,45.0,greedy_reward_per_minute,8.1,9.0,10.0,10.188,20.0,30.188,1,True,0.0123,Stouffer College House -> Houston Hall -> Levine Hall
763,Stouffer College House,Levine Hall,No preference,45.0,nearest,9.0,9.0,0.0,11.0769,25.0,36.0769,1,True,0.0074,Stouffer College House -> Holman Biotech Commons -> Levine Hall
764,Stouffer College House,Levine Hall,No preference,60.0,exact_dynamic_programming,17.3,17.3,0.0,14.1552,45.0,59.1552,2,True,0.157,Stouffer College House -> Huntsman Hall -> Van Pelt Library -> Levine Hall
764,Stouffer College House,Levine Hall,No preference,60.0,greedy_reward_per_minute,17.1,17.3,1.1561,12.4093,45.0,57.4093,2,True,0.0166,Stouffer College House -> Houston Hall -> Van Pelt Library -> Levine Hall
764,Stouffer College House,Levine Hall,No preference,60.0,nearest,17.1,17.3,1.1561,12.0529,45.0,57.0529,2,True,0.0104,Stouffer College House -> Holman Biotech Commons -> Houston Hall -> Levine Hall
765,Stouffer College House,Levine Hall,No preference,90.0,exact_dynamic_programming,26.3,26.3,0.0,16.3347,70.0,86.3347,3,True,0.1531,Stouffer College House -> Holman Biotech Commons -> Huntsman Hall -> Van Pelt Library -> Levine Hall
765,Stouffer College House,Levine Hall,No preference,90.0,greedy_reward_per_minute,23.9,26.3,9.1255,14.5431,65.0,79.5431,3,True,0.0193,Stouffer College House -> Houston Hall -> Van Pelt Library -> Towne Building -> Levine Hall
765,Stouffer College House,Levine Hall,No preference,90.0,nearest,24.4,26.3,7.2243,12.7454,70.0,82.7454,3,True,0.011,Stouffer College House -> Holman Biotech Commons -> Houston Hall -> Fisher Fine Arts Library -> Levine Hall
766,Stouffer College House,David Rittenhouse Laboratory,Quiet,45.0,exact_dynamic_programming,11.0,11.0,0.0,10.2871,25.0,35.2871,1,True,0.153,Stouffer College House -> Van Pelt Library -> David Rittenhouse Laboratory
766,Stouffer College House,David Rittenhouse Laboratory,Quiet,45.0,greedy_reward_per_minute,11.0,11.0,0.0,10.2871,25.0,35.2871,1,True,0.0132,Stouffer College House -> Van Pelt Library -> David Rittenhouse Laboratory
766,Stouffer College House,David Rittenhouse Laboratory,Quiet,45.0,nearest,9.0,11.0,18.1818,11.7958,25.0,36.7958,1,True,0.0081,Stouffer College House -> Holman Biotech Commons -> David Rittenhouse Laboratory
767,Stouffer College House,David Rittenhouse Laboratory,Quiet,60.0,exact_dynamic_programming,18.0,18.0,0.0,11.5356,45.0,56.5356,2,True,0.1751,Stouffer College House -> Van Pelt Library -> Levine Hall -> David Rittenhouse Laboratory
767,Stouffer College House,David Rittenhouse Laboratory,Quiet,60.0,greedy_reward_per_minute,18.0,18.0,0.0,11.5356,45.0,56.5356,2,True,0.0161,Stouffer College House -> Van Pelt Library -> Levine Hall -> David Rittenhouse Laboratory
767,Stouffer College House,David Rittenhouse Laboratory,Quiet,60.0,nearest,13.6,18.0,24.4444,13.5633,45.0,58.5633,2,True,0.0101,Stouffer College House -> Holman Biotech Commons -> Houston Hall -> David Rittenhouse Laboratory
768,Stouffer College House,David Rittenhouse Laboratory,Quiet,90.0,exact_dynamic_programming,30.8,30.8,0.0,14.2011,75.0,89.2011,3,True,0.2786,Stouffer College House -> Holman Biotech Commons -> Van Pelt Library -> Fisher Fine Arts Library -> David Rittenhouse Laboratory
768,Stouffer College House,David Rittenhouse Laboratory,Quiet,90.0,greedy_reward_per_minute,28.8,30.8,6.4935,12.8425,70.0,82.8425,3,True,0.0205,Stouffer College House -> Van Pelt Library -> Fisher Fine Arts Library -> Levine Hall -> David Rittenhouse Laboratory
768,Stouffer College House,David Rittenhouse Laboratory,Quiet,90.0,nearest,24.4,30.8,20.7792,13.8919,70.0,83.8919,3,True,0.0124,Stouffer College House -> Holman Biotech Commons -> Houston Hall -> Fisher Fine Arts Library -> David Rittenhouse Laboratory
769,Stouffer College House,David Rittenhouse Laboratory,Collaborative,45.0,exact_dynamic_programming,10.8,10.8,0.0,13.8256,20.0,33.8256,1,True,0.1544,Stouffer College House -> Huntsman Hall -> David Rittenhouse Laboratory
769,Stouffer College House,David Rittenhouse Laboratory,Collaborative,45.0,greedy_reward_per_minute,10.6,10.8,1.8519,11.6984,20.0,31.6984,1,True,0.0129,Stouffer College House -> Houston Hall -> David Rittenhouse Laboratory
769,Stouffer College House,David Rittenhouse Laboratory,Collaborative,45.0,nearest,9.0,10.8,16.6667,11.7958,25.0,36.7958,1,True,0.0078,Stouffer College House -> Holman Biotech Commons -> David Rittenhouse Laboratory
770,Stouffer College House,David Rittenhouse Laboratory,Collaborative,60.0,exact_dynamic_programming,21.4,21.4,0.0,18.1697,40.0,58.1697,2,True,0.1772,Stouffer College House -> Huntsman Hall -> Houston Hall -> David Rittenhouse Laboratory
770,Stouffer College House,David Rittenhouse Laboratory,Collaborative,60.0,greedy_reward_per_minute,19.6,21.4,8.4112,12.1554,40.0,52.1554,2,True,0.0167,Stouffer College House -> Houston Hall -> Levine Hall -> David Rittenhouse Laboratory
770,Stouffer College House,David Rittenhouse Laboratory,Collaborative,60.0,nearest,19.6,21.4,8.4112,13.5633,45.0,58.5633,2,True,0.0106,Stouffer College House -> Holman Biotech Commons -> Houston Hall -> David Rittenhouse Laboratory
771,Stouffer College House,David Rittenhouse Laboratory,Collaborative,90.0,exact_dynamic_programming,30.4,30.4,0.0,18.6267,60.0,78.6267,3,True,0.2742,Stouffer College House -> Huntsman Hall -> Houston Hall -> Levine Hall -> David Rittenhouse Laboratory
771,Stouffer College House,David Rittenhouse Laboratory,Collaborative,90.0,greedy_reward_per_minute,30.4,30.4,0.0,26.2623,60.0,86.2623,3,True,0.0201,Stouffer College House -> Houston Hall -> Levine Hall -> Huntsman Hall -> David Rittenhouse Laboratory
771,Stouffer College House,David Rittenhouse Laboratory,Collaborative,90.0,nearest,24.4,30.4,19.7368,13.8919,70.0,83.8919,3,True,0.0118,Stouffer College House -> Holman Biotech Commons -> Houston Hall -> Fisher Fine Arts Library -> David Rittenhouse Laboratory
772,Stouffer College House,David Rittenhouse Laboratory,Coffee nearby,45.0,exact_dynamic_programming,10.6,10.6,0.0,11.6984,20.0,31.6984,1,True,0.1474,Stouffer College House -> Houston Hall -> David Rittenhouse Laboratory
772,Stouffer College House,David Rittenhouse Laboratory,Coffee nearby,45.0,greedy_reward_per_minute,10.6,10.6,0.0,11.6984,20.0,31.6984,1,True,0.0126,Stouffer College House -> Houston Hall -> David Rittenhouse Laboratory
772,Stouffer College House,David Rittenhouse Laboratory,Coffee nearby,45.0,nearest,7.0,10.6,33.9623,11.7958,25.0,36.7958,1,True,0.0084,Stouffer College House -> Holman Biotech Commons -> David Rittenhouse Laboratory
773,Stouffer College House,David Rittenhouse Laboratory,Coffee nearby,60.0,exact_dynamic_programming,19.4,19.4,0.0,18.1697,40.0,58.1697,2,True,0.1679,Stouffer College House -> Huntsman Hall -> Houston Hall -> David Rittenhouse Laboratory
773,Stouffer College House,David Rittenhouse Laboratory,Coffee nearby,60.0,greedy_reward_per_minute,17.6,19.4,9.2784,12.1554,40.0,52.1554,2,True,0.0159,Stouffer College House -> Houston Hall -> Levine Hall -> David Rittenhouse Laboratory
773,Stouffer College House,David Rittenhouse Laboratory,Coffee nearby,60.0,nearest,17.6,19.4,9.2784,13.5633,45.0,58.5633,2,True,0.0097,Stouffer College House -> Holman Biotech Commons -> Houston Hall -> David Rittenhouse Laboratory
774,Stouffer College House,David Rittenhouse Laboratory,Coffee nearby,90.0,exact_dynamic_programming,26.4,26.4,0.0,18.6267,60.0,78.6267,3,True,0.271,Stouffer College House -> Huntsman Hall -> Houston Hall -> Levine Hall -> David Rittenhouse Laboratory
774,Stouffer College House,David Rittenhouse Laboratory,Coffee nearby,90.0,greedy_reward_per_minute,26.4,26.4,0.0,26.2623,60.0,86.2623,3,True,0.02,Stouffer College House -> Houston Hall -> Levine Hall -> Huntsman Hall -> David Rittenhouse Laboratory
774,Stouffer College House,David Rittenhouse Laboratory,Coffee nearby,90.0,nearest,22.4,26.4,15.1515,13.8919,70.0,83.8919,3,True,0.0117,Stouffer College House -> Holman Biotech Commons -> Houston Hall -> Fisher Fine Arts Library -> David Rittenhouse Laboratory
775,Stouffer College House,David Rittenhouse Laboratory,Power outlets,45.0,exact_dynamic_programming,11.0,11.0,0.0,10.8647,20.0,30.8647,1,True,0.1468,Stouffer College House -> Levine Hall -> David Rittenhouse Laboratory
775,Stouffer College House,David Rittenhouse Laboratory,Power outlets,45.0,greedy_reward_per_minute,11.0,11.0,0.0,10.8647,20.0,30.8647,1,True,0.0123,Stouffer College House -> Levine Hall -> David Rittenhouse Laboratory
775,Stouffer College House,David Rittenhouse Laboratory,Power outlets,45.0,nearest,11.0,11.0,0.0,11.7958,25.0,36.7958,1,True,0.0078,Stouffer College House -> Holman Biotech Commons -> David Rittenhouse Laboratory
776,Stouffer College House,David Rittenhouse Laboratory,Power outlets,60.0,exact_dynamic_programming,22.0,22.0,0.0,11.5356,45.0,56.5356,2,True,0.1688,Stouffer College House -> Van Pelt Library -> Levine Hall -> David Rittenhouse Laboratory
776,Stouffer College House,David Rittenhouse Laboratory,Power outlets,60.0,greedy_reward_per_minute,19.8,22.0,10.0,13.3123,40.0,53.3123,2,True,0.0152,Stouffer College House -> Levine Hall -> Towne Building -> David Rittenhouse Laboratory
776,Stouffer College House,David Rittenhouse Laboratory,Power outlets,60.0,nearest,17.6,22.0,20.0,13.5633,45.0,58.5633,2,True,0.0094,Stouffer College House -> Holman Biotech Commons -> Houston Hall -> David Rittenhouse Laboratory
777,Stouffer College House,David Rittenhouse Laboratory,Power outlets,90.0,exact_dynamic_programming,33.0,33.0,0.0,13.7151,70.0,83.7151,3,True,0.2704,Stouffer College House -> Holman Biotech Commons -> Van Pelt Library -> Levine Hall -> David Rittenhouse Laboratory
777,Stouffer College House,David Rittenhouse Laboratory,Power outlets,90.0,greedy_reward_per_minute,30.8,33.0,6.6667,19.6124,65.0,84.6124,3,True,0.0198,Stouffer College House -> Levine Hall -> Towne Building -> Van Pelt Library -> David Rittenhouse Laboratory
777,Stouffer College House,David Rittenhouse Laboratory,Power outlets,90.0,nearest,26.4,33.0,20.0,13.8919,70.0,83.8919,3,True,0.0122,Stouffer College House -> Holman Biotech Commons -> Houston Hall -> Fisher Fine Arts Library -> David Rittenhouse Laboratory
778,Stouffer College House,David Rittenhouse Laboratory,No preference,45.0,exact_dynamic_programming,9.0,9.0,0.0,10.2871,25.0,35.2871,1,True,0.1506,Stouffer College House -> Van Pelt Library -> David Rittenhouse Laboratory
778,Stouffer College House,David Rittenhouse Laboratory,No preference,45.0,greedy_reward_per_minute,8.5,9.0,5.5556,10.8647,20.0,30.8647,1,True,0.0133,Stouffer College House -> Levine Hall -> David Rittenhouse Laboratory
778,Stouffer College House,David Rittenhouse Laboratory,No preference,45.0,nearest,9.0,9.0,0.0,11.7958,25.0,36.7958,1,True,0.0081,Stouffer College House -> Holman Biotech Commons -> David Rittenhouse Laboratory
779,Stouffer College House,David Rittenhouse Laboratory,No preference,60.0,exact_dynamic_programming,17.5,17.5,0.0,11.5356,45.0,56.5356,2,True,0.1893,Stouffer College House -> Van Pelt Library -> Levine Hall -> David Rittenhouse Laboratory
779,Stouffer College House,David Rittenhouse Laboratory,No preference,60.0,greedy_reward_per_minute,15.3,17.5,12.5714,13.3123,40.0,53.3123,2,True,0.0165,Stouffer College House -> Levine Hall -> Towne Building -> David Rittenhouse Laboratory
779,Stouffer College House,David Rittenhouse Laboratory,No preference,60.0,nearest,17.1,17.5,2.2857,13.5633,45.0,58.5633,2,True,0.0104,Stouffer College House -> Holman Biotech Commons -> Houston Hall -> David Rittenhouse Laboratory
780,Stouffer College House,David Rittenhouse Laboratory,No preference,90.0,exact_dynamic_programming,26.5,26.5,0.0,13.7151,70.0,83.7151,3,True,0.3219,Stouffer College House -> Holman Biotech Commons -> Van Pelt Library -> Levine Hall -> David Rittenhouse Laboratory
780,Stouffer College House,David Rittenhouse Laboratory,No preference,90.0,greedy_reward_per_minute,23.4,26.5,11.6981,21.2623,60.0,81.2623,3,True,0.0218,Stouffer College House -> Levine Hall -> Towne Building -> Houston Hall -> David Rittenhouse Laboratory
780,Stouffer College House,David Rittenhouse Laboratory,No preference,90.0,nearest,24.4,26.5,7.9245,13.8919,70.0,83.8919,3,True,0.0124,Stouffer College House -> Holman Biotech Commons -> Houston Hall -> Fisher Fine Arts Library -> David Rittenhouse Laboratory
781,Stouffer College House,Huntsman Hall,Quiet,45.0,exact_dynamic_programming,11.0,11.0,0.0,10.432,25.0,35.432,1,True,0.0808,Stouffer College House -> Van Pelt Library -> Huntsman Hall
781,Stouffer College House,Huntsman Hall,Quiet,45.0,greedy_reward_per_minute,11.0,11.0,0.0,10.432,25.0,35.432,1,True,0.0125,Stouffer College House -> Van Pelt Library -> Huntsman Hall
781,Stouffer College House,Huntsman Hall,Quiet,45.0,nearest,9.0,11.0,18.1818,7.6085,25.0,32.6085,1,True,0.0078,Stouffer College House -> Holman Biotech Commons -> Huntsman Hall
782,Stouffer College House,Huntsman Hall,Quiet,60.0,exact_dynamic_programming,15.6,15.6,0.0,13.2731,45.0,58.2731,2,True,0.0913,Stouffer College House -> Houston Hall -> Van Pelt Library -> Huntsman Hall
782,Stouffer College House,Huntsman Hall,Quiet,60.0,greedy_reward_per_minute,11.0,15.6,29.4872,10.432,25.0,35.432,1,True,0.0125,Stouffer College House -> Van Pelt Library -> Huntsman Hall
782,Stouffer College House,Huntsman Hall,Quiet,60.0,nearest,13.6,15.6,12.8205,14.2958,45.0,59.2958,2,True,0.0095,Stouffer College House -> Holman Biotech Commons -> Houston Hall -> Huntsman Hall
783,Stouffer College House,Huntsman Hall,Quiet,90.0,exact_dynamic_programming,30.8,30.8,0.0,14.8291,75.0,89.8291,3,True,0.1537,Stouffer College House -> Holman Biotech Commons -> Fisher Fine Arts Library -> Van Pelt Library -> Huntsman Hall
783,Stouffer College House,Huntsman Hall,Quiet,90.0,greedy_reward_per_minute,28.8,30.8,6.4935,18.5528,70.0,88.5528,3,True,0.0188,Stouffer College House -> Van Pelt Library -> Fisher Fine Arts Library -> Levine Hall -> Huntsman Hall
783,Stouffer College House,Huntsman Hall,Quiet,90.0,nearest,24.4,30.8,20.7792,15.7185,70.0,85.7185,3,True,0.0113,Stouffer College House -> Holman Biotech Commons -> Houston Hall -> Fisher Fine Arts Library -> Huntsman Hall
784,Stouffer College House,Huntsman Hall,Collaborative,45.0,exact_dynamic_programming,10.6,10.6,0.0,12.4309,20.0,32.4309,1,True,0.0802,Stouffer College House -> Houston Hall -> Huntsman Hall
784,Stouffer College House,Huntsman Hall,Collaborative,45.0,greedy_reward_per_minute,10.6,10.6,0.0,12.4309,20.0,32.4309,1,True,0.0121,Stouffer College House -> Houston Hall -> Huntsman Hall
784,Stouffer College House,Huntsman Hall,Collaborative,45.0,nearest,9.0,10.6,15.0943,7.6085,25.0,32.6085,1,True,0.0077,Stouffer College House -> Holman Biotech Commons -> Huntsman Hall
785,Stouffer College House,Huntsman Hall,Collaborative,60.0,exact_dynamic_programming,19.6,19.6,0.0,17.8657,40.0,57.8657,2,True,0.0905,Stouffer College House -> Houston Hall -> Levine Hall -> Huntsman Hall
785,Stouffer College House,Huntsman Hall,Collaborative,60.0,greedy_reward_per_minute,19.6,19.6,0.0,17.8657,40.0,57.8657,2,True,0.0155,Stouffer College House -> Houston Hall -> Levine Hall -> Huntsman Hall
785,Stouffer College House,Huntsman Hall,Collaborative,60.0,nearest,19.6,19.6,0.0,14.2958,45.0,59.2958,2,True,0.0092,Stouffer College House -> Holman Biotech Commons -> Houston Hall -> Huntsman Hall
786,Stouffer College House,Huntsman Hall,Collaborative,90.0,exact_dynamic_programming,28.6,28.6,0.0,19.7306,65.0,84.7306,3,True,0.1466,Stouffer College House -> Holman Biotech Commons -> Houston Hall -> Levine Hall -> Huntsman Hall
786,Stouffer College House,Huntsman Hall,Collaborative,90.0,greedy_reward_per_minute,26.4,28.6,7.6923,21.0434,60.0,81.0434,3,True,0.0181,Stouffer College House -> Houston Hall -> Levine Hall -> Towne Building -> Huntsman Hall
786,Stouffer College House,Huntsman Hall,Collaborative,90.0,nearest,24.4,28.6,14.6853,15.7185,70.0,85.7185,3,True,0.011,Stouffer College House -> Holman Biotech Commons -> Houston Hall -> Fisher Fine Arts Library -> Huntsman Hall
787,Stouffer College House,Huntsman Hall,Coffee nearby,45.0,exact_dynamic_programming,10.6,10.6,0.0,12.4309,20.0,32.4309,1,True,0.0905,Stouffer College House -> Houston Hall -> Huntsman Hall
787,Stouffer College House,Huntsman Hall,Coffee nearby,45.0,greedy_reward_per_minute,10.6,10.6,0.0,12.4309,20.0,32.4309,1,True,0.0119,Stouffer College House -> Houston Hall -> Huntsman Hall
787,Stouffer College House,Huntsman Hall,Coffee nearby,45.0,nearest,7.0,10.6,33.9623,7.6085,25.0,32.6085,1,True,0.0075,Stouffer College House -> Holman Biotech Commons -> Huntsman Hall
788,Stouffer College House,Huntsman Hall,Coffee nearby,60.0,exact_dynamic_programming,17.6,17.6,0.0,17.8657,40.0,57.8657,2,True,0.0949,Stouffer College House -> Houston Hall -> Levine Hall -> Huntsman Hall
788,Stouffer College House,Huntsman Hall,Coffee nearby,60.0,greedy_reward_per_minute,17.6,17.6,0.0,17.8657,40.0,57.8657,2,True,0.0147,Stouffer College House -> Houston Hall -> Levine Hall -> Huntsman Hall
788,Stouffer College House,Huntsman Hall,Coffee nearby,60.0,nearest,17.6,17.6,0.0,14.2958,45.0,59.2958,2,True,0.0087,Stouffer College House -> Holman Biotech Commons -> Houston Hall -> Huntsman Hall
789,Stouffer College House,Huntsman Hall,Coffee nearby,90.0,exact_dynamic_programming,24.6,24.6,0.0,18.9142,65.0,83.9142,3,True,0.1486,Stouffer College House -> Houston Hall -> Levine Hall -> Van Pelt Library -> Huntsman Hall
789,Stouffer College House,Huntsman Hall,Coffee nearby,90.0,greedy_reward_per_minute,24.6,24.6,0.0,18.9142,65.0,83.9142,3,True,0.0182,Stouffer College House -> Houston Hall -> Levine Hall -> Van Pelt Library -> Huntsman Hall
789,Stouffer College House,Huntsman Hall,Coffee nearby,90.0,nearest,22.4,24.6,8.9431,15.7185,70.0,85.7185,3,True,0.0106,Stouffer College House -> Holman Biotech Commons -> Houston Hall -> Fisher Fine Arts Library -> Huntsman Hall
790,Stouffer College House,Huntsman Hall,Power outlets,45.0,exact_dynamic_programming,11.0,11.0,0.0,7.6085,25.0,32.6085,1,True,0.0764,Stouffer College House -> Holman Biotech Commons -> Huntsman Hall
790,Stouffer College House,Huntsman Hall,Power outlets,45.0,greedy_reward_per_minute,11.0,11.0,0.0,7.6085,25.0,32.6085,1,True,0.0117,Stouffer College House -> Holman Biotech Commons -> Huntsman Hall
790,Stouffer College House,Huntsman Hall,Power outlets,45.0,nearest,11.0,11.0,0.0,7.6085,25.0,32.6085,1,True,0.0073,Stouffer College House -> Holman Biotech Commons -> Huntsman Hall
791,Stouffer College House,Huntsman Hall,Power outlets,60.0,exact_dynamic_programming,19.8,19.8,0.0,18.4685,40.0,58.4685,2,True,0.0856,Stouffer College House -> Towne Building -> Levine Hall -> Huntsman Hall
791,Stouffer College House,Huntsman Hall,Power outlets,60.0,greedy_reward_per_minute,17.6,19.8,11.1111,14.2958,45.0,59.2958,2,True,0.0137,Stouffer College House -> Holman Biotech Commons -> Houston Hall -> Huntsman Hall
791,Stouffer College House,Huntsman Hall,Power outlets,60.0,nearest,17.6,19.8,11.1111,14.2958,45.0,59.2958,2,True,0.0086,Stouffer College House -> Holman Biotech Commons -> Houston Hall -> Huntsman Hall
792,Stouffer College House,Huntsman Hall,Power outlets,90.0,exact_dynamic_programming,33.0,33.0,0.0,19.4254,70.0,89.4254,3,True,0.1466,Stouffer College House -> Holman Biotech Commons -> Van Pelt Library -> Levine Hall -> Huntsman Hall
792,Stouffer College House,Huntsman Hall,Power outlets,90.0,greedy_reward_per_minute,33.0,33.0,0.0,19.4254,70.0,89.4254,3,True,0.017,Stouffer College House -> Holman Biotech Commons -> Van Pelt Library -> Levine Hall -> Huntsman Hall
792,Stouffer College House,Huntsman Hall,Power outlets,90.0,nearest,26.4,33.0,20.0,15.7185,70.0,85.7185,3,True,0.0105,Stouffer College House -> Holman Biotech Commons -> Houston Hall -> Fisher Fine Arts Library -> Huntsman Hall
793,Stouffer College House,Huntsman Hall,No preference,45.0,exact_dynamic_programming,9.0,9.0,0.0,7.6085,25.0,32.6085,1,True,0.0766,Stouffer College House -> Holman Biotech Commons -> Huntsman Hall
793,Stouffer College House,Huntsman Hall,No preference,45.0,greedy_reward_per_minute,9.0,9.0,0.0,7.6085,25.0,32.6085,1,True,0.012,Stouffer College House -> Holman Biotech Commons -> Huntsman Hall
793,Stouffer College House,Huntsman Hall,No preference,45.0,nearest,9.0,9.0,0.0,7.6085,25.0,32.6085,1,True,0.0072,Stouffer College House -> Holman Biotech Commons -> Huntsman Hall
794,Stouffer College House,Huntsman Hall,No preference,60.0,exact_dynamic_programming,17.1,17.1,0.0,13.2731,45.0,58.2731,2,True,0.0874,Stouffer College House -> Houston Hall -> Van Pelt Library -> Huntsman Hall
794,Stouffer College House,Huntsman Hall,No preference,60.0,greedy_reward_per_minute,17.1,17.1,0.0,14.2958,45.0,59.2958,2,True,0.0141,Stouffer College House -> Holman Biotech Commons -> Houston Hall -> Huntsman Hall
794,Stouffer College House,Huntsman Hall,No preference,60.0,nearest,17.1,17.1,0.0,14.2958,45.0,59.2958,2,True,0.0088,Stouffer College House -> Holman Biotech Commons -> Houston Hall -> Huntsman Hall
795,Stouffer College House,Huntsman Hall,No preference,90.0,exact_dynamic_programming,26.5,26.5,0.0,19.4254,70.0,89.4254,3,True,0.1491,Stouffer College House -> Holman Biotech Commons -> Van Pelt Library -> Levine Hall -> Huntsman Hall
795,Stouffer College House,Huntsman Hall,No preference,90.0,greedy_reward_per_minute,26.1,26.5,1.5094,15.138,70.0,85.138,3,True,0.0191,Stouffer College House -> Holman Biotech Commons -> Houston Hall -> Van Pelt Library -> Huntsman Hall
795,Stouffer College House,Huntsman Hall,No preference,90.0,nearest,24.4,26.5,7.9245,15.7185,70.0,85.7185,3,True,0.0107,Stouffer College House -> Holman Biotech Commons -> Houston Hall -> Fisher Fine Arts Library -> Huntsman Hall
796,Stouffer College House,Meyerson Hall,Quiet,45.0,exact_dynamic_programming,11.0,11.0,0.0,7.0307,25.0,32.0307,1,True,0.1458,Stouffer College House -> Van Pelt Library -> Meyerson Hall
796,Stouffer College House,Meyerson Hall,Quiet,45.0,greedy_reward_per_minute,11.0,11.0,0.0,7.0307,25.0,32.0307,1,True,0.0131,Stouffer College House -> Van Pelt Library -> Meyerson Hall
796,Stouffer College House,Meyerson Hall,Quiet,45.0,nearest,9.0,11.0,18.1818,8.5395,25.0,33.5395,1,True,0.008,Stouffer College House -> Holman Biotech Commons -> Meyerson Hall
797,Stouffer College House,Meyerson Hall,Quiet,60.0,exact_dynamic_programming,21.8,21.8,0.0,8.7653,50.0,58.7653,2,True,0.1804,Stouffer College House -> Van Pelt Library -> Fisher Fine Arts Library -> Meyerson Hall
797,Stouffer College House,Meyerson Hall,Quiet,60.0,greedy_reward_per_minute,21.8,21.8,0.0,8.7653,50.0,58.7653,2,True,0.0165,Stouffer College House -> Van Pelt Library -> Fisher Fine Arts Library -> Meyerson Hall
797,Stouffer College House,Meyerson Hall,Quiet,60.0,nearest,13.6,21.8,37.6147,10.3069,45.0,55.3069,2,True,0.0102,Stouffer College House -> Holman Biotech Commons -> Houston Hall -> Meyerson Hall
798,Stouffer College House,Meyerson Hall,Quiet,90.0,exact_dynamic_programming,30.8,30.8,0.0,10.9448,75.0,85.9448,3,True,0.2866,Stouffer College House -> Holman Biotech Commons -> Van Pelt Library -> Fisher Fine Arts Library -> Meyerson Hall
798,Stouffer College House,Meyerson Hall,Quiet,90.0,greedy_reward_per_minute,28.8,30.8,6.4935,13.4125,70.0,83.4125,3,True,0.025,Stouffer College House -> Van Pelt Library -> Fisher Fine Arts Library -> Levine Hall -> Meyerson Hall
798,Stouffer College House,Meyerson Hall,Quiet,90.0,nearest,24.4,30.8,20.7792,10.6356,70.0,80.6356,3,True,0.0128,Stouffer College House -> Holman Biotech Commons -> Houston Hall -> Fisher Fine Arts Library -> Meyerson Hall
799,Stouffer College House,Meyerson Hall,Collaborative,45.0,exact_dynamic_programming,10.8,10.8,0.0,11.4821,20.0,31.4821,1,True,0.1515,Stouffer College House -> Huntsman Hall -> Meyerson Hall
799,Stouffer College House,Meyerson Hall,Collaborative,45.0,greedy_reward_per_minute,10.6,10.8,1.8519,8.442,20.0,28.442,1,True,0.0137,Stouffer College House -> Houston Hall -> Meyerson Hall
799,Stouffer College House,Meyerson Hall,Collaborative,45.0,nearest,9.0,10.8,16.6667,8.5395,25.0,33.5395,1,True,0.0085,Stouffer College House -> Holman Biotech Commons -> Meyerson Hall
800,Stouffer College House,Meyerson Hall,Collaborative,60.0,exact_dynamic_programming,21.4,21.4,0.0,14.9133,40.0,54.9133,2,True,0.189,Stouffer College House -> Huntsman Hall -> Houston Hall -> Meyerson Hall
800,Stouffer College House,Meyerson Hall,Collaborative,60.0,greedy_reward_per_minute,19.6,21.4,8.4112,12.7254,40.0,52.7254,2,True,0.0172,Stouffer College House -> Houston Hall -> Levine Hall -> Meyerson Hall
800,Stouffer College House,Meyerson Hall,Collaborative,60.0,nearest,19.6,21.4,8.4112,10.3069,45.0,55.3069,2,True,0.0149,Stouffer College House -> Holman Biotech Commons -> Houston Hall -> Meyerson Hall
801,Stouffer College House,Meyerson Hall,Collaborative,90.0,exact_dynamic_programming,30.4,30.4,0.0,19.1967,60.0,79.1967,3,True,0.2947,Stouffer College House -> Huntsman Hall -> Houston Hall -> Levine Hall -> Meyerson Hall
801,Stouffer College House,Meyerson Hall,Collaborative,90.0,greedy_reward_per_minute,30.4,30.4,0.0,23.9188,60.0,83.9188,3,True,0.0204,Stouffer College House -> Houston Hall -> Levine Hall -> Huntsman Hall -> Meyerson Hall
801,Stouffer College House,Meyerson Hall,Collaborative,90.0,nearest,24.4,30.4,19.7368,10.6356,70.0,80.6356,3,True,0.0119,Stouffer College House -> Holman Biotech Commons -> Houston Hall -> Fisher Fine Arts Library -> Meyerson Hall
802,Stouffer College House,Meyerson Hall,Coffee nearby,45.0,exact_dynamic_programming,10.6,10.6,0.0,8.442,20.0,28.442,1,True,0.1496,Stouffer College House -> Houston Hall -> Meyerson Hall
802,Stouffer College House,Meyerson Hall,Coffee nearby,45.0,greedy_reward_per_minute,10.6,10.6,0.0,8.442,20.0,28.442,1,True,0.0126,Stouffer College House -> Houston Hall -> Meyerson Hall
802,Stouffer College House,Meyerson Hall,Coffee nearby,45.0,nearest,7.0,10.6,33.9623,8.5395,25.0,33.5395,1,True,0.0078,Stouffer College House -> Holman Biotech Commons -> Meyerson Hall
803,Stouffer College House,Meyerson Hall,Coffee nearby,60.0,exact_dynamic_programming,19.4,19.4,0.0,14.9133,40.0,54.9133,2,True,0.185,Stouffer College House -> Huntsman Hall -> Houston Hall -> Meyerson Hall
803,Stouffer College House,Meyerson Hall,Coffee nearby,60.0,greedy_reward_per_minute,19.4,19.4,0.0,18.484,40.0,58.484,2,True,0.0165,Stouffer College House -> Houston Hall -> Huntsman Hall -> Meyerson Hall
803,Stouffer College House,Meyerson Hall,Coffee nearby,60.0,nearest,17.6,19.4,9.2784,10.3069,45.0,55.3069,2,True,0.0102,Stouffer College House -> Holman Biotech Commons -> Houston Hall -> Meyerson Hall
804,Stouffer College House,Meyerson Hall,Coffee nearby,90.0,exact_dynamic_programming,26.4,26.4,0.0,19.1967,60.0,79.1967,3,True,0.2888,Stouffer College House -> Huntsman Hall -> Houston Hall -> Levine Hall -> Meyerson Hall
804,Stouffer College House,Meyerson Hall,Coffee nearby,90.0,greedy_reward_per_minute,26.4,26.4,0.0,22.646,60.0,82.646,3,True,0.021,Stouffer College House -> Houston Hall -> Huntsman Hall -> Levine Hall -> Meyerson Hall
804,Stouffer College House,Meyerson Hall,Coffee nearby,90.0,nearest,22.4,26.4,15.1515,10.6356,70.0,80.6356,3,True,0.0121,Stouffer College House -> Holman Biotech Commons -> Houston Hall -> Fisher Fine Arts Library -> Meyerson Hall
805,Stouffer College House,Meyerson Hall,Power outlets,45.0,exact_dynamic_programming,11.0,11.0,0.0,11.4347,20.0,31.4347,1,True,0.1499,Stouffer College House -> Levine Hall -> Meyerson Hall
805,Stouffer College House,Meyerson Hall,Power outlets,45.0,greedy_reward_per_minute,11.0,11.0,0.0,11.4347,20.0,31.4347,1,True,0.0121,Stouffer College House -> Levine Hall -> Meyerson Hall
805,Stouffer College House,Meyerson Hall,Power outlets,45.0,nearest,11.0,11.0,0.0,8.5395,25.0,33.5395,1,True,0.0078,Stouffer College House -> Holman Biotech Commons -> Meyerson Hall
806,Stouffer College House,Meyerson Hall,Power outlets,60.0,exact_dynamic_programming,22.0,22.0,0.0,12.1056,45.0,57.1056,2,True,0.1857,Stouffer College House -> Van Pelt Library -> Levine Hall -> Meyerson Hall
806,Stouffer College House,Meyerson Hall,Power outlets,60.0,greedy_reward_per_minute,22.0,22.0,0.0,14.2222,45.0,59.2222,2,True,0.0157,Stouffer College House -> Levine Hall -> Van Pelt Library -> Meyerson Hall
806,Stouffer College House,Meyerson Hall,Power outlets,60.0,nearest,17.6,22.0,20.0,10.3069,45.0,55.3069,2,True,0.0096,Stouffer College House -> Holman Biotech Commons -> Houston Hall -> Meyerson Hall
807,Stouffer College House,Meyerson Hall,Power outlets,90.0,exact_dynamic_programming,33.0,33.0,0.0,14.2851,70.0,84.2851,3,True,0.2853,Stouffer College House -> Holman Biotech Commons -> Van Pelt Library -> Levine Hall -> Meyerson Hall
807,Stouffer College House,Meyerson Hall,Power outlets,90.0,greedy_reward_per_minute,30.8,33.0,6.6667,19.932,65.0,84.932,3,True,0.0199,Stouffer College House -> Levine Hall -> Van Pelt Library -> Towne Building -> Meyerson Hall
807,Stouffer College House,Meyerson Hall,Power outlets,90.0,nearest,26.4,33.0,20.0,10.6356,70.0,80.6356,3,True,0.012,Stouffer College House -> Holman Biotech Commons -> Houston Hall -> Fisher Fine Arts Library -> Meyerson Hall
808,Stouffer College House,Meyerson Hall,No preference,45.0,exact_dynamic_programming,9.0,9.0,0.0,7.0307,25.0,32.0307,1,True,0.1556,Stouffer College House -> Van Pelt Library -> Meyerson Hall
808,Stouffer College House,Meyerson Hall,No preference,45.0,greedy_reward_per_minute,8.1,9.0,10.0,8.442,20.0,28.442,1,True,0.0136,Stouffer College House -> Houston Hall -> Meyerson Hall
808,Stouffer College House,Meyerson Hall,No preference,45.0,nearest,9.0,9.0,0.0,8.5395,25.0,33.5395,1,True,0.0086,Stouffer College House -> Holman Biotech Commons -> Meyerson Hall
809,Stouffer College House,Meyerson Hall,No preference,60.0,exact_dynamic_programming,18.0,18.0,0.0,9.2102,50.0,59.2102,2,True,0.1824,Stouffer College House -> Holman Biotech Commons -> Van Pelt Library -> Meyerson Hall
809,Stouffer College House,Meyerson Hall,No preference,60.0,greedy_reward_per_minute,16.6,18.0,7.7778,12.7254,40.0,52.7254,2,True,0.017,Stouffer College House -> Houston Hall -> Levine Hall -> Meyerson Hall
809,Stouffer College House,Meyerson Hall,No preference,60.0,nearest,17.1,18.0,5.0,10.3069,45.0,55.3069,2,True,0.01,Stouffer College House -> Holman Biotech Commons -> Houston Hall -> Meyerson Hall
810,Stouffer College House,Meyerson Hall,No preference,90.0,exact_dynamic_programming,26.5,26.5,0.0,14.2851,70.0,84.2851,3,True,0.297,Stouffer College House -> Holman Biotech Commons -> Van Pelt Library -> Levine Hall -> Meyerson Hall
810,Stouffer College House,Meyerson Hall,No preference,90.0,greedy_reward_per_minute,25.6,26.5,3.3962,15.5129,65.0,80.5129,3,True,0.0205,Stouffer College House -> Houston Hall -> Levine Hall -> Van Pelt Library -> Meyerson Hall
810,Stouffer College House,Meyerson Hall,No preference,90.0,nearest,24.4,26.5,7.9245,10.6356,70.0,80.6356,3,True,0.0122,Stouffer College House -> Holman Biotech Commons -> Houston Hall -> Fisher Fine Arts Library -> Meyerson Hall
811,Stouffer College House,Claudia Cohen Hall,Quiet,45.0,exact_dynamic_programming,11.0,11.0,0.0,7.6191,25.0,32.6191,1,True,0.1487,Stouffer College House -> Van Pelt Library -> Claudia Cohen Hall
811,Stouffer College House,Claudia Cohen Hall,Quiet,45.0,greedy_reward_per_minute,11.0,11.0,0.0,7.6191,25.0,32.6191,1,True,0.0125,Stouffer College House -> Van Pelt Library -> Claudia Cohen Hall
811,Stouffer College House,Claudia Cohen Hall,Quiet,45.0,nearest,9.0,11.0,18.1818,6.7783,25.0,31.7783,1,True,0.0075,Stouffer College House -> Holman Biotech Commons -> Claudia Cohen Hall
812,Stouffer College House,Claudia Cohen Hall,Quiet,60.0,exact_dynamic_programming,21.8,21.8,0.0,9.4392,50.0,59.4392,2,True,0.1859,Stouffer College House -> Van Pelt Library -> Fisher Fine Arts Library -> Claudia Cohen Hall
812,Stouffer College House,Claudia Cohen Hall,Quiet,60.0,greedy_reward_per_minute,21.8,21.8,0.0,9.4392,50.0,59.4392,2,True,0.0162,Stouffer College House -> Van Pelt Library -> Fisher Fine Arts Library -> Claudia Cohen Hall
812,Stouffer College House,Claudia Cohen Hall,Quiet,60.0,nearest,13.6,21.8,37.6147,8.5677,45.0,53.5677,2,True,0.01,Stouffer College House -> Holman Biotech Commons -> Houston Hall -> Claudia Cohen Hall
813,Stouffer College House,Claudia Cohen Hall,Quiet,90.0,exact_dynamic_programming,30.8,30.8,0.0,11.6187,75.0,86.6187,3,True,0.2932,Stouffer College House -> Holman Biotech Commons -> Van Pelt Library -> Fisher Fine Arts Library -> Claudia Cohen Hall
813,Stouffer College House,Claudia Cohen Hall,Quiet,90.0,greedy_reward_per_minute,28.8,30.8,6.4935,15.9535,70.0,85.9535,3,True,0.0202,Stouffer College House -> Van Pelt Library -> Fisher Fine Arts Library -> Levine Hall -> Claudia Cohen Hall
813,Stouffer College House,Claudia Cohen Hall,Quiet,90.0,nearest,24.4,30.8,20.7792,11.3095,70.0,81.3095,3,True,0.0119,Stouffer College House -> Holman Biotech Commons -> Houston Hall -> Fisher Fine Arts Library -> Claudia Cohen Hall
814,Stouffer College House,Claudia Cohen Hall,Collaborative,45.0,exact_dynamic_programming,10.8,10.8,0.0,11.364,20.0,31.364,1,True,0.1487,Stouffer College House -> Huntsman Hall -> Claudia Cohen Hall
814,Stouffer College House,Claudia Cohen Hall,Collaborative,45.0,greedy_reward_per_minute,10.6,10.8,1.8519,6.7028,20.0,26.7028,1,True,0.0127,Stouffer College House -> Houston Hall -> Claudia Cohen Hall
814,Stouffer College House,Claudia Cohen Hall,Collaborative,45.0,nearest,9.0,10.8,16.6667,6.7783,25.0,31.7783,1,True,0.0081,Stouffer College House -> Holman Biotech Commons -> Claudia Cohen Hall
815,Stouffer College House,Claudia Cohen Hall,Collaborative,60.0,exact_dynamic_programming,21.4,21.4,0.0,13.1741,40.0,53.1741,2,True,0.1802,Stouffer College House -> Huntsman Hall -> Houston Hall -> Claudia Cohen Hall
815,Stouffer College House,Claudia Cohen Hall,Collaborative,60.0,greedy_reward_per_minute,21.4,21.4,0.0,18.3659,40.0,58.3659,2,True,0.0165,Stouffer College House -> Houston Hall -> Huntsman Hall -> Claudia Cohen Hall
815,Stouffer College House,Claudia Cohen Hall,Collaborative,60.0,nearest,19.6,21.4,8.4112,8.5677,45.0,53.5677,2,True,0.0097,Stouffer College House -> Holman Biotech Commons -> Houston Hall -> Claudia Cohen Hall
816,Stouffer College House,Claudia Cohen Hall,Collaborative,90.0,exact_dynamic_programming,30.4,30.4,0.0,18.6089,60.0,78.6089,3,True,0.2889,Stouffer College House -> Huntsman Hall -> Levine Hall -> Houston Hall -> Claudia Cohen Hall
816,Stouffer College House,Claudia Cohen Hall,Collaborative,90.0,greedy_reward_per_minute,30.4,30.4,0.0,25.187,60.0,85.187,3,True,0.0203,Stouffer College House -> Houston Hall -> Huntsman Hall -> Levine Hall -> Claudia Cohen Hall
816,Stouffer College House,Claudia Cohen Hall,Collaborative,90.0,nearest,24.4,30.4,19.7368,11.3095,70.0,81.3095,3,True,0.0118,Stouffer College House -> Holman Biotech Commons -> Houston Hall -> Fisher Fine Arts Library -> Claudia Cohen Hall
817,Stouffer College House,Claudia Cohen Hall,Coffee nearby,45.0,exact_dynamic_programming,10.6,10.6,0.0,6.7028,20.0,26.7028,1,True,0.1459,Stouffer College House -> Houston Hall -> Claudia Cohen Hall
817,Stouffer College House,Claudia Cohen Hall,Coffee nearby,45.0,greedy_reward_per_minute,10.6,10.6,0.0,6.7028,20.0,26.7028,1,True,0.0127,Stouffer College House -> Houston Hall -> Claudia Cohen Hall
817,Stouffer College House,Claudia Cohen Hall,Coffee nearby,45.0,nearest,7.0,10.6,33.9623,6.7783,25.0,31.7783,1,True,0.0081,Stouffer College House -> Holman Biotech Commons -> Claudia Cohen Hall
818,Stouffer College House,Claudia Cohen Hall,Coffee nearby,60.0,exact_dynamic_programming,19.4,19.4,0.0,13.1741,40.0,53.1741,2,True,0.1767,Stouffer College House -> Huntsman Hall -> Houston Hall -> Claudia Cohen Hall
818,Stouffer College House,Claudia Cohen Hall,Coffee nearby,60.0,greedy_reward_per_minute,19.4,19.4,0.0,18.3659,40.0,58.3659,2,True,0.016,Stouffer College House -> Houston Hall -> Huntsman Hall -> Claudia Cohen Hall
818,Stouffer College House,Claudia Cohen Hall,Coffee nearby,60.0,nearest,17.6,19.4,9.2784,8.5677,45.0,53.5677,2,True,0.0095,Stouffer College House -> Holman Biotech Commons -> Houston Hall -> Claudia Cohen Hall
819,Stouffer College House,Claudia Cohen Hall,Coffee nearby,90.0,exact_dynamic_programming,26.4,26.4,0.0,18.6089,60.0,78.6089,3,True,0.2821,Stouffer College House -> Huntsman Hall -> Levine Hall -> Houston Hall -> Claudia Cohen Hall
819,Stouffer College House,Claudia Cohen Hall,Coffee nearby,90.0,greedy_reward_per_minute,26.4,26.4,0.0,19.208,65.0,84.208,3,True,0.0201,Stouffer College House -> Houston Hall -> Huntsman Hall -> Van Pelt Library -> Claudia Cohen Hall
819,Stouffer College House,Claudia Cohen Hall,Coffee nearby,90.0,nearest,22.4,26.4,15.1515,11.3095,70.0,81.3095,3,True,0.0116,Stouffer College House -> Holman Biotech Commons -> Houston Hall -> Fisher Fine Arts Library -> Claudia Cohen Hall
820,Stouffer College House,Claudia Cohen Hall,Power outlets,45.0,exact_dynamic_programming,11.0,11.0,0.0,6.7783,25.0,31.7783,1,True,0.1479,Stouffer College House -> Holman Biotech Commons -> Claudia Cohen Hall
820,Stouffer College House,Claudia Cohen Hall,Power outlets,45.0,greedy_reward_per_minute,11.0,11.0,0.0,6.7783,25.0,31.7783,1,True,0.0122,Stouffer College House -> Holman Biotech Commons -> Claudia Cohen Hall
820,Stouffer College House,Claudia Cohen Hall,Power outlets,45.0,nearest,11.0,11.0,0.0,6.7783,25.0,31.7783,1,True,0.0077,Stouffer College House -> Holman Biotech Commons -> Claudia Cohen Hall
821,Stouffer College House,Claudia Cohen Hall,Power outlets,60.0,exact_dynamic_programming,22.0,22.0,0.0,14.6466,45.0,59.6466,2,True,0.1867,Stouffer College House -> Van Pelt Library -> Levine Hall -> Claudia Cohen Hall
821,Stouffer College House,Claudia Cohen Hall,Power outlets,60.0,greedy_reward_per_minute,22.0,22.0,0.0,9.7986,50.0,59.7986,2,True,0.0167,Stouffer College House -> Holman Biotech Commons -> Van Pelt Library -> Claudia Cohen Hall
821,Stouffer College House,Claudia Cohen Hall,Power outlets,60.0,nearest,17.6,22.0,20.0,8.5677,45.0,53.5677,2,True,0.0103,Stouffer College House -> Holman Biotech Commons -> Houston Hall -> Claudia Cohen Hall
822,Stouffer College House,Claudia Cohen Hall,Power outlets,90.0,exact_dynamic_programming,33.0,33.0,0.0,16.8261,70.0,86.8261,3,True,0.2915,Stouffer College House -> Holman Biotech Commons -> Van Pelt Library -> Levine Hall -> Claudia Cohen Hall
822,Stouffer College House,Claudia Cohen Hall,Power outlets,90.0,greedy_reward_per_minute,33.0,33.0,0.0,16.8261,70.0,86.8261,3,True,0.0213,Stouffer College House -> Holman Biotech Commons -> Van Pelt Library -> Levine Hall -> Claudia Cohen Hall
822,Stouffer College House,Claudia Cohen Hall,Power outlets,90.0,nearest,26.4,33.0,20.0,11.3095,70.0,81.3095,3,True,0.0121,Stouffer College House -> Holman Biotech Commons -> Houston Hall -> Fisher Fine Arts Library -> Claudia Cohen Hall
823,Stouffer College House,Claudia Cohen Hall,No preference,45.0,exact_dynamic_programming,9.0,9.0,0.0,6.7783,25.0,31.7783,1,True,0.1543,Stouffer College House -> Holman Biotech Commons -> Claudia Cohen Hall
823,Stouffer College House,Claudia Cohen Hall,No preference,45.0,greedy_reward_per_minute,8.1,9.0,10.0,6.7028,20.0,26.7028,1,True,0.0142,Stouffer College House -> Houston Hall -> Claudia Cohen Hall
823,Stouffer College House,Claudia Cohen Hall,No preference,45.0,nearest,9.0,9.0,0.0,6.7783,25.0,31.7783,1,True,0.0083,Stouffer College House -> Holman Biotech Commons -> Claudia Cohen Hall
824,Stouffer College House,Claudia Cohen Hall,No preference,60.0,exact_dynamic_programming,18.0,18.0,0.0,9.7986,50.0,59.7986,2,True,0.1916,Stouffer College House -> Holman Biotech Commons -> Van Pelt Library -> Claudia Cohen Hall
824,Stouffer College House,Claudia Cohen Hall,No preference,60.0,greedy_reward_per_minute,17.1,18.0,5.0,10.4602,45.0,55.4602,2,True,0.0172,Stouffer College House -> Houston Hall -> Van Pelt Library -> Claudia Cohen Hall
824,Stouffer College House,Claudia Cohen Hall,No preference,60.0,nearest,17.1,18.0,5.0,8.5677,45.0,53.5677,2,True,0.0097,Stouffer College House -> Holman Biotech Commons -> Houston Hall -> Claudia Cohen Hall
825,Stouffer College House,Claudia Cohen Hall,No preference,90.0,exact_dynamic_programming,26.5,26.5,0.0,16.8261,70.0,86.8261,3,True,0.284,Stouffer College House -> Holman Biotech Commons -> Van Pelt Library -> Levine Hall -> Claudia Cohen Hall
825,Stouffer College House,Claudia Cohen Hall,No preference,90.0,greedy_reward_per_minute,25.6,26.5,3.3962,17.4877,65.0,82.4877,3,True,0.0257,Stouffer College House -> Houston Hall -> Van Pelt Library -> Levine Hall -> Claudia Cohen Hall
825,Stouffer College House,Claudia Cohen Hall,No preference,90.0,nearest,24.4,26.5,7.9245,11.3095,70.0,81.3095,3,True,0.0116,Stouffer College House -> Holman Biotech Commons -> Houston Hall -> Fisher Fine Arts Library -> Claudia Cohen Hall
826,Stouffer College House,Annenberg School of Communication,Quiet,45.0,exact_dynamic_programming,11.0,11.0,0.0,7.4589,25.0,32.4589,1,True,0.1524,Stouffer College House -> Van Pelt Library -> Annenberg School of Communication
826,Stouffer College House,Annenberg School of Communication,Quiet,45.0,greedy_reward_per_minute,11.0,11.0,0.0,7.4589,25.0,32.4589,1,True,0.0219,Stouffer College House -> Van Pelt Library -> Annenberg School of Communication
826,Stouffer College House,Annenberg School of Communication,Quiet,45.0,nearest,9.0,11.0,18.1818,7.1957,25.0,32.1957,1,True,0.0084,Stouffer College House -> Holman Biotech Commons -> Annenberg School of Communication
827,Stouffer College House,Annenberg School of Communication,Quiet,60.0,exact_dynamic_programming,21.8,21.8,0.0,9.6764,50.0,59.6764,2,True,0.1786,Stouffer College House -> Fisher Fine Arts Library -> Van Pelt Library -> Annenberg School of Communication
827,Stouffer College House,Annenberg School of Communication,Quiet,60.0,greedy_reward_per_minute,15.8,21.8,27.5229,13.4067,45.0,58.4067,2,True,0.0207,Stouffer College House -> Van Pelt Library -> Huntsman Hall -> Annenberg School of Communication
827,Stouffer College House,Annenberg School of Communication,Quiet,60.0,nearest,13.6,21.8,37.6147,11.5195,45.0,56.5195,2,True,0.01,Stouffer College House -> Holman Biotech Commons -> Houston Hall -> Annenberg School of Communication
828,Stouffer College House,Annenberg School of Communication,Quiet,90.0,exact_dynamic_programming,30.8,30.8,0.0,11.856,75.0,86.856,3,True,0.2992,Stouffer College House -> Holman Biotech Commons -> Fisher Fine Arts Library -> Van Pelt Library -> Annenberg School of Communication
828,Stouffer College House,Annenberg School of Communication,Quiet,90.0,greedy_reward_per_minute,28.8,30.8,6.4935,16.4874,70.0,86.4874,3,True,0.0209,Stouffer College House -> Van Pelt Library -> Fisher Fine Arts Library -> Levine Hall -> Annenberg School of Communication
828,Stouffer College House,Annenberg School of Communication,Quiet,90.0,nearest,24.4,30.8,20.7792,12.75,70.0,82.75,3,True,0.0121,Stouffer College House -> Holman Biotech Commons -> Houston Hall -> Fisher Fine Arts Library -> Annenberg School of Communication
829,Stouffer College House,Annenberg School of Communication,Collaborative,45.0,exact_dynamic_programming,10.8,10.8,0.0,8.4037,20.0,28.4037,1,True,0.1529,Stouffer College House -> Huntsman Hall -> Annenberg School of Communication
829,Stouffer College House,Annenberg School of Communication,Collaborative,45.0,greedy_reward_per_minute,10.8,10.8,0.0,8.4037,20.0,28.4037,1,True,0.0126,Stouffer College House -> Huntsman Hall -> Annenberg School of Communication
829,Stouffer College House,Annenberg School of Communication,Collaborative,45.0,nearest,9.0,10.8,16.6667,7.1957,25.0,32.1957,1,True,0.0079,Stouffer College House -> Holman Biotech Commons -> Annenberg School of Communication
830,Stouffer College House,Annenberg School of Communication,Collaborative,60.0,exact_dynamic_programming,21.4,21.4,0.0,15.4056,40.0,55.4056,2,True,0.1753,Stouffer College House -> Houston Hall -> Huntsman Hall -> Annenberg School of Communication
830,Stouffer College House,Annenberg School of Communication,Collaborative,60.0,greedy_reward_per_minute,21.4,21.4,0.0,16.1259,40.0,56.1259,2,True,0.0157,Stouffer College House -> Huntsman Hall -> Houston Hall -> Annenberg School of Communication
830,Stouffer College House,Annenberg School of Communication,Collaborative,60.0,nearest,19.6,21.4,8.4112,11.5195,45.0,56.5195,2,True,0.0095,Stouffer College House -> Holman Biotech Commons -> Houston Hall -> Annenberg School of Communication
831,Stouffer College House,Annenberg School of Communication,Collaborative,90.0,exact_dynamic_programming,30.4,30.4,0.0,20.8404,60.0,80.8404,3,True,0.2883,Stouffer College House -> Houston Hall -> Levine Hall -> Huntsman Hall -> Annenberg School of Communication
831,Stouffer College House,Annenberg School of Communication,Collaborative,90.0,greedy_reward_per_minute,30.4,30.4,0.0,22.2716,60.0,82.2716,3,True,0.0206,Stouffer College House -> Huntsman Hall -> Houston Hall -> Levine Hall -> Annenberg School of Communication
831,Stouffer College House,Annenberg School of Communication,Collaborative,90.0,nearest,24.4,30.4,19.7368,12.75,70.0,82.75,3,True,0.0247,Stouffer College House -> Holman Biotech Commons -> Houston Hall -> Fisher Fine Arts Library -> Annenberg School of Communication
832,Stouffer College House,Annenberg School of Communication,Coffee nearby,45.0,exact_dynamic_programming,10.6,10.6,0.0,9.6546,20.0,29.6546,1,True,0.1521,Stouffer College House -> Houston Hall -> Annenberg School of Communication
832,Stouffer College House,Annenberg School of Communication,Coffee nearby,45.0,greedy_reward_per_minute,10.6,10.6,0.0,9.6546,20.0,29.6546,1,True,0.0123,Stouffer College House -> Houston Hall -> Annenberg School of Communication
832,Stouffer College House,Annenberg School of Communication,Coffee nearby,45.0,nearest,7.0,10.6,33.9623,7.1957,25.0,32.1957,1,True,0.0079,Stouffer College House -> Holman Biotech Commons -> Annenberg School of Communication
833,Stouffer College House,Annenberg School of Communication,Coffee nearby,60.0,exact_dynamic_programming,19.4,19.4,0.0,15.4056,40.0,55.4056,2,True,0.1808,Stouffer College House -> Houston Hall -> Huntsman Hall -> Annenberg School of Communication
833,Stouffer College House,Annenberg School of Communication,Coffee nearby,60.0,greedy_reward_per_minute,19.4,19.4,0.0,15.4056,40.0,55.4056,2,True,0.0166,Stouffer College House -> Houston Hall -> Huntsman Hall -> Annenberg School of Communication
833,Stouffer College House,Annenberg School of Communication,Coffee nearby,60.0,nearest,17.6,19.4,9.2784,11.5195,45.0,56.5195,2,True,0.0093,Stouffer College House -> Holman Biotech Commons -> Houston Hall -> Annenberg School of Communication
834,Stouffer College House,Annenberg School of Communication,Coffee nearby,90.0,exact_dynamic_programming,26.4,26.4,0.0,20.8404,60.0,80.8404,3,True,0.3601,Stouffer College House -> Houston Hall -> Levine Hall -> Huntsman Hall -> Annenberg School of Communication
834,Stouffer College House,Annenberg School of Communication,Coffee nearby,90.0,greedy_reward_per_minute,26.4,26.4,0.0,19.0478,65.0,84.0478,3,True,0.0217,Stouffer College House -> Houston Hall -> Huntsman Hall -> Van Pelt Library -> Annenberg School of Communication
834,Stouffer College House,Annenberg School of Communication,Coffee nearby,90.0,nearest,22.4,26.4,15.1515,12.75,70.0,82.75,3,True,0.0126,Stouffer College House -> Holman Biotech Commons -> Houston Hall -> Fisher Fine Arts Library -> Annenberg School of Communication
835,Stouffer College House,Annenberg School of Communication,Power outlets,45.0,exact_dynamic_programming,11.0,11.0,0.0,7.1957,25.0,32.1957,1,True,0.1585,Stouffer College House -> Holman Biotech Commons -> Annenberg School of Communication
835,Stouffer College House,Annenberg School of Communication,Power outlets,45.0,greedy_reward_per_minute,11.0,11.0,0.0,7.1957,25.0,32.1957,1,True,0.0129,Stouffer College House -> Holman Biotech Commons -> Annenberg School of Communication
835,Stouffer College House,Annenberg School of Communication,Power outlets,45.0,nearest,11.0,11.0,0.0,7.1957,25.0,32.1957,1,True,0.0084,Stouffer College House -> Holman Biotech Commons -> Annenberg School of Communication
836,Stouffer College House,Annenberg School of Communication,Power outlets,60.0,exact_dynamic_programming,22.0,22.0,0.0,9.6384,50.0,59.6384,2,True,0.1836,Stouffer College House -> Holman Biotech Commons -> Van Pelt Library -> Annenberg School of Communication
836,Stouffer College House,Annenberg School of Communication,Power outlets,60.0,greedy_reward_per_minute,22.0,22.0,0.0,9.6384,50.0,59.6384,2,True,0.0156,Stouffer College House -> Holman Biotech Commons -> Van Pelt Library -> Annenberg School of Communication
836,Stouffer College House,Annenberg School of Communication,Power outlets,60.0,nearest,17.6,22.0,20.0,11.5195,45.0,56.5195,2,True,0.0097,Stouffer College House -> Holman Biotech Commons -> Houston Hall -> Annenberg School of Communication
837,Stouffer College House,Annenberg School of Communication,Power outlets,90.0,exact_dynamic_programming,33.0,33.0,0.0,16.83,70.0,86.83,3,True,0.301,Stouffer College House -> Holman Biotech Commons -> Levine Hall -> Van Pelt Library -> Annenberg School of Communication
837,Stouffer College House,Annenberg School of Communication,Power outlets,90.0,greedy_reward_per_minute,33.0,33.0,0.0,17.36,70.0,87.36,3,True,0.0202,Stouffer College House -> Holman Biotech Commons -> Van Pelt Library -> Levine Hall -> Annenberg School of Communication
837,Stouffer College House,Annenberg School of Communication,Power outlets,90.0,nearest,26.4,33.0,20.0,12.75,70.0,82.75,3,True,0.0119,Stouffer College House -> Holman Biotech Commons -> Houston Hall -> Fisher Fine Arts Library -> Annenberg School of Communication
838,Stouffer College House,Annenberg School of Communication,No preference,45.0,exact_dynamic_programming,9.0,9.0,0.0,7.1957,25.0,32.1957,1,True,0.1478,Stouffer College House -> Holman Biotech Commons -> Annenberg School of Communication
838,Stouffer College House,Annenberg School of Communication,No preference,45.0,greedy_reward_per_minute,8.3,9.0,7.7778,8.4037,20.0,28.4037,1,True,0.0129,Stouffer College House -> Huntsman Hall -> Annenberg School of Communication
838,Stouffer College House,Annenberg School of Communication,No preference,45.0,nearest,9.0,9.0,0.0,7.1957,25.0,32.1957,1,True,0.0078,Stouffer College House -> Holman Biotech Commons -> Annenberg School of Communication
839,Stouffer College House,Annenberg School of Communication,No preference,60.0,exact_dynamic_programming,18.0,18.0,0.0,9.6384,50.0,59.6384,2,True,0.1727,Stouffer College House -> Holman Biotech Commons -> Van Pelt Library -> Annenberg School of Communication
839,Stouffer College House,Annenberg School of Communication,No preference,60.0,greedy_reward_per_minute,17.3,18.0,3.8889,12.0459,45.0,57.0459,2,True,0.0165,Stouffer College House -> Huntsman Hall -> Van Pelt Library -> Annenberg School of Communication
839,Stouffer College House,Annenberg School of Communication,No preference,60.0,nearest,17.1,18.0,5.0,11.5195,45.0,56.5195,2,True,0.0096,Stouffer College House -> Holman Biotech Commons -> Houston Hall -> Annenberg School of Communication
840,Stouffer College House,Annenberg School of Communication,No preference,90.0,exact_dynamic_programming,26.5,26.5,0.0,16.83,70.0,86.83,3,True,0.3095,Stouffer College House -> Holman Biotech Commons -> Levine Hall -> Van Pelt Library -> Annenberg School of Communication
840,Stouffer College House,Annenberg School of Communication,No preference,90.0,greedy_reward_per_minute,25.4,26.5,4.1509,16.9681,65.0,81.9681,3,True,0.0219,Stouffer College House -> Huntsman Hall -> Van Pelt Library -> Houston Hall -> Annenberg School of Communication
840,Stouffer College House,Annenberg School of Communication,No preference,90.0,nearest,24.4,26.5,7.9245,12.75,70.0,82.75,3,True,0.0125,Stouffer College House -> Holman Biotech Commons -> Houston Hall -> Fisher Fine Arts Library -> Annenberg School of Communication
841,Kings Court English College House,Towne Building,Quiet,45.0,exact_dynamic_programming,11.0,11.0,0.0,7.0829,25.0,32.0829,1,True,0.0813,Kings Court English College House -> Van Pelt Library -> Towne Building
841,Kings Court English College House,Towne Building,Quiet,45.0,greedy_reward_per_minute,11.0,11.0,0.0,7.0829,25.0,32.0829,1,True,0.0125,Kings Court English College House -> Van Pelt Library -> Towne Building
841,Kings Court English College House,Towne Building,Quiet,45.0,nearest,11.0,11.0,0.0,7.0829,25.0,32.0829,1,True,0.0075,Kings Court English College House -> Van Pelt Library -> Towne Building
842,Kings Court English College House,Towne Building,Quiet,60.0,exact_dynamic_programming,21.8,21.8,0.0,8.1232,50.0,58.1232,2,True,0.0971,Kings Court English College House -> Van Pelt Library -> Fisher Fine Arts Library -> Towne Building
842,Kings Court English College House,Towne Building,Quiet,60.0,greedy_reward_per_minute,21.8,21.8,0.0,8.1232,50.0,58.1232,2,True,0.0155,Kings Court English College House -> Van Pelt Library -> Fisher Fine Arts Library -> Towne Building
842,Kings Court English College House,Towne Building,Quiet,60.0,nearest,21.8,21.8,0.0,8.1232,50.0,58.1232,2,True,0.0091,Kings Court English College House -> Van Pelt Library -> Fisher Fine Arts Library -> Towne Building
843,Kings Court English College House,Towne Building,Quiet,90.0,exact_dynamic_programming,28.8,28.8,0.0,10.5638,70.0,80.5638,3,True,0.1529,Kings Court English College House -> Van Pelt Library -> Fisher Fine Arts Library -> Levine Hall -> Towne Building
843,Kings Court English College House,Towne Building,Quiet,90.0,greedy_reward_per_minute,28.8,28.8,0.0,10.5638,70.0,80.5638,3,True,0.0195,Kings Court English College House -> Van Pelt Library -> Fisher Fine Arts Library -> Levine Hall -> Towne Building
843,Kings Court English College House,Towne Building,Quiet,90.0,nearest,26.4,28.8,8.3333,10.7477,70.0,80.7477,3,True,0.0111,Kings Court English College House -> Van Pelt Library -> Fisher Fine Arts Library -> Houston Hall -> Towne Building
844,Kings Court English College House,Towne Building,Collaborative,45.0,exact_dynamic_programming,10.8,10.8,0.0,13.1316,20.0,33.1316,1,True,0.0776,Kings Court English College House -> Huntsman Hall -> Towne Building
844,Kings Court English College House,Towne Building,Collaborative,45.0,greedy_reward_per_minute,10.6,10.8,1.8519,9.5291,20.0,29.5291,1,True,0.0121,Kings Court English College House -> Houston Hall -> Towne Building
844,Kings Court English College House,Towne Building,Collaborative,45.0,nearest,7.0,10.8,35.1852,7.0829,25.0,32.0829,1,True,0.0078,Kings Court English College House -> Van Pelt Library -> Towne Building
845,Kings Court English College House,Towne Building,Collaborative,60.0,exact_dynamic_programming,21.4,21.4,0.0,15.3737,40.0,55.3737,2,True,0.0921,Kings Court English College House -> Huntsman Hall -> Houston Hall -> Towne Building
845,Kings Court English College House,Towne Building,Collaborative,60.0,greedy_reward_per_minute,19.6,21.4,8.4112,11.9697,40.0,51.9697,2,True,0.0151,Kings Court English College House -> Houston Hall -> Levine Hall -> Towne Building
845,Kings Court English College House,Towne Building,Collaborative,60.0,nearest,11.8,21.4,44.8598,8.1232,50.0,58.1232,2,True,0.0093,Kings Court English College House -> Van Pelt Library -> Fisher Fine Arts Library -> Towne Building
846,Kings Court English College House,Towne Building,Collaborative,90.0,exact_dynamic_programming,30.4,30.4,0.0,17.8143,60.0,77.8143,3,True,0.1489,Kings Court English College House -> Huntsman Hall -> Houston Hall -> Levine Hall -> Towne Building
846,Kings Court English College House,Towne Building,Collaborative,90.0,greedy_reward_per_minute,30.4,30.4,0.0,26.195,60.0,86.195,3,True,0.0184,Kings Court English College House -> Houston Hall -> Levine Hall -> Huntsman Hall -> Towne Building
846,Kings Court English College House,Towne Building,Collaborative,90.0,nearest,22.4,30.4,26.3158,10.7477,70.0,80.7477,3,True,0.011,Kings Court English College House -> Van Pelt Library -> Fisher Fine Arts Library -> Houston Hall -> Towne Building
847,Kings Court English College House,Towne Building,Coffee nearby,45.0,exact_dynamic_programming,10.6,10.6,0.0,9.5291,20.0,29.5291,1,True,0.0768,Kings Court English College House -> Houston Hall -> Towne Building
847,Kings Court English College House,Towne Building,Coffee nearby,45.0,greedy_reward_per_minute,10.6,10.6,0.0,9.5291,20.0,29.5291,1,True,0.0119,Kings Court English College House -> Houston Hall -> Towne Building
847,Kings Court English College House,Towne Building,Coffee nearby,45.0,nearest,7.0,10.6,33.9623,7.0829,25.0,32.0829,1,True,0.0077,Kings Court English College House -> Van Pelt Library -> Towne Building
848,Kings Court English College House,Towne Building,Coffee nearby,60.0,exact_dynamic_programming,19.4,19.4,0.0,15.3737,40.0,55.3737,2,True,0.1074,Kings Court English College House -> Huntsman Hall -> Houston Hall -> Towne Building
848,Kings Court English College House,Towne Building,Coffee nearby,60.0,greedy_reward_per_minute,17.6,19.4,9.2784,11.9697,40.0,51.9697,2,True,0.0147,Kings Court English College House -> Houston Hall -> Levine Hall -> Towne Building
848,Kings Court English College House,Towne Building,Coffee nearby,60.0,nearest,11.8,19.4,39.1753,8.1232,50.0,58.1232,2,True,0.0095,Kings Court English College House -> Van Pelt Library -> Fisher Fine Arts Library -> Towne Building
849,Kings Court English College House,Towne Building,Coffee nearby,90.0,exact_dynamic_programming,26.4,26.4,0.0,17.8143,60.0,77.8143,3,True,0.1532,Kings Court English College House -> Huntsman Hall -> Houston Hall -> Levine Hall -> Towne Building
849,Kings Court English College House,Towne Building,Coffee nearby,90.0,greedy_reward_per_minute,26.4,26.4,0.0,26.195,60.0,86.195,3,True,0.0191,Kings Court English College House -> Houston Hall -> Levine Hall -> Huntsman Hall -> Towne Building
849,Kings Court English College House,Towne Building,Coffee nearby,90.0,nearest,22.4,26.4,15.1515,10.7477,70.0,80.7477,3,True,0.0268,Kings Court English College House -> Van Pelt Library -> Fisher Fine Arts Library -> Houston Hall -> Towne Building
850,Kings Court English College House,Towne Building,Power outlets,45.0,exact_dynamic_programming,11.0,11.0,0.0,7.1631,20.0,27.1631,1,True,0.0801,Kings Court English College House -> Levine Hall -> Towne Building
850,Kings Court English College House,Towne Building,Power outlets,45.0,greedy_reward_per_minute,11.0,11.0,0.0,7.1631,20.0,27.1631,1,True,0.012,Kings Court English College House -> Levine Hall -> Towne Building
850,Kings Court English College House,Towne Building,Power outlets,45.0,nearest,11.0,11.0,0.0,7.0829,25.0,32.0829,1,True,0.0075,Kings Court English College House -> Van Pelt Library -> Towne Building
851,Kings Court English College House,Towne Building,Power outlets,60.0,exact_dynamic_programming,22.0,22.0,0.0,9.2569,45.0,54.2569,2,True,0.0959,Kings Court English College House -> Van Pelt Library -> Levine Hall -> Towne Building
851,Kings Court English College House,Towne Building,Power outlets,60.0,greedy_reward_per_minute,22.0,22.0,0.0,12.8515,45.0,57.8515,2,True,0.0151,Kings Court English College House -> Levine Hall -> Van Pelt Library -> Towne Building
851,Kings Court English College House,Towne Building,Power outlets,60.0,nearest,19.8,22.0,10.0,8.1232,50.0,58.1232,2,True,0.0098,Kings Court English College House -> Van Pelt Library -> Fisher Fine Arts Library -> Towne Building
852,Kings Court English College House,Towne Building,Power outlets,90.0,exact_dynamic_programming,33.0,33.0,0.0,18.9521,70.0,88.9521,3,True,0.1633,Kings Court English College House -> Holman Biotech Commons -> Van Pelt Library -> Levine Hall -> Towne Building
852,Kings Court English College House,Towne Building,Power outlets,90.0,greedy_reward_per_minute,30.8,33.0,6.6667,13.8918,70.0,83.8918,3,True,0.02,Kings Court English College House -> Levine Hall -> Van Pelt Library -> Fisher Fine Arts Library -> Towne Building
852,Kings Court English College House,Towne Building,Power outlets,90.0,nearest,26.4,33.0,20.0,10.7477,70.0,80.7477,3,True,0.0119,Kings Court English College House -> Van Pelt Library -> Fisher Fine Arts Library -> Houston Hall -> Towne Building
853,Kings Court English College House,Towne Building,No preference,45.0,exact_dynamic_programming,9.0,9.0,0.0,7.0829,25.0,32.0829,1,True,0.0773,Kings Court English College House -> Van Pelt Library -> Towne Building
853,Kings Court English College House,Towne Building,No preference,45.0,greedy_reward_per_minute,8.5,9.0,5.5556,7.1631,20.0,27.1631,1,True,0.012,Kings Court English College House -> Levine Hall -> Towne Building
853,Kings Court English College House,Towne Building,No preference,45.0,nearest,9.0,9.0,0.0,7.0829,25.0,32.0829,1,True,0.0075,Kings Court English College House -> Van Pelt Library -> Towne Building
854,Kings Court English College House,Towne Building,No preference,60.0,exact_dynamic_programming,17.5,17.5,0.0,9.2569,45.0,54.2569,2,True,0.096,Kings Court English College House -> Van Pelt Library -> Levine Hall -> Towne Building
854,Kings Court English College House,Towne Building,No preference,60.0,greedy_reward_per_minute,16.6,17.5,5.1429,13.7099,40.0,53.7099,2,True,0.0152,Kings Court English College House -> Levine Hall -> Houston Hall -> Towne Building
854,Kings Court English College House,Towne Building,No preference,60.0,nearest,16.3,17.5,6.8571,8.1232,50.0,58.1232,2,True,0.0091,Kings Court English College House -> Van Pelt Library -> Fisher Fine Arts Library -> Towne Building
855,Kings Court English College House,Towne Building,No preference,90.0,exact_dynamic_programming,26.5,26.5,0.0,18.9521,70.0,88.9521,3,True,0.163,Kings Court English College House -> Holman Biotech Commons -> Van Pelt Library -> Levine Hall -> Towne Building
855,Kings Court English College House,Towne Building,No preference,90.0,greedy_reward_per_minute,25.6,26.5,3.3962,16.1978,65.0,81.1978,3,True,0.0193,Kings Court English College House -> Levine Hall -> Houston Hall -> Van Pelt Library -> Towne Building
855,Kings Court English College House,Towne Building,No preference,90.0,nearest,24.4,26.5,7.9245,10.7477,70.0,80.7477,3,True,0.0116,Kings Court English College House -> Van Pelt Library -> Fisher Fine Arts Library -> Houston Hall -> Towne Building
856,Kings Court English College House,Moore School Building,Quiet,45.0,exact_dynamic_programming,11.0,11.0,0.0,7.5104,25.0,32.5104,1,True,0.1627,Kings Court English College House -> Van Pelt Library -> Moore School Building
856,Kings Court English College House,Moore School Building,Quiet,45.0,greedy_reward_per_minute,11.0,11.0,0.0,7.5104,25.0,32.5104,1,True,0.0131,Kings Court English College House -> Van Pelt Library -> Moore School Building
856,Kings Court English College House,Moore School Building,Quiet,45.0,nearest,11.0,11.0,0.0,7.5104,25.0,32.5104,1,True,0.0077,Kings Court English College House -> Van Pelt Library -> Moore School Building
857,Kings Court English College House,Moore School Building,Quiet,60.0,exact_dynamic_programming,21.8,21.8,0.0,9.245,50.0,59.245,2,True,0.1898,Kings Court English College House -> Van Pelt Library -> Fisher Fine Arts Library -> Moore School Building
857,Kings Court English College House,Moore School Building,Quiet,60.0,greedy_reward_per_minute,21.8,21.8,0.0,9.245,50.0,59.245,2,True,0.0164,Kings Court English College House -> Van Pelt Library -> Fisher Fine Arts Library -> Moore School Building
857,Kings Court English College House,Moore School Building,Quiet,60.0,nearest,21.8,21.8,0.0,9.245,50.0,59.245,2,True,0.0098,Kings Court English College House -> Van Pelt Library -> Fisher Fine Arts Library -> Moore School Building
858,Kings Court English College House,Moore School Building,Quiet,90.0,exact_dynamic_programming,28.8,28.8,0.0,10.0658,70.0,80.0658,3,True,0.2898,Kings Court English College House -> Van Pelt Library -> Fisher Fine Arts Library -> Levine Hall -> Moore School Building
858,Kings Court English College House,Moore School Building,Quiet,90.0,greedy_reward_per_minute,28.8,28.8,0.0,10.0658,70.0,80.0658,3,True,0.0205,Kings Court English College House -> Van Pelt Library -> Fisher Fine Arts Library -> Levine Hall -> Moore School Building
858,Kings Court English College House,Moore School Building,Quiet,90.0,nearest,26.4,28.8,8.3333,12.2333,70.0,82.2333,3,True,0.0118,Kings Court English College House -> Van Pelt Library -> Fisher Fine Arts Library -> Houston Hall -> Moore School Building
859,Kings Court English College House,Moore School Building,Collaborative,45.0,exact_dynamic_programming,10.8,10.8,0.0,12.5153,20.0,32.5153,1,True,0.1661,Kings Court English College House -> Huntsman Hall -> Moore School Building
859,Kings Court English College House,Moore School Building,Collaborative,45.0,greedy_reward_per_minute,9.0,10.8,16.6667,6.6651,20.0,26.6651,1,True,0.0131,Kings Court English College House -> Levine Hall -> Moore School Building
859,Kings Court English College House,Moore School Building,Collaborative,45.0,nearest,7.0,10.8,35.1852,7.5104,25.0,32.5104,1,True,0.0083,Kings Court English College House -> Van Pelt Library -> Moore School Building
860,Kings Court English College House,Moore School Building,Collaborative,60.0,exact_dynamic_programming,21.4,21.4,0.0,16.8593,40.0,56.8593,2,True,0.1816,Kings Court English College House -> Huntsman Hall -> Houston Hall -> Moore School Building
860,Kings Court English College House,Moore School Building,Collaborative,60.0,greedy_reward_per_minute,19.6,21.4,8.4112,15.1955,40.0,55.1955,2,True,0.0161,Kings Court English College House -> Levine Hall -> Houston Hall -> Moore School Building
860,Kings Court English College House,Moore School Building,Collaborative,60.0,nearest,11.8,21.4,44.8598,9.245,50.0,59.245,2,True,0.0098,Kings Court English College House -> Van Pelt Library -> Fisher Fine Arts Library -> Moore School Building
861,Kings Court English College House,Moore School Building,Collaborative,90.0,exact_dynamic_programming,30.4,30.4,0.0,17.3163,60.0,77.3163,3,True,0.2814,Kings Court English College House -> Huntsman Hall -> Houston Hall -> Levine Hall -> Moore School Building
861,Kings Court English College House,Moore School Building,Collaborative,90.0,greedy_reward_per_minute,30.4,30.4,0.0,24.3247,60.0,84.3247,3,True,0.0204,Kings Court English College House -> Levine Hall -> Houston Hall -> Huntsman Hall -> Moore School Building
861,Kings Court English College House,Moore School Building,Collaborative,90.0,nearest,22.4,30.4,26.3158,12.2333,70.0,82.2333,3,True,0.0117,Kings Court English College House -> Van Pelt Library -> Fisher Fine Arts Library -> Houston Hall -> Moore School Building
862,Kings Court English College House,Moore School Building,Coffee nearby,45.0,exact_dynamic_programming,10.6,10.6,0.0,11.0147,20.0,31.0147,1,True,0.147,Kings Court English College House -> Houston Hall -> Moore School Building
862,Kings Court English College House,Moore School Building,Coffee nearby,45.0,greedy_reward_per_minute,10.6,10.6,0.0,11.0147,20.0,31.0147,1,True,0.0122,Kings Court English College House -> Houston Hall -> Moore School Building
862,Kings Court English College House,Moore School Building,Coffee nearby,45.0,nearest,7.0,10.6,33.9623,7.5104,25.0,32.5104,1,True,0.0079,Kings Court English College House -> Van Pelt Library -> Moore School Building
863,Kings Court English College House,Moore School Building,Coffee nearby,60.0,exact_dynamic_programming,19.4,19.4,0.0,16.8593,40.0,56.8593,2,True,0.1886,Kings Court English College House -> Huntsman Hall -> Houston Hall -> Moore School Building
863,Kings Court English College House,Moore School Building,Coffee nearby,60.0,greedy_reward_per_minute,17.6,19.4,9.2784,11.4717,40.0,51.4717,2,True,0.0168,Kings Court English College House -> Houston Hall -> Levine Hall -> Moore School Building
863,Kings Court English College House,Moore School Building,Coffee nearby,60.0,nearest,11.8,19.4,39.1753,9.245,50.0,59.245,2,True,0.01,Kings Court English College House -> Van Pelt Library -> Fisher Fine Arts Library -> Moore School Building
864,Kings Court English College House,Moore School Building,Coffee nearby,90.0,exact_dynamic_programming,26.4,26.4,0.0,17.3163,60.0,77.3163,3,True,0.2878,Kings Court English College House -> Huntsman Hall -> Houston Hall -> Levine Hall -> Moore School Building
864,Kings Court English College House,Moore School Building,Coffee nearby,90.0,greedy_reward_per_minute,26.4,26.4,0.0,25.5787,60.0,85.5787,3,True,0.0216,Kings Court English College House -> Houston Hall -> Levine Hall -> Huntsman Hall -> Moore School Building
864,Kings Court English College House,Moore School Building,Coffee nearby,90.0,nearest,22.4,26.4,15.1515,12.2333,70.0,82.2333,3,True,0.0126,Kings Court English College House -> Van Pelt Library -> Fisher Fine Arts Library -> Houston Hall -> Moore School Building
865,Kings Court English College House,Moore School Building,Power outlets,45.0,exact_dynamic_programming,11.0,11.0,0.0,6.6651,20.0,26.6651,1,True,0.1559,Kings Court English College House -> Levine Hall -> Moore School Building
865,Kings Court English College House,Moore School Building,Power outlets,45.0,greedy_reward_per_minute,11.0,11.0,0.0,6.6651,20.0,26.6651,1,True,0.0133,Kings Court English College House -> Levine Hall -> Moore School Building
865,Kings Court English College House,Moore School Building,Power outlets,45.0,nearest,11.0,11.0,0.0,7.5104,25.0,32.5104,1,True,0.0081,Kings Court English College House -> Van Pelt Library -> Moore School Building
866,Kings Court English College House,Moore School Building,Power outlets,60.0,exact_dynamic_programming,22.0,22.0,0.0,8.7589,45.0,53.7589,2,True,0.1807,Kings Court English College House -> Van Pelt Library -> Levine Hall -> Moore School Building
866,Kings Court English College House,Moore School Building,Power outlets,60.0,greedy_reward_per_minute,19.8,22.0,10.0,9.2039,40.0,49.2039,2,True,0.0164,Kings Court English College House -> Levine Hall -> Towne Building -> Moore School Building
866,Kings Court English College House,Moore School Building,Power outlets,60.0,nearest,19.8,22.0,10.0,9.245,50.0,59.245,2,True,0.0099,Kings Court English College House -> Van Pelt Library -> Fisher Fine Arts Library -> Moore School Building
867,Kings Court English College House,Moore School Building,Power outlets,90.0,exact_dynamic_programming,33.0,33.0,0.0,18.4541,70.0,88.4541,3,True,0.2831,Kings Court English College House -> Holman Biotech Commons -> Van Pelt Library -> Levine Hall -> Moore School Building
867,Kings Court English College House,Moore School Building,Power outlets,90.0,greedy_reward_per_minute,30.8,33.0,6.6667,15.4128,65.0,80.4128,3,True,0.0211,Kings Court English College House -> Levine Hall -> Towne Building -> Van Pelt Library -> Moore School Building
867,Kings Court English College House,Moore School Building,Power outlets,90.0,nearest,26.4,33.0,20.0,12.2333,70.0,82.2333,3,True,0.0123,Kings Court English College House -> Van Pelt Library -> Fisher Fine Arts Library -> Houston Hall -> Moore School Building
868,Kings Court English College House,Moore School Building,No preference,45.0,exact_dynamic_programming,9.0,9.0,0.0,7.5104,25.0,32.5104,1,True,0.1494,Kings Court English College House -> Van Pelt Library -> Moore School Building
868,Kings Court English College House,Moore School Building,No preference,45.0,greedy_reward_per_minute,8.5,9.0,5.5556,6.6651,20.0,26.6651,1,True,0.0131,Kings Court English College House -> Levine Hall -> Moore School Building
868,Kings Court English College House,Moore School Building,No preference,45.0,nearest,9.0,9.0,0.0,7.5104,25.0,32.5104,1,True,0.0077,Kings Court English College House -> Van Pelt Library -> Moore School Building
869,Kings Court English College House,Moore School Building,No preference,60.0,exact_dynamic_programming,17.5,17.5,0.0,8.7589,45.0,53.7589,2,True,0.1757,Kings Court English College House -> Van Pelt Library -> Levine Hall -> Moore School Building
869,Kings Court English College House,Moore School Building,No preference,60.0,greedy_reward_per_minute,15.3,17.5,12.5714,9.2039,40.0,49.2039,2,True,0.0164,Kings Court English College House -> Levine Hall -> Towne Building -> Moore School Building
869,Kings Court English College House,Moore School Building,No preference,60.0,nearest,16.3,17.5,6.8571,9.245,50.0,59.245,2,True,0.0096,Kings Court English College House -> Van Pelt Library -> Fisher Fine Arts Library -> Moore School Building
870,Kings Court English College House,Moore School Building,No preference,90.0,exact_dynamic_programming,26.5,26.5,0.0,18.4541,70.0,88.4541,3,True,0.2716,Kings Court English College House -> Holman Biotech Commons -> Van Pelt Library -> Levine Hall -> Moore School Building
870,Kings Court English College House,Moore School Building,No preference,90.0,greedy_reward_per_minute,23.4,26.5,11.6981,17.0627,60.0,77.0627,3,True,0.0203,Kings Court English College House -> Levine Hall -> Towne Building -> Houston Hall -> Moore School Building
870,Kings Court English College House,Moore School Building,No preference,90.0,nearest,24.4,26.5,7.9245,12.2333,70.0,82.2333,3,True,0.0115,Kings Court English College House -> Van Pelt Library -> Fisher Fine Arts Library -> Houston Hall -> Moore School Building
871,Kings Court English College House,Levine Hall,Quiet,45.0,exact_dynamic_programming,11.0,11.0,0.0,7.103,25.0,32.103,1,True,0.0835,Kings Court English College House -> Van Pelt Library -> Levine Hall
871,Kings Court English College House,Levine Hall,Quiet,45.0,greedy_reward_per_minute,11.0,11.0,0.0,7.103,25.0,32.103,1,True,0.0124,Kings Court English College House -> Van Pelt Library -> Levine Hall
871,Kings Court English College House,Levine Hall,Quiet,45.0,nearest,11.0,11.0,0.0,7.103,25.0,32.103,1,True,0.0076,Kings Court English College House -> Van Pelt Library -> Levine Hall
872,Kings Court English College House,Levine Hall,Quiet,60.0,exact_dynamic_programming,21.8,21.8,0.0,8.4099,50.0,58.4099,2,True,0.1023,Kings Court English College House -> Van Pelt Library -> Fisher Fine Arts Library -> Levine Hall
872,Kings Court English College House,Levine Hall,Quiet,60.0,greedy_reward_per_minute,21.8,21.8,0.0,8.4099,50.0,58.4099,2,True,0.0158,Kings Court English College House -> Van Pelt Library -> Fisher Fine Arts Library -> Levine Hall
872,Kings Court English College House,Levine Hall,Quiet,60.0,nearest,21.8,21.8,0.0,8.4099,50.0,58.4099,2,True,0.0089,Kings Court English College House -> Van Pelt Library -> Fisher Fine Arts Library -> Levine Hall
873,Kings Court English College House,Levine Hall,Quiet,90.0,exact_dynamic_programming,28.6,28.6,0.0,10.2771,70.0,80.2771,3,True,0.1495,Kings Court English College House -> Van Pelt Library -> Fisher Fine Arts Library -> Towne Building -> Levine Hall
873,Kings Court English College House,Levine Hall,Quiet,90.0,greedy_reward_per_minute,28.6,28.6,0.0,10.2771,70.0,80.2771,3,True,0.0231,Kings Court English College House -> Van Pelt Library -> Fisher Fine Arts Library -> Towne Building -> Levine Hall
873,Kings Court English College House,Levine Hall,Quiet,90.0,nearest,26.4,28.6,7.6923,11.0344,70.0,81.0344,3,True,0.0114,Kings Court English College House -> Van Pelt Library -> Fisher Fine Arts Library -> Houston Hall -> Levine Hall
874,Kings Court English College House,Levine Hall,Collaborative,45.0,exact_dynamic_programming,10.8,10.8,0.0,12.1078,20.0,32.1078,1,True,0.0801,Kings Court English College House -> Huntsman Hall -> Levine Hall
874,Kings Court English College House,Levine Hall,Collaborative,45.0,greedy_reward_per_minute,10.6,10.8,1.8519,9.8158,20.0,29.8158,1,True,0.0124,Kings Court English College House -> Houston Hall -> Levine Hall
874,Kings Court English College House,Levine Hall,Collaborative,45.0,nearest,7.0,10.8,35.1852,7.103,25.0,32.103,1,True,0.0078,Kings Court English College House -> Van Pelt Library -> Levine Hall
875,Kings Court English College House,Levine Hall,Collaborative,60.0,exact_dynamic_programming,21.4,21.4,0.0,15.6604,40.0,55.6604,2,True,0.0962,Kings Court English College House -> Huntsman Hall -> Houston Hall -> Levine Hall
875,Kings Court English College House,Levine Hall,Collaborative,60.0,greedy_reward_per_minute,21.4,21.4,0.0,19.7364,40.0,59.7364,2,True,0.0156,Kings Court English College House -> Houston Hall -> Huntsman Hall -> Levine Hall
875,Kings Court English College House,Levine Hall,Collaborative,60.0,nearest,11.8,21.4,44.8598,8.4099,50.0,58.4099,2,True,0.0093,Kings Court English College House -> Van Pelt Library -> Fisher Fine Arts Library -> Levine Hall
876,Kings Court English College House,Levine Hall,Collaborative,90.0,exact_dynamic_programming,30.4,30.4,0.0,19.7253,65.0,84.7253,3,True,0.1459,Kings Court English College House -> Huntsman Hall -> Holman Biotech Commons -> Houston Hall -> Levine Hall
876,Kings Court English College House,Levine Hall,Collaborative,90.0,greedy_reward_per_minute,28.2,30.4,7.2368,22.9141,60.0,82.9141,3,True,0.0177,Kings Court English College House -> Houston Hall -> Huntsman Hall -> Towne Building -> Levine Hall
876,Kings Court English College House,Levine Hall,Collaborative,90.0,nearest,22.4,30.4,26.3158,11.0344,70.0,81.0344,3,True,0.0107,Kings Court English College House -> Van Pelt Library -> Fisher Fine Arts Library -> Houston Hall -> Levine Hall
877,Kings Court English College House,Levine Hall,Coffee nearby,45.0,exact_dynamic_programming,10.6,10.6,0.0,9.8158,20.0,29.8158,1,True,0.0819,Kings Court English College House -> Houston Hall -> Levine Hall
877,Kings Court English College House,Levine Hall,Coffee nearby,45.0,greedy_reward_per_minute,10.6,10.6,0.0,9.8158,20.0,29.8158,1,True,0.0127,Kings Court English College House -> Houston Hall -> Levine Hall
877,Kings Court English College House,Levine Hall,Coffee nearby,45.0,nearest,7.0,10.6,33.9623,7.103,25.0,32.103,1,True,0.0079,Kings Court English College House -> Van Pelt Library -> Levine Hall
878,Kings Court English College House,Levine Hall,Coffee nearby,60.0,exact_dynamic_programming,19.4,19.4,0.0,15.6604,40.0,55.6604,2,True,0.0972,Kings Court English College House -> Huntsman Hall -> Houston Hall -> Levine Hall
878,Kings Court English College House,Levine Hall,Coffee nearby,60.0,greedy_reward_per_minute,19.4,19.4,0.0,19.7364,40.0,59.7364,2,True,0.016,Kings Court English College House -> Houston Hall -> Huntsman Hall -> Levine Hall
878,Kings Court English College House,Levine Hall,Coffee nearby,60.0,nearest,11.8,19.4,39.1753,8.4099,50.0,58.4099,2,True,0.0096,Kings Court English College House -> Van Pelt Library -> Fisher Fine Arts Library -> Levine Hall
879,Kings Court English College House,Levine Hall,Coffee nearby,90.0,exact_dynamic_programming,26.4,26.4,0.0,16.5026,65.0,81.5026,3,True,0.1451,Kings Court English College House -> Huntsman Hall -> Van Pelt Library -> Houston Hall -> Levine Hall
879,Kings Court English College House,Levine Hall,Coffee nearby,90.0,greedy_reward_per_minute,26.4,26.4,0.0,20.7849,65.0,85.7849,3,True,0.0186,Kings Court English College House -> Houston Hall -> Huntsman Hall -> Van Pelt Library -> Levine Hall
879,Kings Court English College House,Levine Hall,Coffee nearby,90.0,nearest,22.4,26.4,15.1515,11.0344,70.0,81.0344,3,True,0.0107,Kings Court English College House -> Van Pelt Library -> Fisher Fine Arts Library -> Houston Hall -> Levine Hall
880,Kings Court English College House,Levine Hall,Power outlets,45.0,exact_dynamic_programming,11.0,11.0,0.0,7.103,25.0,32.103,1,True,0.0766,Kings Court English College House -> Van Pelt Library -> Levine Hall
880,Kings Court English College House,Levine Hall,Power outlets,45.0,greedy_reward_per_minute,11.0,11.0,0.0,7.103,25.0,32.103,1,True,0.0157,Kings Court English College House -> Van Pelt Library -> Levine Hall
880,Kings Court English College House,Levine Hall,Power outlets,45.0,nearest,11.0,11.0,0.0,7.103,25.0,32.103,1,True,0.0071,Kings Court English College House -> Van Pelt Library -> Levine Hall
881,Kings Court English College House,Levine Hall,Power outlets,60.0,exact_dynamic_programming,19.8,19.8,0.0,9.2368,45.0,54.2368,2,True,0.0943,Kings Court English College House -> Van Pelt Library -> Towne Building -> Levine Hall
881,Kings Court English College House,Levine Hall,Power outlets,60.0,greedy_reward_per_minute,19.8,19.8,0.0,9.2368,45.0,54.2368,2,True,0.0144,Kings Court English College House -> Van Pelt Library -> Towne Building -> Levine Hall
881,Kings Court English College House,Levine Hall,Power outlets,60.0,nearest,19.8,19.8,0.0,8.4099,50.0,58.4099,2,True,0.0093,Kings Court English College House -> Van Pelt Library -> Fisher Fine Arts Library -> Levine Hall
882,Kings Court English College House,Levine Hall,Power outlets,90.0,exact_dynamic_programming,30.8,30.8,0.0,18.932,70.0,88.932,3,True,0.1447,Kings Court English College House -> Holman Biotech Commons -> Van Pelt Library -> Towne Building -> Levine Hall
882,Kings Court English College House,Levine Hall,Power outlets,90.0,greedy_reward_per_minute,28.6,30.8,7.1429,13.8516,70.0,83.8516,3,True,0.0306,Kings Court English College House -> Van Pelt Library -> Towne Building -> Fisher Fine Arts Library -> Levine Hall
882,Kings Court English College House,Levine Hall,Power outlets,90.0,nearest,26.4,30.8,14.2857,11.0344,70.0,81.0344,3,True,0.0109,Kings Court English College House -> Van Pelt Library -> Fisher Fine Arts Library -> Houston Hall -> Levine Hall
883,Kings Court English College House,Levine Hall,No preference,45.0,exact_dynamic_programming,9.0,9.0,0.0,7.103,25.0,32.103,1,True,0.0794,Kings Court English College House -> Van Pelt Library -> Levine Hall
883,Kings Court English College House,Levine Hall,No preference,45.0,greedy_reward_per_minute,9.0,9.0,0.0,7.103,25.0,32.103,1,True,0.0122,Kings Court English College House -> Van Pelt Library -> Levine Hall
883,Kings Court English College House,Levine Hall,No preference,45.0,nearest,9.0,9.0,0.0,7.103,25.0,32.103,1,True,0.0073,Kings Court English College House -> Van Pelt Library -> Levine Hall
884,Kings Court English College House,Levine Hall,No preference,60.0,exact_dynamic_programming,17.3,17.3,0.0,13.1563,45.0,58.1563,2,True,0.095,Kings Court English College House -> Huntsman Hall -> Van Pelt Library -> Levine Hall
884,Kings Court English College House,Levine Hall,No preference,60.0,greedy_reward_per_minute,17.1,17.3,1.1561,10.4493,45.0,55.4493,2,True,0.015,Kings Court English College House -> Van Pelt Library -> Houston Hall -> Levine Hall
884,Kings Court English College House,Levine Hall,No preference,60.0,nearest,16.3,17.3,5.7803,8.4099,50.0,58.4099,2,True,0.0096,Kings Court English College House -> Van Pelt Library -> Fisher Fine Arts Library -> Levine Hall
885,Kings Court English College House,Levine Hall,No preference,90.0,exact_dynamic_programming,26.3,26.3,0.0,19.4201,70.0,89.4201,3,True,0.1529,Kings Court English College House -> Huntsman Hall -> Holman Biotech Commons -> Van Pelt Library -> Levine Hall
885,Kings Court English College House,Levine Hall,No preference,90.0,greedy_reward_per_minute,23.9,26.3,9.1255,12.3165,65.0,77.3165,3,True,0.0181,Kings Court English College House -> Van Pelt Library -> Houston Hall -> Towne Building -> Levine Hall
885,Kings Court English College House,Levine Hall,No preference,90.0,nearest,24.4,26.3,7.2243,11.0344,70.0,81.0344,3,True,0.0109,Kings Court English College House -> Van Pelt Library -> Fisher Fine Arts Library -> Houston Hall -> Levine Hall
886,Kings Court English College House,David Rittenhouse Laboratory,Quiet,45.0,exact_dynamic_programming,11.0,11.0,0.0,7.8219,25.0,32.8219,1,True,0.1509,Kings Court English College House -> Van Pelt Library -> David Rittenhouse Laboratory
886,Kings Court English College House,David Rittenhouse Laboratory,Quiet,45.0,greedy_reward_per_minute,11.0,11.0,0.0,7.8219,25.0,32.8219,1,True,0.0126,Kings Court English College House -> Van Pelt Library -> David Rittenhouse Laboratory
886,Kings Court English College House,David Rittenhouse Laboratory,Quiet,45.0,nearest,11.0,11.0,0.0,7.8219,25.0,32.8219,1,True,0.0075,Kings Court English College House -> Van Pelt Library -> David Rittenhouse Laboratory
887,Kings Court English College House,David Rittenhouse Laboratory,Quiet,60.0,exact_dynamic_programming,21.8,21.8,0.0,9.5564,50.0,59.5564,2,True,0.1776,Kings Court English College House -> Van Pelt Library -> Fisher Fine Arts Library -> David Rittenhouse Laboratory
887,Kings Court English College House,David Rittenhouse Laboratory,Quiet,60.0,greedy_reward_per_minute,21.8,21.8,0.0,9.5564,50.0,59.5564,2,True,0.0159,Kings Court English College House -> Van Pelt Library -> Fisher Fine Arts Library -> David Rittenhouse Laboratory
887,Kings Court English College House,David Rittenhouse Laboratory,Quiet,60.0,nearest,21.8,21.8,0.0,9.5564,50.0,59.5564,2,True,0.0096,Kings Court English College House -> Van Pelt Library -> Fisher Fine Arts Library -> David Rittenhouse Laboratory
888,Kings Court English College House,David Rittenhouse Laboratory,Quiet,90.0,exact_dynamic_programming,28.8,28.8,0.0,10.3773,70.0,80.3773,3,True,0.2863,Kings Court English College House -> Van Pelt Library -> Fisher Fine Arts Library -> Levine Hall -> David Rittenhouse Laboratory
888,Kings Court English College House,David Rittenhouse Laboratory,Quiet,90.0,greedy_reward_per_minute,28.8,28.8,0.0,10.3773,70.0,80.3773,3,True,0.0207,Kings Court English College House -> Van Pelt Library -> Fisher Fine Arts Library -> Levine Hall -> David Rittenhouse Laboratory
888,Kings Court English College House,David Rittenhouse Laboratory,Quiet,90.0,nearest,26.4,28.8,8.3333,12.5448,70.0,82.5448,3,True,0.0124,Kings Court English College House -> Van Pelt Library -> Fisher Fine Arts Library -> Houston Hall -> David Rittenhouse Laboratory
889,Kings Court English College House,David Rittenhouse Laboratory,Collaborative,45.0,exact_dynamic_programming,10.8,10.8,0.0,12.8267,20.0,32.8267,1,True,0.151,Kings Court English College House -> Huntsman Hall -> David Rittenhouse Laboratory
889,Kings Court English College House,David Rittenhouse Laboratory,Collaborative,45.0,greedy_reward_per_minute,9.0,10.8,16.6667,6.9766,20.0,26.9766,1,True,0.013,Kings Court English College House -> Levine Hall -> David Rittenhouse Laboratory
889,Kings Court English College House,David Rittenhouse Laboratory,Collaborative,45.0,nearest,7.0,10.8,35.1852,7.8219,25.0,32.8219,1,True,0.008,Kings Court English College House -> Van Pelt Library -> David Rittenhouse Laboratory
890,Kings Court English College House,David Rittenhouse Laboratory,Collaborative,60.0,exact_dynamic_programming,21.4,21.4,0.0,17.1708,40.0,57.1708,2,True,0.1833,Kings Court English College House -> Huntsman Hall -> Houston Hall -> David Rittenhouse Laboratory
890,Kings Court English College House,David Rittenhouse Laboratory,Collaborative,60.0,greedy_reward_per_minute,19.6,21.4,8.4112,15.507,40.0,55.507,2,True,0.0163,Kings Court English College House -> Levine Hall -> Houston Hall -> David Rittenhouse Laboratory
890,Kings Court English College House,David Rittenhouse Laboratory,Collaborative,60.0,nearest,11.8,21.4,44.8598,9.5564,50.0,59.5564,2,True,0.0101,Kings Court English College House -> Van Pelt Library -> Fisher Fine Arts Library -> David Rittenhouse Laboratory
891,Kings Court English College House,David Rittenhouse Laboratory,Collaborative,90.0,exact_dynamic_programming,30.4,30.4,0.0,17.6278,60.0,77.6278,3,True,0.2805,Kings Court English College House -> Huntsman Hall -> Houston Hall -> Levine Hall -> David Rittenhouse Laboratory
891,Kings Court English College House,David Rittenhouse Laboratory,Collaborative,90.0,greedy_reward_per_minute,30.4,30.4,0.0,24.6361,60.0,84.6361,3,True,0.0206,Kings Court English College House -> Levine Hall -> Houston Hall -> Huntsman Hall -> David Rittenhouse Laboratory
891,Kings Court English College House,David Rittenhouse Laboratory,Collaborative,90.0,nearest,22.4,30.4,26.3158,12.5448,70.0,82.5448,3,True,0.0121,Kings Court English College House -> Van Pelt Library -> Fisher Fine Arts Library -> Houston Hall -> David Rittenhouse Laboratory
892,Kings Court English College House,David Rittenhouse Laboratory,Coffee nearby,45.0,exact_dynamic_programming,10.6,10.6,0.0,11.3262,20.0,31.3262,1,True,0.1583,Kings Court English College House -> Houston Hall -> David Rittenhouse Laboratory
892,Kings Court English College House,David Rittenhouse Laboratory,Coffee nearby,45.0,greedy_reward_per_minute,10.6,10.6,0.0,11.3262,20.0,31.3262,1,True,0.0135,Kings Court English College House -> Houston Hall -> David Rittenhouse Laboratory
892,Kings Court English College House,David Rittenhouse Laboratory,Coffee nearby,45.0,nearest,7.0,10.6,33.9623,7.8219,25.0,32.8219,1,True,0.0082,Kings Court English College House -> Van Pelt Library -> David Rittenhouse Laboratory
893,Kings Court English College House,David Rittenhouse Laboratory,Coffee nearby,60.0,exact_dynamic_programming,19.4,19.4,0.0,17.1708,40.0,57.1708,2,True,0.1778,Kings Court English College House -> Huntsman Hall -> Houston Hall -> David Rittenhouse Laboratory
893,Kings Court English College House,David Rittenhouse Laboratory,Coffee nearby,60.0,greedy_reward_per_minute,17.6,19.4,9.2784,11.7832,40.0,51.7832,2,True,0.0168,Kings Court English College House -> Houston Hall -> Levine Hall -> David Rittenhouse Laboratory
893,Kings Court English College House,David Rittenhouse Laboratory,Coffee nearby,60.0,nearest,11.8,19.4,39.1753,9.5564,50.0,59.5564,2,True,0.0101,Kings Court English College House -> Van Pelt Library -> Fisher Fine Arts Library -> David Rittenhouse Laboratory
894,Kings Court English College House,David Rittenhouse Laboratory,Coffee nearby,90.0,exact_dynamic_programming,26.4,26.4,0.0,17.6278,60.0,77.6278,3,True,0.2746,Kings Court English College House -> Huntsman Hall -> Houston Hall -> Levine Hall -> David Rittenhouse Laboratory
894,Kings Court English College House,David Rittenhouse Laboratory,Coffee nearby,90.0,greedy_reward_per_minute,26.4,26.4,0.0,25.8901,60.0,85.8901,3,True,0.0202,Kings Court English College House -> Houston Hall -> Levine Hall -> Huntsman Hall -> David Rittenhouse Laboratory
894,Kings Court English College House,David Rittenhouse Laboratory,Coffee nearby,90.0,nearest,22.4,26.4,15.1515,12.5448,70.0,82.5448,3,True,0.0119,Kings Court English College House -> Van Pelt Library -> Fisher Fine Arts Library -> Houston Hall -> David Rittenhouse Laboratory
895,Kings Court English College House,David Rittenhouse Laboratory,Power outlets,45.0,exact_dynamic_programming,11.0,11.0,0.0,6.9766,20.0,26.9766,1,True,0.1527,Kings Court English College House -> Levine Hall -> David Rittenhouse Laboratory
895,Kings Court English College House,David Rittenhouse Laboratory,Power outlets,45.0,greedy_reward_per_minute,11.0,11.0,0.0,6.9766,20.0,26.9766,1,True,0.0133,Kings Court English College House -> Levine Hall -> David Rittenhouse Laboratory
895,Kings Court English College House,David Rittenhouse Laboratory,Power outlets,45.0,nearest,11.0,11.0,0.0,7.8219,25.0,32.8219,1,True,0.0085,Kings Court English College House -> Van Pelt Library -> David Rittenhouse Laboratory
896,Kings Court English College House,David Rittenhouse Laboratory,Power outlets,60.0,exact_dynamic_programming,22.0,22.0,0.0,9.0704,45.0,54.0704,2,True,0.1722,Kings Court English College House -> Van Pelt Library -> Levine Hall -> David Rittenhouse Laboratory
896,Kings Court English College House,David Rittenhouse Laboratory,Power outlets,60.0,greedy_reward_per_minute,19.8,22.0,10.0,9.4242,40.0,49.4242,2,True,0.016,Kings Court English College House -> Levine Hall -> Towne Building -> David Rittenhouse Laboratory
896,Kings Court English College House,David Rittenhouse Laboratory,Power outlets,60.0,nearest,19.8,22.0,10.0,9.5564,50.0,59.5564,2,True,0.0096,Kings Court English College House -> Van Pelt Library -> Fisher Fine Arts Library -> David Rittenhouse Laboratory
897,Kings Court English College House,David Rittenhouse Laboratory,Power outlets,90.0,exact_dynamic_programming,33.0,33.0,0.0,18.7656,70.0,88.7656,3,True,0.2639,Kings Court English College House -> Holman Biotech Commons -> Van Pelt Library -> Levine Hall -> David Rittenhouse Laboratory
897,Kings Court English College House,David Rittenhouse Laboratory,Power outlets,90.0,greedy_reward_per_minute,30.8,33.0,6.6667,15.7243,65.0,80.7243,3,True,0.0201,Kings Court English College House -> Levine Hall -> Towne Building -> Van Pelt Library -> David Rittenhouse Laboratory
897,Kings Court English College House,David Rittenhouse Laboratory,Power outlets,90.0,nearest,26.4,33.0,20.0,12.5448,70.0,82.5448,3,True,0.0118,Kings Court English College House -> Van Pelt Library -> Fisher Fine Arts Library -> Houston Hall -> David Rittenhouse Laboratory
898,Kings Court English College House,David Rittenhouse Laboratory,No preference,45.0,exact_dynamic_programming,9.0,9.0,0.0,7.8219,25.0,32.8219,1,True,0.1694,Kings Court English College House -> Van Pelt Library -> David Rittenhouse Laboratory
898,Kings Court English College House,David Rittenhouse Laboratory,No preference,45.0,greedy_reward_per_minute,8.5,9.0,5.5556,6.9766,20.0,26.9766,1,True,0.0141,Kings Court English College House -> Levine Hall -> David Rittenhouse Laboratory
898,Kings Court English College House,David Rittenhouse Laboratory,No preference,45.0,nearest,9.0,9.0,0.0,7.8219,25.0,32.8219,1,True,0.0084,Kings Court English College House -> Van Pelt Library -> David Rittenhouse Laboratory
899,Kings Court English College House,David Rittenhouse Laboratory,No preference,60.0,exact_dynamic_programming,17.5,17.5,0.0,9.0704,45.0,54.0704,2,True,0.1991,Kings Court English College House -> Van Pelt Library -> Levine Hall -> David Rittenhouse Laboratory
899,Kings Court English College House,David Rittenhouse Laboratory,No preference,60.0,greedy_reward_per_minute,15.3,17.5,12.5714,9.4242,40.0,49.4242,2,True,0.0214,Kings Court English College House -> Levine Hall -> Towne Building -> David Rittenhouse Laboratory
899,Kings Court English College House,David Rittenhouse Laboratory,No preference,60.0,nearest,16.3,17.5,6.8571,9.5564,50.0,59.5564,2,True,0.0109,Kings Court English College House -> Van Pelt Library -> Fisher Fine Arts Library -> David Rittenhouse Laboratory
900,Kings Court English College House,David Rittenhouse Laboratory,No preference,90.0,exact_dynamic_programming,26.5,26.5,0.0,18.7656,70.0,88.7656,3,True,0.3124,Kings Court English College House -> Holman Biotech Commons -> Van Pelt Library -> Levine Hall -> David Rittenhouse Laboratory
900,Kings Court English College House,David Rittenhouse Laboratory,No preference,90.0,greedy_reward_per_minute,23.4,26.5,11.6981,17.3742,60.0,77.3742,3,True,0.0212,Kings Court English College House -> Levine Hall -> Towne Building -> Houston Hall -> David Rittenhouse Laboratory
900,Kings Court English College House,David Rittenhouse Laboratory,No preference,90.0,nearest,24.4,26.5,7.9245,12.5448,70.0,82.5448,3,True,0.0127,Kings Court English College House -> Van Pelt Library -> Fisher Fine Arts Library -> Houston Hall -> David Rittenhouse Laboratory
901,Kings Court English College House,Huntsman Hall,Quiet,45.0,exact_dynamic_programming,11.0,11.0,0.0,7.9668,25.0,32.9668,1,True,0.0979,Kings Court English College House -> Van Pelt Library -> Huntsman Hall
901,Kings Court English College House,Huntsman Hall,Quiet,45.0,greedy_reward_per_minute,11.0,11.0,0.0,7.9668,25.0,32.9668,1,True,0.012,Kings Court English College House -> Van Pelt Library -> Huntsman Hall
901,Kings Court English College House,Huntsman Hall,Quiet,45.0,nearest,11.0,11.0,0.0,7.9668,25.0,32.9668,1,True,0.0078,Kings Court English College House -> Van Pelt Library -> Huntsman Hall
902,Kings Court English College House,Huntsman Hall,Quiet,60.0,exact_dynamic_programming,18.0,18.0,0.0,13.7354,45.0,58.7354,2,True,0.0979,Kings Court English College House -> Levine Hall -> Van Pelt Library -> Huntsman Hall
902,Kings Court English College House,Huntsman Hall,Quiet,60.0,greedy_reward_per_minute,18.0,18.0,0.0,14.7807,45.0,59.7807,2,True,0.0197,Kings Court English College House -> Van Pelt Library -> Levine Hall -> Huntsman Hall
902,Kings Court English College House,Huntsman Hall,Quiet,60.0,nearest,15.6,18.0,13.3333,12.6922,45.0,57.6922,2,True,0.0131,Kings Court English College House -> Van Pelt Library -> Houston Hall -> Huntsman Hall
903,Kings Court English College House,Huntsman Hall,Quiet,90.0,exact_dynamic_programming,28.8,28.8,0.0,15.0423,70.0,85.0423,3,True,0.1439,Kings Court English College House -> Levine Hall -> Fisher Fine Arts Library -> Van Pelt Library -> Huntsman Hall
903,Kings Court English College House,Huntsman Hall,Quiet,90.0,greedy_reward_per_minute,28.8,28.8,0.0,16.0876,70.0,86.0876,3,True,0.0188,Kings Court English College House -> Van Pelt Library -> Fisher Fine Arts Library -> Levine Hall -> Huntsman Hall
903,Kings Court English College House,Huntsman Hall,Quiet,90.0,nearest,26.4,28.8,8.3333,13.2773,70.0,83.2773,3,True,0.011,Kings Court English College House -> Van Pelt Library -> Fisher Fine Arts Library -> Houston Hall -> Huntsman Hall
904,Kings Court English College House,Huntsman Hall,Collaborative,45.0,exact_dynamic_programming,10.6,10.6,0.0,12.0587,20.0,32.0587,1,True,0.0792,Kings Court English College House -> Houston Hall -> Huntsman Hall
904,Kings Court English College House,Huntsman Hall,Collaborative,45.0,greedy_reward_per_minute,10.6,10.6,0.0,12.0587,20.0,32.0587,1,True,0.0122,Kings Court English College House -> Houston Hall -> Huntsman Hall
904,Kings Court English College House,Huntsman Hall,Collaborative,45.0,nearest,7.0,10.6,33.9623,7.9668,25.0,32.9668,1,True,0.0079,Kings Court English College House -> Van Pelt Library -> Huntsman Hall
905,Kings Court English College House,Huntsman Hall,Collaborative,60.0,exact_dynamic_programming,19.6,19.6,0.0,16.2395,40.0,56.2395,2,True,0.0947,Kings Court English College House -> Levine Hall -> Houston Hall -> Huntsman Hall
905,Kings Court English College House,Huntsman Hall,Collaborative,60.0,greedy_reward_per_minute,19.6,19.6,0.0,17.4935,40.0,57.4935,2,True,0.016,Kings Court English College House -> Houston Hall -> Levine Hall -> Huntsman Hall
905,Kings Court English College House,Huntsman Hall,Collaborative,60.0,nearest,17.6,19.6,10.2041,12.6922,45.0,57.6922,2,True,0.0094,Kings Court English College House -> Van Pelt Library -> Houston Hall -> Huntsman Hall
906,Kings Court English College House,Huntsman Hall,Collaborative,90.0,exact_dynamic_programming,28.6,28.6,0.0,20.3044,65.0,85.3044,3,True,0.1436,Kings Court English College House -> Levine Hall -> Houston Hall -> Holman Biotech Commons -> Huntsman Hall
906,Kings Court English College House,Huntsman Hall,Collaborative,90.0,greedy_reward_per_minute,26.4,28.6,7.6923,20.6712,60.0,80.6712,3,True,0.0192,Kings Court English College House -> Houston Hall -> Levine Hall -> Towne Building -> Huntsman Hall
906,Kings Court English College House,Huntsman Hall,Collaborative,90.0,nearest,22.4,28.6,21.6783,13.2773,70.0,83.2773,3,True,0.0111,Kings Court English College House -> Van Pelt Library -> Fisher Fine Arts Library -> Houston Hall -> Huntsman Hall
907,Kings Court English College House,Huntsman Hall,Coffee nearby,45.0,exact_dynamic_programming,10.6,10.6,0.0,12.0587,20.0,32.0587,1,True,0.0843,Kings Court English College House -> Houston Hall -> Huntsman Hall
907,Kings Court English College House,Huntsman Hall,Coffee nearby,45.0,greedy_reward_per_minute,10.6,10.6,0.0,12.0587,20.0,32.0587,1,True,0.0123,Kings Court English College House -> Houston Hall -> Huntsman Hall
907,Kings Court English College House,Huntsman Hall,Coffee nearby,45.0,nearest,7.0,10.6,33.9623,7.9668,25.0,32.9668,1,True,0.0078,Kings Court English College House -> Van Pelt Library -> Huntsman Hall
908,Kings Court English College House,Huntsman Hall,Coffee nearby,60.0,exact_dynamic_programming,17.6,17.6,0.0,16.2395,40.0,56.2395,2,True,0.0936,Kings Court English College House -> Levine Hall -> Houston Hall -> Huntsman Hall
908,Kings Court English College House,Huntsman Hall,Coffee nearby,60.0,greedy_reward_per_minute,17.6,17.6,0.0,17.4935,40.0,57.4935,2,True,0.0157,Kings Court English College House -> Houston Hall -> Levine Hall -> Huntsman Hall
908,Kings Court English College House,Huntsman Hall,Coffee nearby,60.0,nearest,17.6,17.6,0.0,12.6922,45.0,57.6922,2,True,0.0098,Kings Court English College House -> Van Pelt Library -> Houston Hall -> Huntsman Hall
909,Kings Court English College House,Huntsman Hall,Coffee nearby,90.0,exact_dynamic_programming,24.6,24.6,0.0,17.0817,65.0,82.0817,3,True,0.151,Kings Court English College House -> Levine Hall -> Houston Hall -> Van Pelt Library -> Huntsman Hall
909,Kings Court English College House,Huntsman Hall,Coffee nearby,90.0,greedy_reward_per_minute,24.6,24.6,0.0,18.542,65.0,83.542,3,True,0.0187,Kings Court English College House -> Houston Hall -> Levine Hall -> Van Pelt Library -> Huntsman Hall
909,Kings Court English College House,Huntsman Hall,Coffee nearby,90.0,nearest,22.4,24.6,8.9431,13.2773,70.0,83.2773,3,True,0.0111,Kings Court English College House -> Van Pelt Library -> Fisher Fine Arts Library -> Houston Hall -> Huntsman Hall
910,Kings Court English College House,Huntsman Hall,Power outlets,45.0,exact_dynamic_programming,11.0,11.0,0.0,12.6869,20.0,32.6869,1,True,0.0842,Kings Court English College House -> Levine Hall -> Huntsman Hall
910,Kings Court English College House,Huntsman Hall,Power outlets,45.0,greedy_reward_per_minute,11.0,11.0,0.0,12.6869,20.0,32.6869,1,True,0.012,Kings Court English College House -> Levine Hall -> Huntsman Hall
910,Kings Court English College House,Huntsman Hall,Power outlets,45.0,nearest,11.0,11.0,0.0,7.9668,25.0,32.9668,1,True,0.009,Kings Court English College House -> Van Pelt Library -> Huntsman Hall
911,Kings Court English College House,Huntsman Hall,Power outlets,60.0,exact_dynamic_programming,22.0,22.0,0.0,13.7354,45.0,58.7354,2,True,0.0918,Kings Court English College House -> Levine Hall -> Van Pelt Library -> Huntsman Hall
911,Kings Court English College House,Huntsman Hall,Power outlets,60.0,greedy_reward_per_minute,22.0,22.0,0.0,13.7354,45.0,58.7354,2,True,0.0144,Kings Court English College House -> Levine Hall -> Van Pelt Library -> Huntsman Hall
911,Kings Court English College House,Huntsman Hall,Power outlets,60.0,nearest,17.6,22.0,20.0,12.6922,45.0,57.6922,2,True,0.0091,Kings Court English College House -> Van Pelt Library -> Houston Hall -> Huntsman Hall
912,Kings Court English College House,Huntsman Hall,Power outlets,90.0,exact_dynamic_programming,33.0,33.0,0.0,19.9992,70.0,89.9992,3,True,0.139,Kings Court English College House -> Levine Hall -> Van Pelt Library -> Holman Biotech Commons -> Huntsman Hall
912,Kings Court English College House,Huntsman Hall,Power outlets,90.0,greedy_reward_per_minute,33.0,33.0,0.0,19.9992,70.0,89.9992,3,True,0.0186,Kings Court English College House -> Levine Hall -> Van Pelt Library -> Holman Biotech Commons -> Huntsman Hall
912,Kings Court English College House,Huntsman Hall,Power outlets,90.0,nearest,26.4,33.0,20.0,13.2773,70.0,83.2773,3,True,0.0108,Kings Court English College House -> Van Pelt Library -> Fisher Fine Arts Library -> Houston Hall -> Huntsman Hall
913,Kings Court English College House,Huntsman Hall,No preference,45.0,exact_dynamic_programming,9.0,9.0,0.0,7.9668,25.0,32.9668,1,True,0.0925,Kings Court English College House -> Van Pelt Library -> Huntsman Hall
913,Kings Court English College House,Huntsman Hall,No preference,45.0,greedy_reward_per_minute,9.0,9.0,0.0,7.9668,25.0,32.9668,1,True,0.012,Kings Court English College House -> Van Pelt Library -> Huntsman Hall
913,Kings Court English College House,Huntsman Hall,No preference,45.0,nearest,9.0,9.0,0.0,7.9668,25.0,32.9668,1,True,0.0072,Kings Court English College House -> Van Pelt Library -> Huntsman Hall
914,Kings Court English College House,Huntsman Hall,No preference,60.0,exact_dynamic_programming,17.5,17.5,0.0,13.7354,45.0,58.7354,2,True,0.0922,Kings Court English College House -> Levine Hall -> Van Pelt Library -> Huntsman Hall
914,Kings Court English College House,Huntsman Hall,No preference,60.0,greedy_reward_per_minute,17.1,17.5,2.2857,12.6922,45.0,57.6922,2,True,0.0148,Kings Court English College House -> Van Pelt Library -> Houston Hall -> Huntsman Hall
914,Kings Court English College House,Huntsman Hall,No preference,60.0,nearest,17.1,17.5,2.2857,12.6922,45.0,57.6922,2,True,0.0088,Kings Court English College House -> Van Pelt Library -> Houston Hall -> Huntsman Hall
915,Kings Court English College House,Huntsman Hall,No preference,90.0,exact_dynamic_programming,26.5,26.5,0.0,19.9992,70.0,89.9992,3,True,0.1439,Kings Court English College House -> Levine Hall -> Van Pelt Library -> Holman Biotech Commons -> Huntsman Hall
915,Kings Court English College House,Huntsman Hall,No preference,90.0,greedy_reward_per_minute,25.6,26.5,3.3962,18.127,65.0,83.127,3,True,0.0192,Kings Court English College House -> Van Pelt Library -> Houston Hall -> Levine Hall -> Huntsman Hall
915,Kings Court English College House,Huntsman Hall,No preference,90.0,nearest,24.4,26.5,7.9245,13.2773,70.0,83.2773,3,True,0.0109,Kings Court English College House -> Van Pelt Library -> Fisher Fine Arts Library -> Houston Hall -> Huntsman Hall
916,Kings Court English College House,Meyerson Hall,Quiet,45.0,exact_dynamic_programming,11.0,11.0,0.0,4.5655,25.0,29.5655,1,True,0.1485,Kings Court English College House -> Van Pelt Library -> Meyerson Hall
916,Kings Court English College House,Meyerson Hall,Quiet,45.0,greedy_reward_per_minute,11.0,11.0,0.0,4.5655,25.0,29.5655,1,True,0.0137,Kings Court English College House -> Van Pelt Library -> Meyerson Hall
916,Kings Court English College House,Meyerson Hall,Quiet,45.0,nearest,11.0,11.0,0.0,4.5655,25.0,29.5655,1,True,0.0078,Kings Court English College House -> Van Pelt Library -> Meyerson Hall
917,Kings Court English College House,Meyerson Hall,Quiet,60.0,exact_dynamic_programming,21.8,21.8,0.0,6.3001,50.0,56.3001,2,True,0.1857,Kings Court English College House -> Van Pelt Library -> Fisher Fine Arts Library -> Meyerson Hall
917,Kings Court English College House,Meyerson Hall,Quiet,60.0,greedy_reward_per_minute,21.8,21.8,0.0,6.3001,50.0,56.3001,2,True,0.0164,Kings Court English College House -> Van Pelt Library -> Fisher Fine Arts Library -> Meyerson Hall
917,Kings Court English College House,Meyerson Hall,Quiet,60.0,nearest,21.8,21.8,0.0,6.3001,50.0,56.3001,2,True,0.0098,Kings Court English College House -> Van Pelt Library -> Fisher Fine Arts Library -> Meyerson Hall
918,Kings Court English College House,Meyerson Hall,Quiet,90.0,exact_dynamic_programming,28.8,28.8,0.0,10.9473,70.0,80.9473,3,True,0.294,Kings Court English College House -> Van Pelt Library -> Fisher Fine Arts Library -> Levine Hall -> Meyerson Hall
918,Kings Court English College House,Meyerson Hall,Quiet,90.0,greedy_reward_per_minute,28.8,28.8,0.0,10.9473,70.0,80.9473,3,True,0.0202,Kings Court English College House -> Van Pelt Library -> Fisher Fine Arts Library -> Levine Hall -> Meyerson Hall
918,Kings Court English College House,Meyerson Hall,Quiet,90.0,nearest,26.4,28.8,8.3333,9.2884,70.0,79.2884,3,True,0.0115,Kings Court English College House -> Van Pelt Library -> Fisher Fine Arts Library -> Houston Hall -> Meyerson Hall
919,Kings Court English College House,Meyerson Hall,Collaborative,45.0,exact_dynamic_programming,10.8,10.8,0.0,10.4832,20.0,30.4832,1,True,0.1462,Kings Court English College House -> Huntsman Hall -> Meyerson Hall
919,Kings Court English College House,Meyerson Hall,Collaborative,45.0,greedy_reward_per_minute,10.6,10.8,1.8519,8.0698,20.0,28.0698,1,True,0.0127,Kings Court English College House -> Houston Hall -> Meyerson Hall
919,Kings Court English College House,Meyerson Hall,Collaborative,45.0,nearest,7.0,10.8,35.1852,4.5655,25.0,29.5655,1,True,0.021,Kings Court English College House -> Van Pelt Library -> Meyerson Hall
920,Kings Court English College House,Meyerson Hall,Collaborative,60.0,exact_dynamic_programming,21.4,21.4,0.0,13.9144,40.0,53.9144,2,True,0.1849,Kings Court English College House -> Huntsman Hall -> Houston Hall -> Meyerson Hall
920,Kings Court English College House,Meyerson Hall,Collaborative,60.0,greedy_reward_per_minute,19.6,21.4,8.4112,12.3532,40.0,52.3532,2,True,0.017,Kings Court English College House -> Houston Hall -> Levine Hall -> Meyerson Hall
920,Kings Court English College House,Meyerson Hall,Collaborative,60.0,nearest,11.8,21.4,44.8598,6.3001,50.0,56.3001,2,True,0.0106,Kings Court English College House -> Van Pelt Library -> Fisher Fine Arts Library -> Meyerson Hall
921,Kings Court English College House,Meyerson Hall,Collaborative,90.0,exact_dynamic_programming,30.4,30.4,0.0,18.1978,60.0,78.1978,3,True,0.3055,Kings Court English College House -> Huntsman Hall -> Houston Hall -> Levine Hall -> Meyerson Hall
921,Kings Court English College House,Meyerson Hall,Collaborative,90.0,greedy_reward_per_minute,30.4,30.4,0.0,23.5466,60.0,83.5466,3,True,0.021,Kings Court English College House -> Houston Hall -> Levine Hall -> Huntsman Hall -> Meyerson Hall
921,Kings Court English College House,Meyerson Hall,Collaborative,90.0,nearest,22.4,30.4,26.3158,9.2884,70.0,79.2884,3,True,0.0121,Kings Court English College House -> Van Pelt Library -> Fisher Fine Arts Library -> Houston Hall -> Meyerson Hall
922,Kings Court English College House,Meyerson Hall,Coffee nearby,45.0,exact_dynamic_programming,10.6,10.6,0.0,8.0698,20.0,28.0698,1,True,0.1645,Kings Court English College House -> Houston Hall -> Meyerson Hall
922,Kings Court English College House,Meyerson Hall,Coffee nearby,45.0,greedy_reward_per_minute,10.6,10.6,0.0,8.0698,20.0,28.0698,1,True,0.0134,Kings Court English College House -> Houston Hall -> Meyerson Hall
922,Kings Court English College House,Meyerson Hall,Coffee nearby,45.0,nearest,7.0,10.6,33.9623,4.5655,25.0,29.5655,1,True,0.0085,Kings Court English College House -> Van Pelt Library -> Meyerson Hall
923,Kings Court English College House,Meyerson Hall,Coffee nearby,60.0,exact_dynamic_programming,19.4,19.4,0.0,13.9144,40.0,53.9144,2,True,0.1969,Kings Court English College House -> Huntsman Hall -> Houston Hall -> Meyerson Hall
923,Kings Court English College House,Meyerson Hall,Coffee nearby,60.0,greedy_reward_per_minute,19.4,19.4,0.0,18.1118,40.0,58.1118,2,True,0.0168,Kings Court English College House -> Houston Hall -> Huntsman Hall -> Meyerson Hall
923,Kings Court English College House,Meyerson Hall,Coffee nearby,60.0,nearest,11.8,19.4,39.1753,6.3001,50.0,56.3001,2,True,0.0099,Kings Court English College House -> Van Pelt Library -> Fisher Fine Arts Library -> Meyerson Hall
924,Kings Court English College House,Meyerson Hall,Coffee nearby,90.0,exact_dynamic_programming,26.4,26.4,0.0,18.1978,60.0,78.1978,3,True,0.2942,Kings Court English College House -> Huntsman Hall -> Houston Hall -> Levine Hall -> Meyerson Hall
924,Kings Court English College House,Meyerson Hall,Coffee nearby,90.0,greedy_reward_per_minute,26.4,26.4,0.0,22.2738,60.0,82.2738,3,True,0.0201,Kings Court English College House -> Houston Hall -> Huntsman Hall -> Levine Hall -> Meyerson Hall
924,Kings Court English College House,Meyerson Hall,Coffee nearby,90.0,nearest,22.4,26.4,15.1515,9.2884,70.0,79.2884,3,True,0.0113,Kings Court English College House -> Van Pelt Library -> Fisher Fine Arts Library -> Houston Hall -> Meyerson Hall
925,Kings Court English College House,Meyerson Hall,Power outlets,45.0,exact_dynamic_programming,11.0,11.0,0.0,7.5466,20.0,27.5466,1,True,0.1492,Kings Court English College House -> Levine Hall -> Meyerson Hall
925,Kings Court English College House,Meyerson Hall,Power outlets,45.0,greedy_reward_per_minute,11.0,11.0,0.0,7.5466,20.0,27.5466,1,True,0.0122,Kings Court English College House -> Levine Hall -> Meyerson Hall
925,Kings Court English College House,Meyerson Hall,Power outlets,45.0,nearest,11.0,11.0,0.0,4.5655,25.0,29.5655,1,True,0.0081,Kings Court English College House -> Van Pelt Library -> Meyerson Hall
926,Kings Court English College House,Meyerson Hall,Power outlets,60.0,exact_dynamic_programming,22.0,22.0,0.0,9.6404,45.0,54.6404,2,True,0.1898,Kings Court English College House -> Van Pelt Library -> Levine Hall -> Meyerson Hall
926,Kings Court English College House,Meyerson Hall,Power outlets,60.0,greedy_reward_per_minute,22.0,22.0,0.0,10.3341,45.0,55.3341,2,True,0.0166,Kings Court English College House -> Levine Hall -> Van Pelt Library -> Meyerson Hall
926,Kings Court English College House,Meyerson Hall,Power outlets,60.0,nearest,19.8,22.0,10.0,6.3001,50.0,56.3001,2,True,0.0098,Kings Court English College House -> Van Pelt Library -> Fisher Fine Arts Library -> Meyerson Hall
927,Kings Court English College House,Meyerson Hall,Power outlets,90.0,exact_dynamic_programming,33.0,33.0,0.0,19.3356,70.0,89.3356,3,True,0.2923,Kings Court English College House -> Holman Biotech Commons -> Van Pelt Library -> Levine Hall -> Meyerson Hall
927,Kings Court English College House,Meyerson Hall,Power outlets,90.0,greedy_reward_per_minute,30.8,33.0,6.6667,16.0439,65.0,81.0439,3,True,0.0198,Kings Court English College House -> Levine Hall -> Van Pelt Library -> Towne Building -> Meyerson Hall
927,Kings Court English College House,Meyerson Hall,Power outlets,90.0,nearest,26.4,33.0,20.0,9.2884,70.0,79.2884,3,True,0.0115,Kings Court English College House -> Van Pelt Library -> Fisher Fine Arts Library -> Houston Hall -> Meyerson Hall
928,Kings Court English College House,Meyerson Hall,No preference,45.0,exact_dynamic_programming,9.0,9.0,0.0,4.5655,25.0,29.5655,1,True,0.1533,Kings Court English College House -> Van Pelt Library -> Meyerson Hall
928,Kings Court English College House,Meyerson Hall,No preference,45.0,greedy_reward_per_minute,8.5,9.0,5.5556,7.5466,20.0,27.5466,1,True,0.013,Kings Court English College House -> Levine Hall -> Meyerson Hall
928,Kings Court English College House,Meyerson Hall,No preference,45.0,nearest,9.0,9.0,0.0,4.5655,25.0,29.5655,1,True,0.0078,Kings Court English College House -> Van Pelt Library -> Meyerson Hall
929,Kings Court English College House,Meyerson Hall,No preference,60.0,exact_dynamic_programming,17.5,17.5,0.0,9.6404,45.0,54.6404,2,True,0.1806,Kings Court English College House -> Van Pelt Library -> Levine Hall -> Meyerson Hall
929,Kings Court English College House,Meyerson Hall,No preference,60.0,greedy_reward_per_minute,16.6,17.5,5.1429,12.2506,40.0,52.2506,2,True,0.0168,Kings Court English College House -> Levine Hall -> Houston Hall -> Meyerson Hall
929,Kings Court English College House,Meyerson Hall,No preference,60.0,nearest,16.3,17.5,6.8571,6.3001,50.0,56.3001,2,True,0.0102,Kings Court English College House -> Van Pelt Library -> Fisher Fine Arts Library -> Meyerson Hall
930,Kings Court English College House,Meyerson Hall,No preference,90.0,exact_dynamic_programming,26.5,26.5,0.0,19.3356,70.0,89.3356,3,True,0.2879,Kings Court English College House -> Holman Biotech Commons -> Van Pelt Library -> Levine Hall -> Meyerson Hall
930,Kings Court English College House,Meyerson Hall,No preference,90.0,greedy_reward_per_minute,25.6,26.5,3.3962,13.6804,65.0,78.6804,3,True,0.0214,Kings Court English College House -> Levine Hall -> Houston Hall -> Van Pelt Library -> Meyerson Hall
930,Kings Court English College House,Meyerson Hall,No preference,90.0,nearest,24.4,26.5,7.9245,9.2884,70.0,79.2884,3,True,0.0118,Kings Court English College House -> Van Pelt Library -> Fisher Fine Arts Library -> Houston Hall -> Meyerson Hall
931,Kings Court English College House,Claudia Cohen Hall,Quiet,45.0,exact_dynamic_programming,11.0,11.0,0.0,5.1539,25.0,30.1539,1,True,0.2148,Kings Court English College House -> Van Pelt Library -> Claudia Cohen Hall
931,Kings Court English College House,Claudia Cohen Hall,Quiet,45.0,greedy_reward_per_minute,11.0,11.0,0.0,5.1539,25.0,30.1539,1,True,0.0133,Kings Court English College House -> Van Pelt Library -> Claudia Cohen Hall
931,Kings Court English College House,Claudia Cohen Hall,Quiet,45.0,nearest,11.0,11.0,0.0,5.1539,25.0,30.1539,1,True,0.0078,Kings Court English College House -> Van Pelt Library -> Claudia Cohen Hall
932,Kings Court English College House,Claudia Cohen Hall,Quiet,60.0,exact_dynamic_programming,21.8,21.8,0.0,6.974,50.0,56.974,2,True,0.1841,Kings Court English College House -> Van Pelt Library -> Fisher Fine Arts Library -> Claudia Cohen Hall
932,Kings Court English College House,Claudia Cohen Hall,Quiet,60.0,greedy_reward_per_minute,21.8,21.8,0.0,6.974,50.0,56.974,2,True,0.0166,Kings Court English College House -> Van Pelt Library -> Fisher Fine Arts Library -> Claudia Cohen Hall
932,Kings Court English College House,Claudia Cohen Hall,Quiet,60.0,nearest,21.8,21.8,0.0,6.974,50.0,56.974,2,True,0.0098,Kings Court English College House -> Van Pelt Library -> Fisher Fine Arts Library -> Claudia Cohen Hall
933,Kings Court English College House,Claudia Cohen Hall,Quiet,90.0,exact_dynamic_programming,28.8,28.8,0.0,12.2294,70.0,82.2294,3,True,0.3476,Kings Court English College House -> Levine Hall -> Fisher Fine Arts Library -> Van Pelt Library -> Claudia Cohen Hall
933,Kings Court English College House,Claudia Cohen Hall,Quiet,90.0,greedy_reward_per_minute,28.8,28.8,0.0,13.4883,70.0,83.4883,3,True,0.0209,Kings Court English College House -> Van Pelt Library -> Fisher Fine Arts Library -> Levine Hall -> Claudia Cohen Hall
933,Kings Court English College House,Claudia Cohen Hall,Quiet,90.0,nearest,26.4,28.8,8.3333,7.5492,70.0,77.5492,3,True,0.012,Kings Court English College House -> Van Pelt Library -> Fisher Fine Arts Library -> Houston Hall -> Claudia Cohen Hall
934,Kings Court English College House,Claudia Cohen Hall,Collaborative,45.0,exact_dynamic_programming,10.8,10.8,0.0,10.3651,20.0,30.3651,1,True,0.1534,Kings Court English College House -> Huntsman Hall -> Claudia Cohen Hall
934,Kings Court English College House,Claudia Cohen Hall,Collaborative,45.0,greedy_reward_per_minute,10.6,10.8,1.8519,6.3306,20.0,26.3306,1,True,0.0135,Kings Court English College House -> Houston Hall -> Claudia Cohen Hall
934,Kings Court English College House,Claudia Cohen Hall,Collaborative,45.0,nearest,7.0,10.8,35.1852,5.1539,25.0,30.1539,1,True,0.0083,Kings Court English College House -> Van Pelt Library -> Claudia Cohen Hall
935,Kings Court English College House,Claudia Cohen Hall,Collaborative,60.0,exact_dynamic_programming,21.4,21.4,0.0,12.1752,40.0,52.1752,2,True,0.1849,Kings Court English College House -> Huntsman Hall -> Houston Hall -> Claudia Cohen Hall
935,Kings Court English College House,Claudia Cohen Hall,Collaborative,60.0,greedy_reward_per_minute,21.4,21.4,0.0,17.9937,40.0,57.9937,2,True,0.0167,Kings Court English College House -> Houston Hall -> Huntsman Hall -> Claudia Cohen Hall
935,Kings Court English College House,Claudia Cohen Hall,Collaborative,60.0,nearest,11.8,21.4,44.8598,6.974,50.0,56.974,2,True,0.01,Kings Court English College House -> Van Pelt Library -> Fisher Fine Arts Library -> Claudia Cohen Hall
936,Kings Court English College House,Claudia Cohen Hall,Collaborative,90.0,exact_dynamic_programming,30.4,30.4,0.0,17.61,60.0,77.61,3,True,0.2893,Kings Court English College House -> Huntsman Hall -> Levine Hall -> Houston Hall -> Claudia Cohen Hall
936,Kings Court English College House,Claudia Cohen Hall,Collaborative,90.0,greedy_reward_per_minute,30.4,30.4,0.0,24.8148,60.0,84.8148,3,True,0.0209,Kings Court English College House -> Houston Hall -> Huntsman Hall -> Levine Hall -> Claudia Cohen Hall
936,Kings Court English College House,Claudia Cohen Hall,Collaborative,90.0,nearest,22.4,30.4,26.3158,7.5492,70.0,77.5492,3,True,0.0117,Kings Court English College House -> Van Pelt Library -> Fisher Fine Arts Library -> Houston Hall -> Claudia Cohen Hall
937,Kings Court English College House,Claudia Cohen Hall,Coffee nearby,45.0,exact_dynamic_programming,10.6,10.6,0.0,6.3306,20.0,26.3306,1,True,0.147,Kings Court English College House -> Houston Hall -> Claudia Cohen Hall
937,Kings Court English College House,Claudia Cohen Hall,Coffee nearby,45.0,greedy_reward_per_minute,10.6,10.6,0.0,6.3306,20.0,26.3306,1,True,0.0126,Kings Court English College House -> Houston Hall -> Claudia Cohen Hall
937,Kings Court English College House,Claudia Cohen Hall,Coffee nearby,45.0,nearest,7.0,10.6,33.9623,5.1539,25.0,30.1539,1,True,0.008,Kings Court English College House -> Van Pelt Library -> Claudia Cohen Hall
938,Kings Court English College House,Claudia Cohen Hall,Coffee nearby,60.0,exact_dynamic_programming,19.4,19.4,0.0,12.1752,40.0,52.1752,2,True,0.1773,Kings Court English College House -> Huntsman Hall -> Houston Hall -> Claudia Cohen Hall
938,Kings Court English College House,Claudia Cohen Hall,Coffee nearby,60.0,greedy_reward_per_minute,19.4,19.4,0.0,17.9937,40.0,57.9937,2,True,0.0163,Kings Court English College House -> Houston Hall -> Huntsman Hall -> Claudia Cohen Hall
938,Kings Court English College House,Claudia Cohen Hall,Coffee nearby,60.0,nearest,11.8,19.4,39.1753,6.974,50.0,56.974,2,True,0.0104,Kings Court English College House -> Van Pelt Library -> Fisher Fine Arts Library -> Claudia Cohen Hall
939,Kings Court English College House,Claudia Cohen Hall,Coffee nearby,90.0,exact_dynamic_programming,26.4,26.4,0.0,17.61,60.0,77.61,3,True,0.2778,Kings Court English College House -> Huntsman Hall -> Levine Hall -> Houston Hall -> Claudia Cohen Hall
939,Kings Court English College House,Claudia Cohen Hall,Coffee nearby,90.0,greedy_reward_per_minute,26.4,26.4,0.0,18.8358,65.0,83.8358,3,True,0.0205,Kings Court English College House -> Houston Hall -> Huntsman Hall -> Van Pelt Library -> Claudia Cohen Hall
939,Kings Court English College House,Claudia Cohen Hall,Coffee nearby,90.0,nearest,22.4,26.4,15.1515,7.5492,70.0,77.5492,3,True,0.0116,Kings Court English College House -> Van Pelt Library -> Fisher Fine Arts Library -> Houston Hall -> Claudia Cohen Hall
940,Kings Court English College House,Claudia Cohen Hall,Power outlets,45.0,exact_dynamic_programming,11.0,11.0,0.0,10.0876,20.0,30.0876,1,True,0.1475,Kings Court English College House -> Levine Hall -> Claudia Cohen Hall
940,Kings Court English College House,Claudia Cohen Hall,Power outlets,45.0,greedy_reward_per_minute,11.0,11.0,0.0,10.0876,20.0,30.0876,1,True,0.0126,Kings Court English College House -> Levine Hall -> Claudia Cohen Hall
940,Kings Court English College House,Claudia Cohen Hall,Power outlets,45.0,nearest,11.0,11.0,0.0,5.1539,25.0,30.1539,1,True,0.008,Kings Court English College House -> Van Pelt Library -> Claudia Cohen Hall
941,Kings Court English College House,Claudia Cohen Hall,Power outlets,60.0,exact_dynamic_programming,22.0,22.0,0.0,10.9225,45.0,55.9225,2,True,0.1793,Kings Court English College House -> Levine Hall -> Van Pelt Library -> Claudia Cohen Hall
941,Kings Court English College House,Claudia Cohen Hall,Power outlets,60.0,greedy_reward_per_minute,22.0,22.0,0.0,10.9225,45.0,55.9225,2,True,0.0163,Kings Court English College House -> Levine Hall -> Van Pelt Library -> Claudia Cohen Hall
941,Kings Court English College House,Claudia Cohen Hall,Power outlets,60.0,nearest,19.8,22.0,10.0,6.974,50.0,56.974,2,True,0.01,Kings Court English College House -> Van Pelt Library -> Fisher Fine Arts Library -> Claudia Cohen Hall
942,Kings Court English College House,Claudia Cohen Hall,Power outlets,90.0,exact_dynamic_programming,33.0,33.0,0.0,19.169,70.0,89.169,3,True,0.277,Kings Court English College House -> Levine Hall -> Van Pelt Library -> Holman Biotech Commons -> Claudia Cohen Hall
942,Kings Court English College House,Claudia Cohen Hall,Power outlets,90.0,greedy_reward_per_minute,33.0,33.0,0.0,19.169,70.0,89.169,3,True,0.0244,Kings Court English College House -> Levine Hall -> Van Pelt Library -> Holman Biotech Commons -> Claudia Cohen Hall
942,Kings Court English College House,Claudia Cohen Hall,Power outlets,90.0,nearest,26.4,33.0,20.0,7.5492,70.0,77.5492,3,True,0.012,Kings Court English College House -> Van Pelt Library -> Fisher Fine Arts Library -> Houston Hall -> Claudia Cohen Hall
943,Kings Court English College House,Claudia Cohen Hall,No preference,45.0,exact_dynamic_programming,9.0,9.0,0.0,5.1539,25.0,30.1539,1,True,0.15,Kings Court English College House -> Van Pelt Library -> Claudia Cohen Hall
943,Kings Court English College House,Claudia Cohen Hall,No preference,45.0,greedy_reward_per_minute,8.1,9.0,10.0,6.3306,20.0,26.3306,1,True,0.0132,Kings Court English College House -> Houston Hall -> Claudia Cohen Hall
943,Kings Court English College House,Claudia Cohen Hall,No preference,45.0,nearest,9.0,9.0,0.0,5.1539,25.0,30.1539,1,True,0.008,Kings Court English College House -> Van Pelt Library -> Claudia Cohen Hall
944,Kings Court English College House,Claudia Cohen Hall,No preference,60.0,exact_dynamic_programming,17.5,17.5,0.0,10.9225,45.0,55.9225,2,True,0.1926,Kings Court English College House -> Levine Hall -> Van Pelt Library -> Claudia Cohen Hall
944,Kings Court English College House,Claudia Cohen Hall,No preference,60.0,greedy_reward_per_minute,17.1,17.5,2.2857,10.088,45.0,55.088,2,True,0.0176,Kings Court English College House -> Houston Hall -> Van Pelt Library -> Claudia Cohen Hall
944,Kings Court English College House,Claudia Cohen Hall,No preference,60.0,nearest,16.3,17.5,6.8571,6.974,50.0,56.974,2,True,0.01,Kings Court English College House -> Van Pelt Library -> Fisher Fine Arts Library -> Claudia Cohen Hall
945,Kings Court English College House,Claudia Cohen Hall,No preference,90.0,exact_dynamic_programming,26.5,26.5,0.0,19.169,70.0,89.169,3,True,0.2907,Kings Court English College House -> Levine Hall -> Van Pelt Library -> Holman Biotech Commons -> Claudia Cohen Hall
945,Kings Court English College House,Claudia Cohen Hall,No preference,90.0,greedy_reward_per_minute,25.6,26.5,3.3962,17.1155,65.0,82.1155,3,True,0.0214,Kings Court English College House -> Houston Hall -> Van Pelt Library -> Levine Hall -> Claudia Cohen Hall
945,Kings Court English College House,Claudia Cohen Hall,No preference,90.0,nearest,24.4,26.5,7.9245,7.5492,70.0,77.5492,3,True,0.0121,Kings Court English College House -> Van Pelt Library -> Fisher Fine Arts Library -> Houston Hall -> Claudia Cohen Hall
946,Kings Court English College House,Annenberg School of Communication,Quiet,45.0,exact_dynamic_programming,11.0,11.0,0.0,4.9937,25.0,29.9937,1,True,0.2343,Kings Court English College House -> Van Pelt Library -> Annenberg School of Communication
946,Kings Court English College House,Annenberg School of Communication,Quiet,45.0,greedy_reward_per_minute,11.0,11.0,0.0,4.9937,25.0,29.9937,1,True,0.0135,Kings Court English College House -> Van Pelt Library -> Annenberg School of Communication
946,Kings Court English College House,Annenberg School of Communication,Quiet,45.0,nearest,11.0,11.0,0.0,4.9937,25.0,29.9937,1,True,0.0079,Kings Court English College House -> Van Pelt Library -> Annenberg School of Communication
947,Kings Court English College House,Annenberg School of Communication,Quiet,60.0,exact_dynamic_programming,21.8,21.8,0.0,8.4145,50.0,58.4145,2,True,0.2006,Kings Court English College House -> Van Pelt Library -> Fisher Fine Arts Library -> Annenberg School of Communication
947,Kings Court English College House,Annenberg School of Communication,Quiet,60.0,greedy_reward_per_minute,21.8,21.8,0.0,8.4145,50.0,58.4145,2,True,0.0176,Kings Court English College House -> Van Pelt Library -> Fisher Fine Arts Library -> Annenberg School of Communication
947,Kings Court English College House,Annenberg School of Communication,Quiet,60.0,nearest,21.8,21.8,0.0,8.4145,50.0,58.4145,2,True,0.0103,Kings Court English College House -> Van Pelt Library -> Fisher Fine Arts Library -> Annenberg School of Communication
948,Kings Court English College House,Annenberg School of Communication,Quiet,90.0,exact_dynamic_programming,28.8,28.8,0.0,12.0692,70.0,82.0692,3,True,0.3051,Kings Court English College House -> Levine Hall -> Fisher Fine Arts Library -> Van Pelt Library -> Annenberg School of Communication
948,Kings Court English College House,Annenberg School of Communication,Quiet,90.0,greedy_reward_per_minute,28.8,28.8,0.0,14.0222,70.0,84.0222,3,True,0.021,Kings Court English College House -> Van Pelt Library -> Fisher Fine Arts Library -> Levine Hall -> Annenberg School of Communication
948,Kings Court English College House,Annenberg School of Communication,Quiet,90.0,nearest,26.4,28.8,8.3333,10.501,70.0,80.501,3,True,0.0121,Kings Court English College House -> Van Pelt Library -> Fisher Fine Arts Library -> Houston Hall -> Annenberg School of Communication
949,Kings Court English College House,Annenberg School of Communication,Collaborative,45.0,exact_dynamic_programming,10.8,10.8,0.0,7.4048,20.0,27.4048,1,True,0.1536,Kings Court English College House -> Huntsman Hall -> Annenberg School of Communication
949,Kings Court English College House,Annenberg School of Communication,Collaborative,45.0,greedy_reward_per_minute,10.8,10.8,0.0,7.4048,20.0,27.4048,1,True,0.013,Kings Court English College House -> Huntsman Hall -> Annenberg School of Communication
949,Kings Court English College House,Annenberg School of Communication,Collaborative,45.0,nearest,7.0,10.8,35.1852,4.9937,25.0,29.9937,1,True,0.0083,Kings Court English College House -> Van Pelt Library -> Annenberg School of Communication
950,Kings Court English College House,Annenberg School of Communication,Collaborative,60.0,exact_dynamic_programming,21.4,21.4,0.0,15.0334,40.0,55.0334,2,True,0.1879,Kings Court English College House -> Houston Hall -> Huntsman Hall -> Annenberg School of Communication
950,Kings Court English College House,Annenberg School of Communication,Collaborative,60.0,greedy_reward_per_minute,21.4,21.4,0.0,15.127,40.0,55.127,2,True,0.0171,Kings Court English College House -> Huntsman Hall -> Houston Hall -> Annenberg School of Communication
950,Kings Court English College House,Annenberg School of Communication,Collaborative,60.0,nearest,11.8,21.4,44.8598,8.4145,50.0,58.4145,2,True,0.0099,Kings Court English College House -> Van Pelt Library -> Fisher Fine Arts Library -> Annenberg School of Communication
951,Kings Court English College House,Annenberg School of Communication,Collaborative,90.0,exact_dynamic_programming,30.4,30.4,0.0,19.2142,60.0,79.2142,3,True,0.2917,Kings Court English College House -> Levine Hall -> Houston Hall -> Huntsman Hall -> Annenberg School of Communication
951,Kings Court English College House,Annenberg School of Communication,Collaborative,90.0,greedy_reward_per_minute,30.4,30.4,0.0,21.2727,60.0,81.2727,3,True,0.0205,Kings Court English College House -> Huntsman Hall -> Houston Hall -> Levine Hall -> Annenberg School of Communication
951,Kings Court English College House,Annenberg School of Communication,Collaborative,90.0,nearest,22.4,30.4,26.3158,10.501,70.0,80.501,3,True,0.0115,Kings Court English College House -> Van Pelt Library -> Fisher Fine Arts Library -> Houston Hall -> Annenberg School of Communication
952,Kings Court English College House,Annenberg School of Communication,Coffee nearby,45.0,exact_dynamic_programming,10.6,10.6,0.0,9.2824,20.0,29.2824,1,True,0.1475,Kings Court English College House -> Houston Hall -> Annenberg School of Communication
952,Kings Court English College House,Annenberg School of Communication,Coffee nearby,45.0,greedy_reward_per_minute,10.6,10.6,0.0,9.2824,20.0,29.2824,1,True,0.0123,Kings Court English College House -> Houston Hall -> Annenberg School of Communication
952,Kings Court English College House,Annenberg School of Communication,Coffee nearby,45.0,nearest,7.0,10.6,33.9623,4.9937,25.0,29.9937,1,True,0.008,Kings Court English College House -> Van Pelt Library -> Annenberg School of Communication
953,Kings Court English College House,Annenberg School of Communication,Coffee nearby,60.0,exact_dynamic_programming,19.4,19.4,0.0,15.0334,40.0,55.0334,2,True,0.1811,Kings Court English College House -> Houston Hall -> Huntsman Hall -> Annenberg School of Communication
953,Kings Court English College House,Annenberg School of Communication,Coffee nearby,60.0,greedy_reward_per_minute,19.4,19.4,0.0,15.0334,40.0,55.0334,2,True,0.0168,Kings Court English College House -> Houston Hall -> Huntsman Hall -> Annenberg School of Communication
953,Kings Court English College House,Annenberg School of Communication,Coffee nearby,60.0,nearest,11.8,19.4,39.1753,8.4145,50.0,58.4145,2,True,0.0101,Kings Court English College House -> Van Pelt Library -> Fisher Fine Arts Library -> Annenberg School of Communication
954,Kings Court English College House,Annenberg School of Communication,Coffee nearby,90.0,exact_dynamic_programming,26.4,26.4,0.0,19.2142,60.0,79.2142,3,True,0.2803,Kings Court English College House -> Levine Hall -> Houston Hall -> Huntsman Hall -> Annenberg School of Communication
954,Kings Court English College House,Annenberg School of Communication,Coffee nearby,90.0,greedy_reward_per_minute,26.4,26.4,0.0,18.6756,65.0,83.6756,3,True,0.0203,Kings Court English College House -> Houston Hall -> Huntsman Hall -> Van Pelt Library -> Annenberg School of Communication
954,Kings Court English College House,Annenberg School of Communication,Coffee nearby,90.0,nearest,22.4,26.4,15.1515,10.501,70.0,80.501,3,True,0.0116,Kings Court English College House -> Van Pelt Library -> Fisher Fine Arts Library -> Houston Hall -> Annenberg School of Communication
955,Kings Court English College House,Annenberg School of Communication,Power outlets,45.0,exact_dynamic_programming,11.0,11.0,0.0,4.9937,25.0,29.9937,1,True,0.1579,Kings Court English College House -> Van Pelt Library -> Annenberg School of Communication
955,Kings Court English College House,Annenberg School of Communication,Power outlets,45.0,greedy_reward_per_minute,11.0,11.0,0.0,4.9937,25.0,29.9937,1,True,0.0122,Kings Court English College House -> Van Pelt Library -> Annenberg School of Communication
955,Kings Court English College House,Annenberg School of Communication,Power outlets,45.0,nearest,11.0,11.0,0.0,4.9937,25.0,29.9937,1,True,0.0078,Kings Court English College House -> Van Pelt Library -> Annenberg School of Communication
956,Kings Court English College House,Annenberg School of Communication,Power outlets,60.0,exact_dynamic_programming,22.0,22.0,0.0,10.7623,45.0,55.7623,2,True,0.1851,Kings Court English College House -> Levine Hall -> Van Pelt Library -> Annenberg School of Communication
956,Kings Court English College House,Annenberg School of Communication,Power outlets,60.0,greedy_reward_per_minute,22.0,22.0,0.0,12.7153,45.0,57.7153,2,True,0.0171,Kings Court English College House -> Van Pelt Library -> Levine Hall -> Annenberg School of Communication
956,Kings Court English College House,Annenberg School of Communication,Power outlets,60.0,nearest,19.8,22.0,10.0,8.4145,50.0,58.4145,2,True,0.0103,Kings Court English College House -> Van Pelt Library -> Fisher Fine Arts Library -> Annenberg School of Communication
957,Kings Court English College House,Annenberg School of Communication,Power outlets,90.0,exact_dynamic_programming,33.0,33.0,0.0,19.5864,70.0,89.5864,3,True,0.2916,Kings Court English College House -> Levine Hall -> Van Pelt Library -> Holman Biotech Commons -> Annenberg School of Communication
957,Kings Court English College House,Annenberg School of Communication,Power outlets,90.0,greedy_reward_per_minute,30.8,33.0,6.6667,14.9899,65.0,79.9899,3,True,0.0206,Kings Court English College House -> Van Pelt Library -> Levine Hall -> Towne Building -> Annenberg School of Communication
957,Kings Court English College House,Annenberg School of Communication,Power outlets,90.0,nearest,26.4,33.0,20.0,10.501,70.0,80.501,3,True,0.0122,Kings Court English College House -> Van Pelt Library -> Fisher Fine Arts Library -> Houston Hall -> Annenberg School of Communication
958,Kings Court English College House,Annenberg School of Communication,No preference,45.0,exact_dynamic_programming,9.0,9.0,0.0,4.9937,25.0,29.9937,1,True,0.1523,Kings Court English College House -> Van Pelt Library -> Annenberg School of Communication
958,Kings Court English College House,Annenberg School of Communication,No preference,45.0,greedy_reward_per_minute,8.3,9.0,7.7778,7.4048,20.0,27.4048,1,True,0.0135,Kings Court English College House -> Huntsman Hall -> Annenberg School of Communication
958,Kings Court English College House,Annenberg School of Communication,No preference,45.0,nearest,9.0,9.0,0.0,4.9937,25.0,29.9937,1,True,0.008,Kings Court English College House -> Van Pelt Library -> Annenberg School of Communication
959,Kings Court English College House,Annenberg School of Communication,No preference,60.0,exact_dynamic_programming,17.5,17.5,0.0,10.7623,45.0,55.7623,2,True,0.1968,Kings Court English College House -> Levine Hall -> Van Pelt Library -> Annenberg School of Communication
959,Kings Court English College House,Annenberg School of Communication,No preference,60.0,greedy_reward_per_minute,17.3,17.5,1.1429,11.047,45.0,56.047,2,True,0.0174,Kings Court English College House -> Huntsman Hall -> Van Pelt Library -> Annenberg School of Communication
959,Kings Court English College House,Annenberg School of Communication,No preference,60.0,nearest,16.3,17.5,6.8571,8.4145,50.0,58.4145,2,True,0.01,Kings Court English College House -> Van Pelt Library -> Fisher Fine Arts Library -> Annenberg School of Communication
960,Kings Court English College House,Annenberg School of Communication,No preference,90.0,exact_dynamic_programming,26.5,26.5,0.0,19.5864,70.0,89.5864,3,True,0.3001,Kings Court English College House -> Levine Hall -> Van Pelt Library -> Holman Biotech Commons -> Annenberg School of Communication
960,Kings Court English College House,Annenberg School of Communication,No preference,90.0,greedy_reward_per_minute,25.4,26.5,4.1509,15.9692,65.0,80.9692,3,True,0.0218,Kings Court English College House -> Huntsman Hall -> Van Pelt Library -> Houston Hall -> Annenberg School of Communication
960,Kings Court English College House,Annenberg School of Communication,No preference,90.0,nearest,24.4,26.5,7.9245,10.501,70.0,80.501,3,True,0.0123,Kings Court English College House -> Van Pelt Library -> Fisher Fine Arts Library -> Houston Hall -> Annenberg School of Communication
